{
  "ConceptSets": [
    {
      "id": 12,
      "name": "[COVID19 v1] Influenza (including complications) - Conditions",
      "expression": {
        "items": [
          {
            "concept": {
              "CONCEPT_CLASS_ID": "Clinical Finding",
              "CONCEPT_CODE": "309789002",
              "CONCEPT_ID": 4146943,
              "CONCEPT_NAME": "Encephalitis due to influenza",
              "DOMAIN_ID": "Condition",
              "INVALID_REASON_CAPTION": "Unknown",
              "STANDARD_CONCEPT": "S",
              "STANDARD_CONCEPT_CAPTION": "Standard",
              "VOCABULARY_ID": "SNOMED"
            },
            "includeDescendants": true
          },
          {
            "concept": {
              "CONCEPT_CLASS_ID": "Clinical Finding",
              "CONCEPT_CODE": "10677711000119101",
              "CONCEPT_ID": 46274061,
              "CONCEPT_NAME": "Encephalopathy due to Influenza A virus",
              "DOMAIN_ID": "Condition",
              "INVALID_REASON_CAPTION": "Unknown",
              "STANDARD_CONCEPT": "S",
              "STANDARD_CONCEPT_CAPTION": "Standard",
              "VOCABULARY_ID": "SNOMED"
            },
            "includeDescendants": true
          },
          {
            "concept": {
              "CONCEPT_CLASS_ID": "Clinical Finding",
              "CONCEPT_CODE": "6142004",
              "CONCEPT_ID": 4266367,
              "CONCEPT_NAME": "Influenza",
              "DOMAIN_ID": "Condition",
              "INVALID_REASON_CAPTION": "Unknown",
              "STANDARD_CONCEPT": "S",
              "STANDARD_CONCEPT_CAPTION": "Standard",
              "VOCABULARY_ID": "SNOMED"
            },
            "includeDescendants": true
          },
          {
            "concept": {
              "CONCEPT_CLASS_ID": "Clinical Finding",
              "CONCEPT_CODE": "738276008",
              "CONCEPT_ID": 42537960,
              "CONCEPT_NAME": "Influenza with CNS disorder",
              "DOMAIN_ID": "Condition",
              "INVALID_REASON_CAPTION": "Unknown",
              "STANDARD_CONCEPT": "S",
              "STANDARD_CONCEPT_CAPTION": "Standard",
              "VOCABULARY_ID": "SNOMED"
            },
            "includeDescendants": true
          },
          {
            "concept": {
              "CONCEPT_CLASS_ID": "Clinical Finding",
              "CONCEPT_CODE": "195929004",
              "CONCEPT_ID": 4112824,
              "CONCEPT_NAME": "Influenza with gastrointestinal tract involvement",
              "DOMAIN_ID": "Condition",
              "INVALID_REASON_CAPTION": "Unknown",
              "STANDARD_CONCEPT": "S",
              "STANDARD_CONCEPT_CAPTION": "Standard",
              "VOCABULARY_ID": "SNOMED"
            },
            "includeDescendants": true
          },
          {
            "concept": {
              "CONCEPT_CLASS_ID": "Clinical Finding",
              "CONCEPT_CODE": "78046005",
              "CONCEPT_ID": 4299935,
              "CONCEPT_NAME": "Myocarditis due to influenza virus",
              "DOMAIN_ID": "Condition",
              "INVALID_REASON_CAPTION": "Unknown",
              "STANDARD_CONCEPT": "S",
              "STANDARD_CONCEPT_CAPTION": "Standard",
              "VOCABULARY_ID": "SNOMED"
            },
            "includeDescendants": true
          },
          {
            "concept": {
              "CONCEPT_CLASS_ID": "Clinical Finding",
              "CONCEPT_CODE": "10624951000119108",
              "CONCEPT_ID": 46269706,
              "CONCEPT_NAME": "Otitis media due to influenza",
              "DOMAIN_ID": "Condition",
              "INVALID_REASON_CAPTION": "Unknown",
              "STANDARD_CONCEPT": "S",
              "STANDARD_CONCEPT_CAPTION": "Standard",
              "VOCABULARY_ID": "SNOMED"
            },
            "includeDescendants": true
          },
          {
            "concept": {
              "CONCEPT_CLASS_ID": "Clinical Finding",
              "CONCEPT_CODE": "434921000124108",
              "CONCEPT_ID": 763011,
              "CONCEPT_NAME": "Pneumonia due to Influenza A virus",
              "DOMAIN_ID": "Condition",
              "INVALID_REASON_CAPTION": "Unknown",
              "STANDARD_CONCEPT": "S",
              "STANDARD_CONCEPT_CAPTION": "Standard",
              "VOCABULARY_ID": "SNOMED"
            },
            "includeDescendants": true
          },
          {
            "concept": {
              "CONCEPT_CLASS_ID": "Clinical Finding",
              "CONCEPT_CODE": "230188005",
              "CONCEPT_ID": 4042202,
              "CONCEPT_NAME": "Post-influenza encephalitis",
              "DOMAIN_ID": "Condition",
              "INVALID_REASON_CAPTION": "Unknown",
              "STANDARD_CONCEPT": "S",
              "STANDARD_CONCEPT_CAPTION": "Standard",
              "VOCABULARY_ID": "SNOMED"
            },
            "isExcluded": true,
            "includeDescendants": true
          }
        ]
      }
    }
  ],
  "PrimaryCriteria": {
    "CriteriaList": [
      {
        "ConditionOccurrence": {
          "CodesetId": 12,
          "OccurrenceStartDate": {
            "Value": "2017-09-01",
            "Op": "gte"
          }
        }
      }
    ],
    "ObservationWindow": {
      "PriorDays": 0,
      "PostDays": 0
    },
    "PrimaryCriteriaLimit": {
      "Type": "All"
    }
  },
  "QualifiedLimit": {
    "Type": "All"
  },
  "ExpressionLimit": {
    "Type": "First"
  },
  "InclusionRules": [],
  "EndStrategy": {
    "DateOffset": {
      "DateField": "EndDate",
      "Offset": 0
    }
  },
  "CensoringCriteria": [],
  "CollapseSettings": {
    "CollapseType": "ERA",
    "EraPad": 0
  },
  "CensorWindow": {}
}