{
  "ConceptSets": [
    {
      "id": 0,
      "name": "TD1 LC",
      "expression": {
        "items": [
          {
            "concept": {
              "CONCEPT_CLASS_ID": "Clinical Finding",
              "CONCEPT_CODE": "46635009",
              "CONCEPT_ID": 201254,
              "CONCEPT_NAME": "Type 1 diabetes mellitus",
              "DOMAIN_ID": "Condition",
              "INVALID_REASON": "V",
              "INVALID_REASON_CAPTION": "Valid",
              "STANDARD_CONCEPT": "S",
              "STANDARD_CONCEPT_CAPTION": "Standard",
              "VOCABULARY_ID": "SNOMED"
            },
            "includeDescendants": true
          }
        ]
      }
    },
    {
      "id": 1,
      "name": "Insulin LC",
      "expression": {
        "items": [
          {
            "concept": {
              "CONCEPT_CLASS_ID": "ATC 3rd",
              "CONCEPT_CODE": "A10A",
              "CONCEPT_ID": 21600713,
              "CONCEPT_NAME": "INSULINS AND ANALOGUES",
              "DOMAIN_ID": "Drug",
              "INVALID_REASON": "V",
              "INVALID_REASON_CAPTION": "Valid",
              "STANDARD_CONCEPT": "C",
              "STANDARD_CONCEPT_CAPTION": "Classification",
              "VOCABULARY_ID": "ATC"
            },
            "includeDescendants": true
          }
        ]
      }
    }
  ],
  "PrimaryCriteria": {
    "CriteriaList": [
      {
        "ConditionOccurrence": {
          "CorrelatedCriteria": {
            "Type": "ALL",
            "CriteriaList": [
              {
                "Criteria": {
                  "DrugEra": {
                    "CodesetId": 1,
                    "EraStartDate": {
                      "Value": "2020-09-01",
                      "Op": "gte"
                    }
                  }
                },
                "StartWindow": {
                  "Start": {
                    "Coeff": -1
                  },
                  "End": {
                    "Coeff": 1
                  },
                  "UseEventEnd": false
                },
                "Occurrence": {
                  "Type": 2,
                  "Count": 1
                }
              }
            ],
            "DemographicCriteriaList": [],
            "Groups": []
          },
          "CodesetId": 0,
          "OccurrenceStartDate": {
            "Value": "2020-09-01",
            "Op": "gte"
          }
        }
      }
    ],
    "ObservationWindow": {
      "PriorDays": 0,
      "PostDays": 0
    },
    "PrimaryCriteriaLimit": {
      "Type": "First"
    }
  },
  "QualifiedLimit": {
    "Type": "First"
  },
  "ExpressionLimit": {
    "Type": "First"
  },
  "InclusionRules": [],
  "CensoringCriteria": [],
  "CollapseSettings": {
    "CollapseType": "ERA",
    "EraPad": 0
  },
  "CensorWindow": {},
  "cdmVersionRange": ">=5.0.0"
}
