{
 "cdmVersionRange": ">=5.0.0",
"PrimaryCriteria": {
 "CriteriaList": [
 {
 "ConditionOccurrence": {
 "CodesetId":                       12,
"ConditionTypeExclude": false,
  "OccurrenceStartDate": {
    "Value": "2025-01-01",
    "Op": "lt"
    }
}
}
],
"ObservationWindow": {
 "PriorDays":                        0,
"PostDays":                        0
},
"PrimaryCriteriaLimit": {
 "Type": "All"
}
},
"ConceptSets": [
 {
 "id":                       12,
"name": "[Long COVID] Dyspnea - PHOEBE'd",
"expression": {
 "items": [
 {
 "concept": {
 "CONCEPT_ID":                 45772947,
"CONCEPT_NAME": "Acute respiratory distress in newborn",
"STANDARD_CONCEPT": "S",
"STANDARD_CONCEPT_CAPTION": "Standard",
"INVALID_REASON": "V",
"INVALID_REASON_CAPTION": "Valid",
"CONCEPT_CODE": "707540007",
"DOMAIN_ID": "Condition",
"VOCABULARY_ID": "SNOMED",
"CONCEPT_CLASS_ID": "Clinical Finding"
},
"isExcluded": true,
"includeDescendants": false,
"includeMapped": false
},
{
 "concept": {
 "CONCEPT_ID":                 42539560,
"CONCEPT_NAME": "Mixed neonatal apnea",
"STANDARD_CONCEPT": "S",
"STANDARD_CONCEPT_CAPTION": "Standard",
"INVALID_REASON": "V",
"INVALID_REASON_CAPTION": "Valid",
"CONCEPT_CODE": "762287001",
"DOMAIN_ID": "Condition",
"VOCABULARY_ID": "SNOMED",
"CONCEPT_CLASS_ID": "Clinical Finding"
},
"isExcluded": true,
"includeDescendants": false,
"includeMapped": false
},
{
 "concept": {
 "CONCEPT_ID":                  4318857,
"CONCEPT_NAME": "Neonatal respiratory depression",
"STANDARD_CONCEPT": "S",
"STANDARD_CONCEPT_CAPTION": "Standard",
"INVALID_REASON": "V",
"INVALID_REASON_CAPTION": "Valid",
"CONCEPT_CODE": "95618001",
"DOMAIN_ID": "Condition",
"VOCABULARY_ID": "SNOMED",
"CONCEPT_CLASS_ID": "Clinical Finding"
},
"isExcluded": true,
"includeDescendants": false,
"includeMapped": false
},
{
 "concept": {
 "CONCEPT_ID":                   258866,
"CONCEPT_NAME": "Respiratory distress syndrome in the newborn",
"STANDARD_CONCEPT": "S",
"STANDARD_CONCEPT_CAPTION": "Standard",
"INVALID_REASON": "V",
"INVALID_REASON_CAPTION": "Valid",
"CONCEPT_CODE": "46775006",
"DOMAIN_ID": "Condition",
"VOCABULARY_ID": "SNOMED",
"CONCEPT_CLASS_ID": "Clinical Finding"
},
"isExcluded": true,
"includeDescendants": false,
"includeMapped": false
},
{
 "concept": {
 "CONCEPT_ID":                  4305080,
"CONCEPT_NAME": "Abnormal breathing",
"STANDARD_CONCEPT": "S",
"STANDARD_CONCEPT_CAPTION": "Standard",
"INVALID_REASON": "V",
"INVALID_REASON_CAPTION": "Valid",
"CONCEPT_CODE": "386813002",
"DOMAIN_ID": "Condition",
"VOCABULARY_ID": "SNOMED",
"CONCEPT_CLASS_ID": "Clinical Finding"
},
"isExcluded": false,
"includeDescendants": true,
"includeMapped": false
},
{
 "concept": {
 "CONCEPT_ID":                  4041664,
"CONCEPT_NAME": "Difficulty breathing",
"STANDARD_CONCEPT": "S",
"STANDARD_CONCEPT_CAPTION": "Standard",
"INVALID_REASON": "V",
"INVALID_REASON_CAPTION": "Valid",
"CONCEPT_CODE": "230145002",
"DOMAIN_ID": "Condition",
"VOCABULARY_ID": "SNOMED",
"CONCEPT_CLASS_ID": "Clinical Finding"
},
"isExcluded": false,
"includeDescendants": true,
"includeMapped": false
}
]
}
}
],
"QualifiedLimit": {
 "Type": "All"
},
"ExpressionLimit": {
 "Type": "All"
},
"InclusionRules": [],
"EndStrategy": {
 "DateOffset": {
 "DateField": "StartDate",
"Offset":                        0
}
},
"CensoringCriteria": [],
"CollapseSettings": {
 "CollapseType": "ERA",
"EraPad":                        0
},
"CensorWindow": {}
}
