{
 "cdmVersionRange": ">=5.0.0",
"PrimaryCriteria": {
 "CriteriaList": [
 {
 "ConditionOccurrence": {
 "CodesetId":                       22,
"ConditionTypeExclude": false,
           "OccurrenceStartDate": {
            "Value": "2025-01-01",
            "Op": "lt"
           } 
} 
} 
],
"ObservationWindow": {
 "PriorDays":                        0,
"PostDays":                        0 
},
"PrimaryCriteriaLimit": {
 "Type": "All" 
} 
},
"ConceptSets": [
 {
 "id":                       22,
"name": "[Long COVID] Muscle spasms and pain - V2",
"expression": {
 "items": [
 {
 "concept": {
 "CONCEPT_ID":                 37016663,
"CONCEPT_NAME": "Myalgia of pelvic floor",
"STANDARD_CONCEPT": "S",
"STANDARD_CONCEPT_CAPTION": "Standard",
"INVALID_REASON": "V",
"INVALID_REASON_CAPTION": "Valid",
"CONCEPT_CODE": "712752004",
"DOMAIN_ID": "Condition",
"VOCABULARY_ID": "SNOMED",
"CONCEPT_CLASS_ID": "Clinical Finding" 
},
"isExcluded": false,
"includeDescendants": false,
"includeMapped": false 
},
{
 "concept": {
 "CONCEPT_ID":                   315830,
"CONCEPT_NAME": "Prinzmetal angina",
"STANDARD_CONCEPT": "S",
"STANDARD_CONCEPT_CAPTION": "Standard",
"INVALID_REASON": "V",
"INVALID_REASON_CAPTION": "Valid",
"CONCEPT_CODE": "87343002",
"DOMAIN_ID": "Condition",
"VOCABULARY_ID": "SNOMED",
"CONCEPT_CLASS_ID": "Clinical Finding" 
},
"isExcluded": true,
"includeDescendants": true,
"includeMapped": false 
},
{
 "concept": {
 "CONCEPT_ID":                  4306496,
"CONCEPT_NAME": "Refractory infantile spasms",
"STANDARD_CONCEPT": "S",
"STANDARD_CONCEPT_CAPTION": "Standard",
"INVALID_REASON": "V",
"INVALID_REASON_CAPTION": "Valid",
"CONCEPT_CODE": "422527005",
"DOMAIN_ID": "Condition",
"VOCABULARY_ID": "SNOMED",
"CONCEPT_CLASS_ID": "Clinical Finding" 
},
"isExcluded": true,
"includeDescendants": true,
"includeMapped": false 
},
{
 "concept": {
 "CONCEPT_ID":                 46270370,
"CONCEPT_NAME": "Refractory infantile spasms co-occurrent with status epilepticus",
"STANDARD_CONCEPT": "S",
"STANDARD_CONCEPT_CAPTION": "Standard",
"INVALID_REASON": "V",
"INVALID_REASON_CAPTION": "Valid",
"CONCEPT_CODE": "290881000119103",
"DOMAIN_ID": "Condition",
"VOCABULARY_ID": "SNOMED",
"CONCEPT_CLASS_ID": "Clinical Finding" 
},
"isExcluded": true,
"includeDescendants": true,
"includeMapped": false 
},
{
 "concept": {
 "CONCEPT_ID":                  4312593,
"CONCEPT_NAME": "Secondary fibrositis",
"STANDARD_CONCEPT": "S",
"STANDARD_CONCEPT_CAPTION": "Standard",
"INVALID_REASON": "V",
"INVALID_REASON_CAPTION": "Valid",
"CONCEPT_CODE": "85879003",
"DOMAIN_ID": "Condition",
"VOCABULARY_ID": "SNOMED",
"CONCEPT_CLASS_ID": "Clinical Finding" 
},
"isExcluded": true,
"includeDescendants": true,
"includeMapped": false 
},
{
 "concept": {
 "CONCEPT_ID":                  4090870,
"CONCEPT_NAME": "Spasm of bladder",
"STANDARD_CONCEPT": "S",
"STANDARD_CONCEPT_CAPTION": "Standard",
"INVALID_REASON": "V",
"INVALID_REASON_CAPTION": "Valid",
"CONCEPT_CODE": "249297006",
"DOMAIN_ID": "Condition",
"VOCABULARY_ID": "SNOMED",
"CONCEPT_CLASS_ID": "Clinical Finding" 
},
"isExcluded": true,
"includeDescendants": true,
"includeMapped": false 
},
{
 "concept": {
 "CONCEPT_ID":                  4249605,
"CONCEPT_NAME": "Spasm of cerebral arteries",
"STANDARD_CONCEPT": "S",
"STANDARD_CONCEPT_CAPTION": "Standard",
"INVALID_REASON": "V",
"INVALID_REASON_CAPTION": "Valid",
"CONCEPT_CODE": "73173006",
"DOMAIN_ID": "Condition",
"VOCABULARY_ID": "SNOMED",
"CONCEPT_CLASS_ID": "Clinical Finding" 
},
"isExcluded": true,
"includeDescendants": true,
"includeMapped": false 
},
{
 "concept": {
 "CONCEPT_ID":                 43531610,
"CONCEPT_NAME": "Spasticity as sequela of stroke",
"STANDARD_CONCEPT": "S",
"STANDARD_CONCEPT_CAPTION": "Standard",
"INVALID_REASON": "V",
"INVALID_REASON_CAPTION": "Valid",
"CONCEPT_CODE": "108691000119102",
"DOMAIN_ID": "Condition",
"VOCABULARY_ID": "SNOMED",
"CONCEPT_CLASS_ID": "Clinical Finding" 
},
"isExcluded": true,
"includeDescendants": true,
"includeMapped": false 
},
{
 "concept": {
 "CONCEPT_ID":                  4300746,
"CONCEPT_NAME": "Spastic paralysis",
"STANDARD_CONCEPT": "S",
"STANDARD_CONCEPT_CAPTION": "Standard",
"INVALID_REASON": "V",
"INVALID_REASON_CAPTION": "Valid",
"CONCEPT_CODE": "78403003",
"DOMAIN_ID": "Condition",
"VOCABULARY_ID": "SNOMED",
"CONCEPT_CLASS_ID": "Clinical Finding" 
},
"isExcluded": true,
"includeDescendants": true,
"includeMapped": false 
},
{
 "concept": {
 "CONCEPT_ID":                  4196986,
"CONCEPT_NAME": "Stomach cramps",
"STANDARD_CONCEPT": "S",
"STANDARD_CONCEPT_CAPTION": "Standard",
"INVALID_REASON": "V",
"INVALID_REASON_CAPTION": "Valid",
"CONCEPT_CODE": "51197009",
"DOMAIN_ID": "Condition",
"VOCABULARY_ID": "SNOMED",
"CONCEPT_CLASS_ID": "Clinical Finding" 
},
"isExcluded": true,
"includeDescendants": true,
"includeMapped": false 
},
{
 "concept": {
 "CONCEPT_ID":                  4215494,
"CONCEPT_NAME": "Vasospasm",
"STANDARD_CONCEPT": "S",
"STANDARD_CONCEPT_CAPTION": "Standard",
"INVALID_REASON": "V",
"INVALID_REASON_CAPTION": "Valid",
"CONCEPT_CODE": "71772004",
"DOMAIN_ID": "Condition",
"VOCABULARY_ID": "SNOMED",
"CONCEPT_CLASS_ID": "Clinical Finding" 
},
"isExcluded": true,
"includeDescendants": true,
"includeMapped": false 
},
{
 "concept": {
 "CONCEPT_ID":                  4344370,
"CONCEPT_NAME": "Viral myalgia",
"STANDARD_CONCEPT": "S",
"STANDARD_CONCEPT_CAPTION": "Standard",
"INVALID_REASON": "V",
"INVALID_REASON_CAPTION": "Valid",
"CONCEPT_CODE": "240107001",
"DOMAIN_ID": "Condition",
"VOCABULARY_ID": "SNOMED",
"CONCEPT_CLASS_ID": "Clinical Finding" 
},
"isExcluded": true,
"includeDescendants": true,
"includeMapped": false 
},
{
 "concept": {
 "CONCEPT_ID":                 36674193,
"CONCEPT_NAME": "X-linked parkinsonism with spasticity syndrome",
"STANDARD_CONCEPT": "S",
"STANDARD_CONCEPT_CAPTION": "Standard",
"INVALID_REASON": "V",
"INVALID_REASON_CAPTION": "Valid",
"CONCEPT_CODE": "770757004",
"DOMAIN_ID": "Condition",
"VOCABULARY_ID": "SNOMED",
"CONCEPT_CLASS_ID": "Clinical Finding" 
},
"isExcluded": true,
"includeDescendants": true,
"includeMapped": false 
},
{
 "concept": {
 "CONCEPT_ID":                 37110783,
"CONCEPT_NAME": "X-linked spasticity, intellectual disability, epilepsy syndrome",
"STANDARD_CONCEPT": "S",
"STANDARD_CONCEPT_CAPTION": "Standard",
"INVALID_REASON": "V",
"INVALID_REASON_CAPTION": "Valid",
"CONCEPT_CODE": "725163002",
"DOMAIN_ID": "Condition",
"VOCABULARY_ID": "SNOMED",
"CONCEPT_CLASS_ID": "Clinical Finding" 
},
"isExcluded": true,
"includeDescendants": true,
"includeMapped": false 
},
{
 "concept": {
 "CONCEPT_ID":                  4331946,
"CONCEPT_NAME": "Menstrual cramp",
"STANDARD_CONCEPT": "S",
"STANDARD_CONCEPT_CAPTION": "Standard",
"INVALID_REASON": "V",
"INVALID_REASON_CAPTION": "Valid",
"CONCEPT_CODE": "431416001",
"DOMAIN_ID": "Condition",
"VOCABULARY_ID": "SNOMED",
"CONCEPT_CLASS_ID": "Clinical Finding" 
},
"isExcluded": true,
"includeDescendants": false,
"includeMapped": false 
},
{
 "concept": {
 "CONCEPT_ID":                   140821,
"CONCEPT_NAME": "Spasm",
"STANDARD_CONCEPT": "S",
"STANDARD_CONCEPT_CAPTION": "Standard",
"INVALID_REASON": "V",
"INVALID_REASON_CAPTION": "Valid",
"CONCEPT_CODE": "45352006",
"DOMAIN_ID": "Condition",
"VOCABULARY_ID": "SNOMED",
"CONCEPT_CLASS_ID": "Clinical Finding" 
},
"isExcluded": false,
"includeDescendants": true,
"includeMapped": false 
},
{
 "concept": {
 "CONCEPT_ID":                 19126203,
"CONCEPT_NAME": "camphor 20 MG/ML / menthol 10 MG/ML / methyl salicylate 49 MG/ML Topical Lotion [Banalg Muscle Pain Reliever]",
"STANDARD_CONCEPT": "S",
"STANDARD_CONCEPT_CAPTION": "Standard",
"INVALID_REASON": "V",
"INVALID_REASON_CAPTION": "Valid",
"CONCEPT_CODE": "702419",
"DOMAIN_ID": "Drug",
"VOCABULARY_ID": "RxNorm",
"CONCEPT_CLASS_ID": "Branded Drug" 
},
"isExcluded": false,
"includeDescendants": false,
"includeMapped": false 
},
{
 "concept": {
 "CONCEPT_ID":                  4186213,
"CONCEPT_NAME": "Jaw claudication",
"STANDARD_CONCEPT": "S",
"STANDARD_CONCEPT_CAPTION": "Standard",
"INVALID_REASON": "V",
"INVALID_REASON_CAPTION": "Valid",
"CONCEPT_CODE": "43922008",
"DOMAIN_ID": "Condition",
"VOCABULARY_ID": "SNOMED",
"CONCEPT_CLASS_ID": "Clinical Finding" 
},
"isExcluded": false,
"includeDescendants": false,
"includeMapped": false 
},
{
 "concept": {
 "CONCEPT_ID":                  4024566,
"CONCEPT_NAME": "Muscle finding",
"STANDARD_CONCEPT": "S",
"STANDARD_CONCEPT_CAPTION": "Standard",
"INVALID_REASON": "V",
"INVALID_REASON_CAPTION": "Valid",
"CONCEPT_CODE": "106030000",
"DOMAIN_ID": "Condition",
"VOCABULARY_ID": "SNOMED",
"CONCEPT_CLASS_ID": "Clinical Finding" 
},
"isExcluded": false,
"includeDescendants": false,
"includeMapped": false 
},
{
 "concept": {
 "CONCEPT_ID":                   255348,
"CONCEPT_NAME": "Polymyalgia rheumatica",
"STANDARD_CONCEPT": "S",
"STANDARD_CONCEPT_CAPTION": "Standard",
"INVALID_REASON": "V",
"INVALID_REASON_CAPTION": "Valid",
"CONCEPT_CODE": "65323003",
"DOMAIN_ID": "Condition",
"VOCABULARY_ID": "SNOMED",
"CONCEPT_CLASS_ID": "Clinical Finding" 
},
"isExcluded": false,
"includeDescendants": true,
"includeMapped": false 
},
{
 "concept": {
 "CONCEPT_ID":                  4035960,
"CONCEPT_NAME": "Acute bronchiolitis with bronchospasm",
"STANDARD_CONCEPT": "S",
"STANDARD_CONCEPT_CAPTION": "Standard",
"INVALID_REASON": "V",
"INVALID_REASON_CAPTION": "Valid",
"CONCEPT_CODE": "15199004",
"DOMAIN_ID": "Condition",
"VOCABULARY_ID": "SNOMED",
"CONCEPT_CLASS_ID": "Clinical Finding" 
},
"isExcluded": true,
"includeDescendants": true,
"includeMapped": false 
},
{
 "concept": {
 "CONCEPT_ID":                 46273539,
"CONCEPT_NAME": "Acute bronchospasm",
"STANDARD_CONCEPT": "S",
"STANDARD_CONCEPT_CAPTION": "Standard",
"INVALID_REASON": "V",
"INVALID_REASON_CAPTION": "Valid",
"CONCEPT_CODE": "98641000119100",
"DOMAIN_ID": "Condition",
"VOCABULARY_ID": "SNOMED",
"CONCEPT_CLASS_ID": "Clinical Finding" 
},
"isExcluded": true,
"includeDescendants": true,
"includeMapped": false 
},
{
 "concept": {
 "CONCEPT_ID":                  4292397,
"CONCEPT_NAME": "Arteriospasm",
"STANDARD_CONCEPT": "S",
"STANDARD_CONCEPT_CAPTION": "Standard",
"INVALID_REASON": "V",
"INVALID_REASON_CAPTION": "Valid",
"CONCEPT_CODE": "3750006",
"DOMAIN_ID": "Condition",
"VOCABULARY_ID": "SNOMED",
"CONCEPT_CLASS_ID": "Clinical Finding" 
},
"isExcluded": true,
"includeDescendants": true,
"includeMapped": false 
},
{
 "concept": {
 "CONCEPT_ID":                   761827,
"CONCEPT_NAME": "Atherosclerosis of bypass graft of left lower limb with intermittent claudication",
"STANDARD_CONCEPT": "S",
"STANDARD_CONCEPT_CAPTION": "Standard",
"INVALID_REASON": "V",
"INVALID_REASON_CAPTION": "Valid",
"CONCEPT_CODE": "16014031000119109",
"DOMAIN_ID": "Condition",
"VOCABULARY_ID": "SNOMED",
"CONCEPT_CLASS_ID": "Clinical Finding" 
},
"isExcluded": true,
"includeDescendants": true,
"includeMapped": false 
},
{
 "concept": {
 "CONCEPT_ID":                  4091963,
"CONCEPT_NAME": "Bowel spasm",
"STANDARD_CONCEPT": "S",
"STANDARD_CONCEPT_CAPTION": "Standard",
"INVALID_REASON": "V",
"INVALID_REASON_CAPTION": "Valid",
"CONCEPT_CODE": "249531009",
"DOMAIN_ID": "Condition",
"VOCABULARY_ID": "SNOMED",
"CONCEPT_CLASS_ID": "Clinical Finding" 
},
"isExcluded": true,
"includeDescendants": true,
"includeMapped": false 
},
{
 "concept": {
 "CONCEPT_ID":                   256717,
"CONCEPT_NAME": "Bronchospasm",
"STANDARD_CONCEPT": "S",
"STANDARD_CONCEPT_CAPTION": "Standard",
"INVALID_REASON": "V",
"INVALID_REASON_CAPTION": "Valid",
"CONCEPT_CODE": "4386001",
"DOMAIN_ID": "Condition",
"VOCABULARY_ID": "SNOMED",
"CONCEPT_CLASS_ID": "Clinical Finding" 
},
"isExcluded": true,
"includeDescendants": true,
"includeMapped": false 
},
{
 "concept": {
 "CONCEPT_ID":                  4326264,
"CONCEPT_NAME": "Carpopedal spasm",
"STANDARD_CONCEPT": "S",
"STANDARD_CONCEPT_CAPTION": "Standard",
"INVALID_REASON": "V",
"INVALID_REASON_CAPTION": "Valid",
"CONCEPT_CODE": "75140002",
"DOMAIN_ID": "Condition",
"VOCABULARY_ID": "SNOMED",
"CONCEPT_CLASS_ID": "Clinical Finding" 
},
"isExcluded": true,
"includeDescendants": true,
"includeMapped": false 
},
{
 "concept": {
 "CONCEPT_ID":                 36676582,
"CONCEPT_NAME": "Childhood-onset spasticity with hyperglycinemia",
"STANDARD_CONCEPT": "S",
"STANDARD_CONCEPT_CAPTION": "Standard",
"INVALID_REASON": "V",
"INVALID_REASON_CAPTION": "Valid",
"CONCEPT_CODE": "773492007",
"DOMAIN_ID": "Condition",
"VOCABULARY_ID": "SNOMED",
"CONCEPT_CLASS_ID": "Clinical Finding" 
},
"isExcluded": true,
"includeDescendants": true,
"includeMapped": false 
},
{
 "concept": {
 "CONCEPT_ID":                  4019443,
"CONCEPT_NAME": "Colonospasm",
"STANDARD_CONCEPT": "S",
"STANDARD_CONCEPT_CAPTION": "Standard",
"INVALID_REASON": "V",
"INVALID_REASON_CAPTION": "Valid",
"CONCEPT_CODE": "1045000",
"DOMAIN_ID": "Condition",
"VOCABULARY_ID": "SNOMED",
"CONCEPT_CLASS_ID": "Clinical Finding" 
},
"isExcluded": true,
"includeDescendants": true,
"includeMapped": false 
},
{
 "concept": {
 "CONCEPT_ID":                  4164440,
"CONCEPT_NAME": "Congenital cardiospasm",
"STANDARD_CONCEPT": "S",
"STANDARD_CONCEPT_CAPTION": "Standard",
"INVALID_REASON": "V",
"INVALID_REASON_CAPTION": "Valid",
"CONCEPT_CODE": "45798009",
"DOMAIN_ID": "Condition",
"VOCABULARY_ID": "SNOMED",
"CONCEPT_CLASS_ID": "Clinical Finding" 
},
"isExcluded": true,
"includeDescendants": true,
"includeMapped": false 
},
{
 "concept": {
 "CONCEPT_ID":                  4005765,
"CONCEPT_NAME": "Congenital pyloric spasm",
"STANDARD_CONCEPT": "S",
"STANDARD_CONCEPT_CAPTION": "Standard",
"INVALID_REASON": "V",
"INVALID_REASON_CAPTION": "Valid",
"CONCEPT_CODE": "204670005",
"DOMAIN_ID": "Condition",
"VOCABULARY_ID": "SNOMED",
"CONCEPT_CLASS_ID": "Clinical Finding" 
},
"isExcluded": true,
"includeDescendants": true,
"includeMapped": false 
},
{
 "concept": {
 "CONCEPT_ID":                   134681,
"CONCEPT_NAME": "Diffuse spasm of esophagus",
"STANDARD_CONCEPT": "S",
"STANDARD_CONCEPT_CAPTION": "Standard",
"INVALID_REASON": "V",
"INVALID_REASON_CAPTION": "Valid",
"CONCEPT_CODE": "79962008",
"DOMAIN_ID": "Condition",
"VOCABULARY_ID": "SNOMED",
"CONCEPT_CLASS_ID": "Clinical Finding" 
},
"isExcluded": true,
"includeDescendants": true,
"includeMapped": false 
},
{
 "concept": {
 "CONCEPT_ID":                   258828,
"CONCEPT_NAME": "Eosinophilia myalgia syndrome",
"STANDARD_CONCEPT": "S",
"STANDARD_CONCEPT_CAPTION": "Standard",
"INVALID_REASON": "V",
"INVALID_REASON_CAPTION": "Valid",
"CONCEPT_CODE": "95416007",
"DOMAIN_ID": "Condition",
"VOCABULARY_ID": "SNOMED",
"CONCEPT_CLASS_ID": "Clinical Finding" 
},
"isExcluded": true,
"includeDescendants": true,
"includeMapped": false 
},
{
 "concept": {
 "CONCEPT_ID":                 45768908,
"CONCEPT_NAME": "Exercise induced bronchospasm",
"STANDARD_CONCEPT": "S",
"STANDARD_CONCEPT_CAPTION": "Standard",
"INVALID_REASON": "V",
"INVALID_REASON_CAPTION": "Valid",
"CONCEPT_CODE": "707440005",
"DOMAIN_ID": "Condition",
"VOCABULARY_ID": "SNOMED",
"CONCEPT_CLASS_ID": "Clinical Finding" 
},
"isExcluded": true,
"includeDescendants": true,
"includeMapped": false 
},
{
 "concept": {
 "CONCEPT_ID":                 40405599,
"CONCEPT_NAME": "Fibromyalgia",
"STANDARD_CONCEPT": "S",
"STANDARD_CONCEPT_CAPTION": "Standard",
"INVALID_REASON": "V",
"INVALID_REASON_CAPTION": "Valid",
"CONCEPT_CODE": "203082005",
"DOMAIN_ID": "Condition",
"VOCABULARY_ID": "SNOMED",
"CONCEPT_CLASS_ID": "Clinical Finding" 
},
"isExcluded": true,
"includeDescendants": true,
"includeMapped": false 
},
{
 "concept": {
 "CONCEPT_ID":                  4024992,
"CONCEPT_NAME": "Gastric spasm",
"STANDARD_CONCEPT": "S",
"STANDARD_CONCEPT_CAPTION": "Standard",
"INVALID_REASON": "V",
"INVALID_REASON_CAPTION": "Valid",
"CONCEPT_CODE": "196754001",
"DOMAIN_ID": "Condition",
"VOCABULARY_ID": "SNOMED",
"CONCEPT_CLASS_ID": "Clinical Finding" 
},
"isExcluded": true,
"includeDescendants": true,
"includeMapped": false 
},
{
 "concept": {
 "CONCEPT_ID":                  4093991,
"CONCEPT_NAME": "General finding of soft tissue",
"STANDARD_CONCEPT": "S",
"STANDARD_CONCEPT_CAPTION": "Standard",
"INVALID_REASON": "V",
"INVALID_REASON_CAPTION": "Valid",
"CONCEPT_CODE": "248402002",
"DOMAIN_ID": "Condition",
"VOCABULARY_ID": "SNOMED",
"CONCEPT_CLASS_ID": "Clinical Finding" 
},
"isExcluded": true,
"includeDescendants": true,
"includeMapped": false 
},
{
 "concept": {
 "CONCEPT_ID":                  4208994,
"CONCEPT_NAME": "Increased muscle tone",
"STANDARD_CONCEPT": "S",
"STANDARD_CONCEPT_CAPTION": "Standard",
"INVALID_REASON": "V",
"INVALID_REASON_CAPTION": "Valid",
"CONCEPT_CODE": "56731001",
"DOMAIN_ID": "Condition",
"VOCABULARY_ID": "SNOMED",
"CONCEPT_CLASS_ID": "Clinical Finding" 
},
"isExcluded": true,
"includeDescendants": true,
"includeMapped": false 
},
{
 "concept": {
 "CONCEPT_ID":                 37109663,
"CONCEPT_NAME": "Infantile spasm",
"STANDARD_CONCEPT": "S",
"STANDARD_CONCEPT_CAPTION": "Standard",
"INVALID_REASON": "V",
"INVALID_REASON_CAPTION": "Valid",
"CONCEPT_CODE": "723437000",
"DOMAIN_ID": "Condition",
"VOCABULARY_ID": "SNOMED",
"CONCEPT_CLASS_ID": "Clinical Finding" 
},
"isExcluded": true,
"includeDescendants": true,
"includeMapped": false 
},
{
 "concept": {
 "CONCEPT_ID":                 36674719,
"CONCEPT_NAME": "Infantile spasm and broad thumb syndrome",
"STANDARD_CONCEPT": "S",
"STANDARD_CONCEPT_CAPTION": "Standard",
"INVALID_REASON": "V",
"INVALID_REASON_CAPTION": "Valid",
"CONCEPT_CODE": "770438007",
"DOMAIN_ID": "Condition",
"VOCABULARY_ID": "SNOMED",
"CONCEPT_CLASS_ID": "Clinical Finding" 
},
"isExcluded": true,
"includeDescendants": true,
"includeMapped": false 
},
{
 "concept": {
 "CONCEPT_ID":                 36717006,
"CONCEPT_NAME": "Intermittent claudication of bilateral lower limbs co-occurrent and due to atherosclerosis",
"STANDARD_CONCEPT": "S",
"STANDARD_CONCEPT_CAPTION": "Standard",
"INVALID_REASON": "V",
"INVALID_REASON_CAPTION": "Valid",
"CONCEPT_CODE": "12236951000119108",
"DOMAIN_ID": "Condition",
"VOCABULARY_ID": "SNOMED",
"CONCEPT_CLASS_ID": "Clinical Finding" 
},
"isExcluded": true,
"includeDescendants": true,
"includeMapped": false 
},
{
 "concept": {
 "CONCEPT_ID":                 36713056,
"CONCEPT_NAME": "Myalgia caused by statin",
"STANDARD_CONCEPT": "S",
"STANDARD_CONCEPT_CAPTION": "Standard",
"INVALID_REASON": "V",
"INVALID_REASON_CAPTION": "Valid",
"CONCEPT_CODE": "16462851000119106",
"DOMAIN_ID": "Condition",
"VOCABULARY_ID": "SNOMED",
"CONCEPT_CLASS_ID": "Clinical Finding" 
},
"isExcluded": true,
"includeDescendants": true,
"includeMapped": false 
},
{
 "concept": {
 "CONCEPT_ID":                  4316217,
"CONCEPT_NAME": "Primary fibromyalgia syndrome",
"STANDARD_CONCEPT": "S",
"STANDARD_CONCEPT_CAPTION": "Standard",
"INVALID_REASON": "V",
"INVALID_REASON_CAPTION": "Valid",
"CONCEPT_CODE": "95417003",
"DOMAIN_ID": "Condition",
"VOCABULARY_ID": "SNOMED",
"CONCEPT_CLASS_ID": "Clinical Finding" 
},
"isExcluded": true,
"includeDescendants": true,
"includeMapped": false 
} 
] 
} 
} 
],
"QualifiedLimit": {
 "Type": "All" 
},
"ExpressionLimit": {
 "Type": "All" 
},
"InclusionRules": [],
"EndStrategy": {
 "DateOffset": {
 "DateField": "StartDate",
"Offset":                        0 
} 
},
"CensoringCriteria": [],
"CollapseSettings": {
 "CollapseType": "ERA",
"EraPad":                        0 
},
"CensorWindow": {} 
}
