{
 "cdmVersionRange": ">=5.0.0",
"PrimaryCriteria": {
 "CriteriaList": [
 {
 "ConditionOccurrence": {
 "CodesetId":                       27,
"ConditionTypeExclude": false,
           "OccurrenceStartDate": {
            "Value": "2025-01-01",
            "Op": "lt"
           }
}
}
],
"ObservationWindow": {
 "PriorDays":                        0,
"PostDays":                        0
},
"PrimaryCriteriaLimit": {
 "Type": "All"
}
},
"ConceptSets": [
 {
 "id":                       27,
"name": "[Long COVID] Tachycardia w considerations",
"expression": {
 "items": [
 {
 "concept": {
 "CONCEPT_ID":                  4144463,
"CONCEPT_NAME": "Tachycardia-induced cardiomyopathy",
"STANDARD_CONCEPT": "S",
"STANDARD_CONCEPT_CAPTION": "Standard",
"INVALID_REASON": "V",
"INVALID_REASON_CAPTION": "Valid",
"CONCEPT_CODE": "426300009",
"DOMAIN_ID": "Condition",
"VOCABULARY_ID": "SNOMED",
"CONCEPT_CLASS_ID": "Clinical Finding"
},
"isExcluded": false,
"includeDescendants": true,
"includeMapped": false
},
{
 "concept": {
 "CONCEPT_ID":                  4140598,
"CONCEPT_NAME": "ECG: sinus tachycardia",
"STANDARD_CONCEPT": "S",
"STANDARD_CONCEPT_CAPTION": "Standard",
"INVALID_REASON": "V",
"INVALID_REASON_CAPTION": "Valid",
"CONCEPT_CODE": "427084000",
"DOMAIN_ID": "Condition",
"VOCABULARY_ID": "SNOMED",
"CONCEPT_CLASS_ID": "Clinical Finding"
},
"isExcluded": false,
"includeDescendants": true,
"includeMapped": false
},
{
 "concept": {
 "CONCEPT_ID":                   315643,
"CONCEPT_NAME": "Tachyarrhythmia",
"STANDARD_CONCEPT": "S",
"STANDARD_CONCEPT_CAPTION": "Standard",
"INVALID_REASON": "V",
"INVALID_REASON_CAPTION": "Valid",
"CONCEPT_CODE": "6285003",
"DOMAIN_ID": "Condition",
"VOCABULARY_ID": "SNOMED",
"CONCEPT_CLASS_ID": "Clinical Finding"
},
"isExcluded": false,
"includeDescendants": true,
"includeMapped": false
},
{
 "concept": {
 "CONCEPT_ID":                  4145510,
"CONCEPT_NAME": "EKG: supraventricular tachycardia",
"STANDARD_CONCEPT": "S",
"STANDARD_CONCEPT_CAPTION": "Standard",
"INVALID_REASON": "V",
"INVALID_REASON_CAPTION": "Valid",
"CONCEPT_CODE": "426761007",
"DOMAIN_ID": "Condition",
"VOCABULARY_ID": "SNOMED",
"CONCEPT_CLASS_ID": "Clinical Finding"
},
"isExcluded": false,
"includeDescendants": true,
"includeMapped": false
},
{
 "concept": {
 "CONCEPT_ID":                  4103295,
"CONCEPT_NAME": "Ventricular tachycardia",
"STANDARD_CONCEPT": "S",
"STANDARD_CONCEPT_CAPTION": "Standard",
"INVALID_REASON": "V",
"INVALID_REASON_CAPTION": "Valid",
"CONCEPT_CODE": "25569003",
"DOMAIN_ID": "Condition",
"VOCABULARY_ID": "SNOMED",
"CONCEPT_CLASS_ID": "Clinical Finding"
},
"isExcluded": false,
"includeDescendants": true,
"includeMapped": false
},
{
 "concept": {
 "CONCEPT_ID":                  4159659,
"CONCEPT_NAME": "Postural orthostatic tachycardia syndrome",
"STANDARD_CONCEPT": "S",
"STANDARD_CONCEPT_CAPTION": "Standard",
"INVALID_REASON": "V",
"INVALID_REASON_CAPTION": "Valid",
"CONCEPT_CODE": "371073003",
"DOMAIN_ID": "Condition",
"VOCABULARY_ID": "SNOMED",
"CONCEPT_CLASS_ID": "Clinical Finding"
},
"isExcluded": false,
"includeDescendants": true,
"includeMapped": false
},
{
 "concept": {
 "CONCEPT_ID":                  4171269,
"CONCEPT_NAME": "Atrial tachycardia",
"STANDARD_CONCEPT": "S",
"STANDARD_CONCEPT_CAPTION": "Standard",
"INVALID_REASON": "V",
"INVALID_REASON_CAPTION": "Valid",
"CONCEPT_CODE": "276796006",
"DOMAIN_ID": "Condition",
"VOCABULARY_ID": "SNOMED",
"CONCEPT_CLASS_ID": "Clinical Finding"
},
"isExcluded": false,
"includeDescendants": true,
"includeMapped": false
},
{
 "concept": {
 "CONCEPT_ID":                  4064871,
"CONCEPT_NAME": "EKG: ventricular tachycardia",
"STANDARD_CONCEPT": "S",
"STANDARD_CONCEPT_CAPTION": "Standard",
"INVALID_REASON": "V",
"INVALID_REASON_CAPTION": "Valid",
"CONCEPT_CODE": "164895002",
"DOMAIN_ID": "Condition",
"VOCABULARY_ID": "SNOMED",
"CONCEPT_CLASS_ID": "Clinical Finding"
},
"isExcluded": false,
"includeDescendants": true,
"includeMapped": false
},
{
 "concept": {
 "CONCEPT_ID":                   444070,
"CONCEPT_NAME": "Tachycardia",
"STANDARD_CONCEPT": "S",
"STANDARD_CONCEPT_CAPTION": "Standard",
"INVALID_REASON": "V",
"INVALID_REASON_CAPTION": "Valid",
"CONCEPT_CODE": "3424008",
"DOMAIN_ID": "Condition",
"VOCABULARY_ID": "SNOMED",
"CONCEPT_CLASS_ID": "Clinical Finding"
},
"isExcluded": false,
"includeDescendants": true,
"includeMapped": false
},
{
 "concept": {
 "CONCEPT_ID":                   315078,
"CONCEPT_NAME": "Palpitations",
"STANDARD_CONCEPT": "S",
"STANDARD_CONCEPT_CAPTION": "Standard",
"INVALID_REASON": "V",
"INVALID_REASON_CAPTION": "Valid",
"CONCEPT_CODE": "80313002",
"DOMAIN_ID": "Condition",
"VOCABULARY_ID": "SNOMED",
"CONCEPT_CLASS_ID": "Clinical Finding"
},
"isExcluded": false,
"includeDescendants": true,
"includeMapped": false
},
{
 "concept": {
 "CONCEPT_ID":                  4228448,
"CONCEPT_NAME": "Bradyarrhythmia",
"STANDARD_CONCEPT": "S",
"STANDARD_CONCEPT_CAPTION": "Standard",
"INVALID_REASON": "V",
"INVALID_REASON_CAPTION": "Valid",
"CONCEPT_CODE": "421869004",
"DOMAIN_ID": "Condition",
"VOCABULARY_ID": "SNOMED",
"CONCEPT_CLASS_ID": "Clinical Finding"
},
"isExcluded": true,
"includeDescendants": true,
"includeMapped": false
},
{
 "concept": {
 "CONCEPT_ID":                   317100,
"CONCEPT_NAME": "Fetal tachycardia",
"STANDARD_CONCEPT": "S",
"STANDARD_CONCEPT_CAPTION": "Standard",
"INVALID_REASON": "V",
"INVALID_REASON_CAPTION": "Valid",
"CONCEPT_CODE": "240298005",
"DOMAIN_ID": "Condition",
"VOCABULARY_ID": "SNOMED",
"CONCEPT_CLASS_ID": "Clinical Finding"
},
"isExcluded": true,
"includeDescendants": true,
"includeMapped": false
},
{
 "concept": {
 "CONCEPT_ID":                  4222125,
"CONCEPT_NAME": "Fetal tachycardia affecting management of mother",
"STANDARD_CONCEPT": "S",
"STANDARD_CONCEPT_CAPTION": "Standard",
"INVALID_REASON": "V",
"INVALID_REASON_CAPTION": "Valid",
"CONCEPT_CODE": "4006006",
"DOMAIN_ID": "Condition",
"VOCABULARY_ID": "SNOMED",
"CONCEPT_CLASS_ID": "Clinical Finding"
},
"isExcluded": true,
"includeDescendants": true,
"includeMapped": false
},
{
 "concept": {
 "CONCEPT_ID":                 43022053,
"CONCEPT_NAME": "Fetal supraventricular tachycardia with short ventriculoatrial interval",
"STANDARD_CONCEPT": "S",
"STANDARD_CONCEPT_CAPTION": "Standard",
"INVALID_REASON": "V",
"INVALID_REASON_CAPTION": "Valid",
"CONCEPT_CODE": "462169004",
"DOMAIN_ID": "Condition",
"VOCABULARY_ID": "SNOMED",
"CONCEPT_CLASS_ID": "Clinical Finding"
},
"isExcluded": true,
"includeDescendants": true,
"includeMapped": false
},
{
 "concept": {
 "CONCEPT_ID":                 43021733,
"CONCEPT_NAME": "Fetal supraventricular tachycardia with long ventriculoatrial interval",
"STANDARD_CONCEPT": "S",
"STANDARD_CONCEPT_CAPTION": "Standard",
"INVALID_REASON": "V",
"INVALID_REASON_CAPTION": "Valid",
"CONCEPT_CODE": "462170003",
"DOMAIN_ID": "Condition",
"VOCABULARY_ID": "SNOMED",
"CONCEPT_CLASS_ID": "Clinical Finding"
},
"isExcluded": true,
"includeDescendants": true,
"includeMapped": false
},
{
 "concept": {
 "CONCEPT_ID":                  4261842,
"CONCEPT_NAME": "Sick sinus syndrome",
"STANDARD_CONCEPT": "S",
"STANDARD_CONCEPT_CAPTION": "Standard",
"INVALID_REASON": "V",
"INVALID_REASON_CAPTION": "Valid",
"CONCEPT_CODE": "36083008",
"DOMAIN_ID": "Condition",
"VOCABULARY_ID": "SNOMED",
"CONCEPT_CLASS_ID": "Clinical Finding"
},
"isExcluded": true,
"includeDescendants": true,
"includeMapped": false
}
]
}
}
],
"QualifiedLimit": {
 "Type": "All"
},
"ExpressionLimit": {
 "Type": "All"
},
"InclusionRules": [],
"EndStrategy": {
 "DateOffset": {
 "DateField": "StartDate",
"Offset":                        0
}
},
"CensoringCriteria": [],
"CollapseSettings": {
 "CollapseType": "ERA",
"EraPad":                        0
},
"CensorWindow": {}
}
