{
  "ConceptSets": [
    {
      "id": 0,
      "name": "Any COVID-19 vaccine",
      "expression": {
        "items": [
          {
            "concept": {
              "CONCEPT_CLASS_ID": "Ingredient",
              "CONCEPT_CODE": "OMOP5051442",
              "CONCEPT_ID": 36118949,
              "CONCEPT_NAME": "COVID-19 vaccine, recombinant, full-length nanoparticle spike (S) protein, adjuvanted with Matrix-M",
              "DOMAIN_ID": "Drug",
              "INVALID_REASON": "V",
              "INVALID_REASON_CAPTION": "Valid",
              "STANDARD_CONCEPT": "S",
              "STANDARD_CONCEPT_CAPTION": "Standard",
              "VOCABULARY_ID": "RxNorm Extension"
            },
            "includeDescendants": true
          },
          {
            "concept": {
              "CONCEPT_CLASS_ID": "ATC 5th",
              "CONCEPT_CODE": "J07BX03",
              "CONCEPT_ID": 947817,
              "CONCEPT_NAME": "covid-19 vaccines; systemic",
              "DOMAIN_ID": "Drug",
              "INVALID_REASON": "V",
              "INVALID_REASON_CAPTION": "Valid",
              "STANDARD_CONCEPT": "C",
              "STANDARD_CONCEPT_CAPTION": "Classification",
              "VOCABULARY_ID": "ATC"
            },
            "includeDescendants": true
          },
          {
            "concept": {
              "CONCEPT_CLASS_ID": "CVX",
              "CONCEPT_CODE": "210",
              "CONCEPT_ID": 724905,
              "CONCEPT_NAME": "SARS-COV-2 (COVID-19) vaccine, vector non-replicating, recombinant spike protein-ChAdOx1, preservative free, 0.5 mL",
              "DOMAIN_ID": "Drug",
              "INVALID_REASON": "V",
              "INVALID_REASON_CAPTION": "Valid",
              "STANDARD_CONCEPT": "S",
              "STANDARD_CONCEPT_CAPTION": "Standard",
              "VOCABULARY_ID": "CVX"
            },
            "includeDescendants": true
          },
          {
            "concept": {
              "CONCEPT_CLASS_ID": "Clinical Drug Form",
              "CONCEPT_CODE": "OMOP5048606",
              "CONCEPT_ID": 36119722,
              "CONCEPT_NAME": "COVID-19 vaccine, recombinant, plant-derived Virus-Like Particle (VLP) spike (S) protein, adjuvanted with AS03 Injectable Suspension",
              "DOMAIN_ID": "Drug",
              "INVALID_REASON": "V",
              "INVALID_REASON_CAPTION": "Valid",
              "STANDARD_CONCEPT": "S",
              "STANDARD_CONCEPT_CAPTION": "Standard",
              "VOCABULARY_ID": "RxNorm Extension"
            },
            "includeDescendants": true
          },
          {
            "concept": {
              "CONCEPT_CLASS_ID": "Clinical Drug Form",
              "CONCEPT_CODE": "OMOP5048604",
              "CONCEPT_ID": 36119720,
              "CONCEPT_NAME": "COVID-19 vaccine, whole virus, inactivated, adjuvanted with Alum and CpG 1018 Injectable Suspension",
              "DOMAIN_ID": "Drug",
              "INVALID_REASON": "V",
              "INVALID_REASON_CAPTION": "Valid",
              "STANDARD_CONCEPT": "S",
              "STANDARD_CONCEPT_CAPTION": "Standard",
              "VOCABULARY_ID": "RxNorm Extension"
            },
            "includeDescendants": true
          }
        ]
      }
    }
  ],
  "PrimaryCriteria": {
    "CriteriaList": [
      {
        "DrugExposure": {
          "CodesetId": 0
        }
      }
    ],
    "ObservationWindow": {
      "PriorDays": 0,
      "PostDays": 0
    },
    "PrimaryCriteriaLimit": {
      "Type": "All"
    }
  },
  "QualifiedLimit": {
    "Type": "All"
  },
  "ExpressionLimit": {
    "Type": "All"
  },
  "InclusionRules": [],
  "EndStrategy": {
    "DateOffset": {
      "DateField": "StartDate",
      "Offset": 0
    }
  },
  "CensoringCriteria": [],
  "CollapseSettings": {
    "CollapseType": "ERA",
    "EraPad": 0
  },
  "CensorWindow": {},
  "cdmVersionRange": ">=5.0.0"
}
