{
  "ConceptSets": [
    {
      "id": 0,
      "name": "Asthma_Charybdis",
      "expression": {
        "items": [
          {
            "concept": {
              "CONCEPT_CLASS_ID": "Clinical Finding",
              "CONCEPT_CODE": "195967001",
              "CONCEPT_ID": 317009,
              "CONCEPT_NAME": "Asthma",
              "DOMAIN_ID": "Condition",
              "INVALID_REASON": "V",
              "INVALID_REASON_CAPTION": "Valid",
              "STANDARD_CONCEPT": "S",
              "STANDARD_CONCEPT_CAPTION": "Standard",
              "VOCABULARY_ID": "SNOMED"
            },
            "includeDescendants": true
          },
          {
            "concept": {
              "CONCEPT_CLASS_ID": "Clinical Finding",
              "CONCEPT_CODE": "367542003",
              "CONCEPT_ID": 4279553,
              "CONCEPT_NAME": "Eosinophilic asthma",
              "DOMAIN_ID": "Condition",
              "INVALID_REASON": "V",
              "INVALID_REASON_CAPTION": "Valid",
              "STANDARD_CONCEPT": "S",
              "STANDARD_CONCEPT_CAPTION": "Standard",
              "VOCABULARY_ID": "SNOMED"
            },
            "includeDescendants": true
          }
        ]
      }
    },
    {
      "id": 1,
      "name": "COPD_Charybdis",
      "expression": {
        "items": [
          {
            "concept": {
              "CONCEPT_CLASS_ID": "Clinical Finding",
              "CONCEPT_CODE": "13645005",
              "CONCEPT_ID": 255573,
              "CONCEPT_NAME": "Chronic obstructive lung disease",
              "DOMAIN_ID": "Condition",
              "INVALID_REASON": "V",
              "INVALID_REASON_CAPTION": "Valid",
              "STANDARD_CONCEPT": "S",
              "STANDARD_CONCEPT_CAPTION": "Standard",
              "VOCABULARY_ID": "SNOMED"
            },
            "includeDescendants": true
          },
          {
            "concept": {
              "CONCEPT_CLASS_ID": "Clinical Finding",
              "CONCEPT_CODE": "185086009",
              "CONCEPT_ID": 258780,
              "CONCEPT_NAME": "Emphysematous bronchitis",
              "DOMAIN_ID": "Condition",
              "INVALID_REASON": "V",
              "INVALID_REASON_CAPTION": "Valid",
              "STANDARD_CONCEPT": "S",
              "STANDARD_CONCEPT_CAPTION": "Standard",
              "VOCABULARY_ID": "SNOMED"
            },
            "includeDescendants": true
          }
        ]
      }
    },
    {
      "id": 2,
      "name": "SPL_Drug_Asthma_Prednisolon",
      "expression": {
        "items": [
          {
            "concept": {
              "CONCEPT_CLASS_ID": "Clinical Drug Form",
              "CONCEPT_CODE": "373575",
              "CONCEPT_ID": 40073454,
              "CONCEPT_NAME": "prednisolone Oral Solution",
              "DOMAIN_ID": "Drug",
              "INVALID_REASON": "V",
              "INVALID_REASON_CAPTION": "Valid",
              "STANDARD_CONCEPT": "S",
              "STANDARD_CONCEPT_CAPTION": "Standard",
              "VOCABULARY_ID": "RxNorm"
            },
            "includeDescendants": true
          },
          {
            "concept": {
              "CONCEPT_CLASS_ID": "Clinical Drug Form",
              "CONCEPT_CODE": "373578",
              "CONCEPT_ID": 40073458,
              "CONCEPT_NAME": "prednisolone Oral Tablet",
              "DOMAIN_ID": "Drug",
              "INVALID_REASON": "V",
              "INVALID_REASON_CAPTION": "Valid",
              "STANDARD_CONCEPT": "S",
              "STANDARD_CONCEPT_CAPTION": "Standard",
              "VOCABULARY_ID": "RxNorm"
            },
            "includeDescendants": true
          }
        ]
      }
    },
    {
      "id": 3,
      "name": "Asthma_Biologicals",
      "expression": {
        "items": [
          {
            "concept": {
              "CONCEPT_CLASS_ID": "Ingredient",
              "CONCEPT_CODE": "302379",
              "CONCEPT_ID": 1110942,
              "CONCEPT_NAME": "omalizumab",
              "DOMAIN_ID": "Drug",
              "INVALID_REASON": "V",
              "INVALID_REASON_CAPTION": "Valid",
              "STANDARD_CONCEPT": "S",
              "STANDARD_CONCEPT_CAPTION": "Standard",
              "VOCABULARY_ID": "RxNorm"
            },
            "includeDescendants": true
          },
          {
            "concept": {
              "CONCEPT_CLASS_ID": "Ingredient",
              "CONCEPT_CODE": "1720597",
              "CONCEPT_ID": 35606631,
              "CONCEPT_NAME": "mepolizumab",
              "DOMAIN_ID": "Drug",
              "INVALID_REASON": "V",
              "INVALID_REASON_CAPTION": "Valid",
              "STANDARD_CONCEPT": "S",
              "STANDARD_CONCEPT_CAPTION": "Standard",
              "VOCABULARY_ID": "RxNorm"
            },
            "includeDescendants": true
          },
          {
            "concept": {
              "CONCEPT_CLASS_ID": "Clinical Drug Form",
              "CONCEPT_CODE": "OMOP4712121",
              "CONCEPT_ID": 40745051,
              "CONCEPT_NAME": "reslizumab Injectable Solution",
              "DOMAIN_ID": "Drug",
              "INVALID_REASON": "V",
              "INVALID_REASON_CAPTION": "Valid",
              "STANDARD_CONCEPT": "S",
              "STANDARD_CONCEPT_CAPTION": "Standard",
              "VOCABULARY_ID": "RxNorm Extension"
            },
            "includeDescendants": true
          },
          {
            "concept": {
              "CONCEPT_CLASS_ID": "Clinical Drug Form",
              "CONCEPT_CODE": "1746892",
              "CONCEPT_ID": 35603985,
              "CONCEPT_NAME": "reslizumab Injection",
              "DOMAIN_ID": "Drug",
              "INVALID_REASON": "V",
              "INVALID_REASON_CAPTION": "Valid",
              "STANDARD_CONCEPT": "S",
              "STANDARD_CONCEPT_CAPTION": "Standard",
              "VOCABULARY_ID": "RxNorm"
            },
            "includeDescendants": true
          },
          {
            "concept": {
              "CONCEPT_CLASS_ID": "Ingredient",
              "CONCEPT_CODE": "1989100",
              "CONCEPT_ID": 792993,
              "CONCEPT_NAME": "benralizumab",
              "DOMAIN_ID": "Drug",
              "INVALID_REASON": "V",
              "INVALID_REASON_CAPTION": "Valid",
              "STANDARD_CONCEPT": "S",
              "STANDARD_CONCEPT_CAPTION": "Standard",
              "VOCABULARY_ID": "RxNorm"
            },
            "includeDescendants": true
          }
        ]
      }
    },
    {
      "id": 4,
      "name": "Chronic_bronchitis_bronchiectasis",
      "expression": {
        "items": [
          {
            "concept": {
              "CONCEPT_CLASS_ID": "Clinical Finding",
              "CONCEPT_CODE": "89099002",
              "CONCEPT_ID": 4230358,
              "CONCEPT_NAME": "Chronic allergic bronchitis",
              "DOMAIN_ID": "Condition",
              "INVALID_REASON": "V",
              "INVALID_REASON_CAPTION": "Valid",
              "STANDARD_CONCEPT": "S",
              "STANDARD_CONCEPT_CAPTION": "Standard",
              "VOCABULARY_ID": "SNOMED"
            },
            "includeDescendants": true
          },
          {
            "concept": {
              "CONCEPT_CLASS_ID": "Clinical Finding",
              "CONCEPT_CODE": "195949008",
              "CONCEPT_ID": 256448,
              "CONCEPT_NAME": "Chronic asthmatic bronchitis",
              "DOMAIN_ID": "Condition",
              "INVALID_REASON": "V",
              "INVALID_REASON_CAPTION": "Valid",
              "STANDARD_CONCEPT": "S",
              "STANDARD_CONCEPT_CAPTION": "Standard",
              "VOCABULARY_ID": "SNOMED"
            },
            "includeDescendants": true
          },
          {
            "concept": {
              "CONCEPT_CLASS_ID": "Clinical Finding",
              "CONCEPT_CODE": "63480004",
              "CONCEPT_ID": 255841,
              "CONCEPT_NAME": "Chronic bronchitis",
              "DOMAIN_ID": "Condition",
              "INVALID_REASON": "V",
              "INVALID_REASON_CAPTION": "Valid",
              "STANDARD_CONCEPT": "S",
              "STANDARD_CONCEPT_CAPTION": "Standard",
              "VOCABULARY_ID": "SNOMED"
            },
            "includeDescendants": true
          },
          {
            "concept": {
              "CONCEPT_CLASS_ID": "Answer",
              "CONCEPT_CODE": "LA10560-3",
              "CONCEPT_ID": 45882054,
              "CONCEPT_NAME": "Chronic Bronchitis",
              "DOMAIN_ID": "Meas Value",
              "INVALID_REASON": "V",
              "INVALID_REASON_CAPTION": "Valid",
              "STANDARD_CONCEPT": "S",
              "STANDARD_CONCEPT_CAPTION": "Standard",
              "VOCABULARY_ID": "LOINC"
            },
            "includeDescendants": true
          },
          {
            "concept": {
              "CONCEPT_CLASS_ID": "Clinical Finding",
              "CONCEPT_CODE": "52571006",
              "CONCEPT_ID": 4200851,
              "CONCEPT_NAME": "Chronic tracheobronchitis",
              "DOMAIN_ID": "Condition",
              "INVALID_REASON": "V",
              "INVALID_REASON_CAPTION": "Valid",
              "STANDARD_CONCEPT": "S",
              "STANDARD_CONCEPT_CAPTION": "Standard",
              "VOCABULARY_ID": "SNOMED"
            },
            "includeDescendants": true
          },
          {
            "concept": {
              "CONCEPT_CLASS_ID": "Clinical Finding",
              "CONCEPT_CODE": "61937009",
              "CONCEPT_ID": 261889,
              "CONCEPT_NAME": "Simple chronic bronchitis",
              "DOMAIN_ID": "Condition",
              "INVALID_REASON": "V",
              "INVALID_REASON_CAPTION": "Valid",
              "STANDARD_CONCEPT": "S",
              "STANDARD_CONCEPT_CAPTION": "Standard",
              "VOCABULARY_ID": "SNOMED"
            },
            "includeDescendants": true
          },
          {
            "concept": {
              "CONCEPT_CLASS_ID": "Clinical Finding",
              "CONCEPT_CODE": "36426008",
              "CONCEPT_ID": 4270139,
              "CONCEPT_NAME": "Subacute bronchitis",
              "DOMAIN_ID": "Condition",
              "INVALID_REASON": "V",
              "INVALID_REASON_CAPTION": "Valid",
              "STANDARD_CONCEPT": "S",
              "STANDARD_CONCEPT_CAPTION": "Standard",
              "VOCABULARY_ID": "SNOMED"
            },
            "includeDescendants": true
          },
          {
            "concept": {
              "CONCEPT_CLASS_ID": "Clinical Finding",
              "CONCEPT_CODE": "233628009",
              "CONCEPT_ID": 4052549,
              "CONCEPT_NAME": "Acquired bronchiectasis",
              "DOMAIN_ID": "Condition",
              "INVALID_REASON": "V",
              "INVALID_REASON_CAPTION": "Valid",
              "STANDARD_CONCEPT": "S",
              "STANDARD_CONCEPT_CAPTION": "Standard",
              "VOCABULARY_ID": "SNOMED"
            },
            "includeDescendants": true
          },
          {
            "concept": {
              "CONCEPT_CLASS_ID": "Clinical Finding",
              "CONCEPT_CODE": "714203003",
              "CONCEPT_ID": 37017852,
              "CONCEPT_NAME": "Acute bronchitis co-occurrent with bronchiectasis",
              "DOMAIN_ID": "Condition",
              "INVALID_REASON": "V",
              "INVALID_REASON_CAPTION": "Valid",
              "STANDARD_CONCEPT": "S",
              "STANDARD_CONCEPT_CAPTION": "Standard",
              "VOCABULARY_ID": "SNOMED"
            },
            "includeDescendants": true
          },
          {
            "concept": {
              "CONCEPT_CLASS_ID": "Clinical Finding",
              "CONCEPT_CODE": "445378003",
              "CONCEPT_ID": 40483342,
              "CONCEPT_NAME": "Acute exacerbation of bronchiectasis",
              "DOMAIN_ID": "Condition",
              "INVALID_REASON": "V",
              "INVALID_REASON_CAPTION": "Valid",
              "STANDARD_CONCEPT": "S",
              "STANDARD_CONCEPT_CAPTION": "Standard",
              "VOCABULARY_ID": "SNOMED"
            },
            "includeDescendants": true
          },
          {
            "concept": {
              "CONCEPT_CLASS_ID": "Clinical Finding",
              "CONCEPT_CODE": "51068008",
              "CONCEPT_ID": 4199450,
              "CONCEPT_NAME": "Adult bronchiectasis",
              "DOMAIN_ID": "Condition",
              "INVALID_REASON": "V",
              "INVALID_REASON_CAPTION": "Valid",
              "STANDARD_CONCEPT": "S",
              "STANDARD_CONCEPT_CAPTION": "Standard",
              "VOCABULARY_ID": "SNOMED"
            },
            "includeDescendants": true
          },
          {
            "concept": {
              "CONCEPT_CLASS_ID": "Clinical Finding",
              "CONCEPT_CODE": "12295008",
              "CONCEPT_ID": 256449,
              "CONCEPT_NAME": "Bronchiectasis",
              "DOMAIN_ID": "Condition",
              "INVALID_REASON": "V",
              "INVALID_REASON_CAPTION": "Valid",
              "STANDARD_CONCEPT": "S",
              "STANDARD_CONCEPT_CAPTION": "Standard",
              "VOCABULARY_ID": "SNOMED"
            },
            "includeDescendants": true
          },
          {
            "concept": {
              "CONCEPT_CLASS_ID": "Clinical Finding",
              "CONCEPT_CODE": "233629001",
              "CONCEPT_ID": 4052550,
              "CONCEPT_NAME": "Idiopathic bronchiectasis",
              "DOMAIN_ID": "Condition",
              "INVALID_REASON": "V",
              "INVALID_REASON_CAPTION": "Valid",
              "STANDARD_CONCEPT": "S",
              "STANDARD_CONCEPT_CAPTION": "Standard",
              "VOCABULARY_ID": "SNOMED"
            },
            "includeDescendants": true
          },
          {
            "concept": {
              "CONCEPT_CLASS_ID": "Clinical Finding",
              "CONCEPT_CODE": "233630006",
              "CONCEPT_ID": 4050876,
              "CONCEPT_NAME": "Obstructive bronchiectasis",
              "DOMAIN_ID": "Condition",
              "INVALID_REASON": "V",
              "INVALID_REASON_CAPTION": "Valid",
              "STANDARD_CONCEPT": "S",
              "STANDARD_CONCEPT_CAPTION": "Standard",
              "VOCABULARY_ID": "SNOMED"
            },
            "includeDescendants": true
          },
          {
            "concept": {
              "CONCEPT_CLASS_ID": "Clinical Finding",
              "CONCEPT_CODE": "195985008",
              "CONCEPT_ID": 4112671,
              "CONCEPT_NAME": "Post-infective bronchiectasis",
              "DOMAIN_ID": "Condition",
              "INVALID_REASON": "V",
              "INVALID_REASON_CAPTION": "Valid",
              "STANDARD_CONCEPT": "S",
              "STANDARD_CONCEPT_CAPTION": "Standard",
              "VOCABULARY_ID": "SNOMED"
            },
            "includeDescendants": true
          },
          {
            "concept": {
              "CONCEPT_CLASS_ID": "Clinical Finding",
              "CONCEPT_CODE": "195984007",
              "CONCEPT_ID": 4110637,
              "CONCEPT_NAME": "Recurrent bronchiectasis",
              "DOMAIN_ID": "Condition",
              "INVALID_REASON": "V",
              "INVALID_REASON_CAPTION": "Valid",
              "STANDARD_CONCEPT": "S",
              "STANDARD_CONCEPT_CAPTION": "Standard",
              "VOCABULARY_ID": "SNOMED"
            },
            "includeDescendants": true
          },
          {
            "concept": {
              "CONCEPT_CLASS_ID": "Clinical Finding",
              "CONCEPT_CODE": "23022004",
              "CONCEPT_ID": 257775,
              "CONCEPT_NAME": "Tuberculous bronchiectasis",
              "DOMAIN_ID": "Condition",
              "INVALID_REASON": "V",
              "INVALID_REASON_CAPTION": "Valid",
              "STANDARD_CONCEPT": "S",
              "STANDARD_CONCEPT_CAPTION": "Standard",
              "VOCABULARY_ID": "SNOMED"
            },
            "includeDescendants": true
          }
        ]
      }
    }
  ],
  "PrimaryCriteria": {
    "CriteriaList": [
      {
        "ConditionOccurrence": {
          "CorrelatedCriteria": {
            "Type": "AT_LEAST",
            "Count": 0,
            "CriteriaList": [
              {
                "Criteria": {
                  "DrugExposure": {
                    "CodesetId": 2
                  }
                },
                "StartWindow": {
                  "Start": {
                    "Days": 90,
                    "Coeff": -1
                  },
                  "End": {
                    "Days": 90,
                    "Coeff": 1
                  },
                  "UseEventEnd": false
                },
                "Occurrence": {
                  "Type": 2,
                  "Count": 1
                }
              },
              {
                "Criteria": {
                  "DrugExposure": {
                    "CodesetId": 3
                  }
                },
                "StartWindow": {
                  "Start": {
                    "Days": 90,
                    "Coeff": -1
                  },
                  "End": {
                    "Days": 90,
                    "Coeff": 1
                  },
                  "UseEventEnd": false
                },
                "Occurrence": {
                  "Type": 2,
                  "Count": 1
                }
              }
            ],
            "DemographicCriteriaList": [],
            "Groups": []
          },
          "CodesetId": 0,
          "OccurrenceStartDate": {
            "Value": "2016-01-01",
            "Op": "gte"
          },
          "ConditionStatus": []
        }
      },
      {
        "ConditionOccurrence": {
          "CodesetId": 1,
          "OccurrenceStartDate": {
            "Value": "2016-01-01",
            "Op": "gte"
          }
        }
      },
      {
        "ConditionOccurrence": {
          "CodesetId": 4
        }
      }
    ],
    "ObservationWindow": {
      "PriorDays": 0,
      "PostDays": 0
    },
    "PrimaryCriteriaLimit": {
      "Type": "First"
    }
  },
  "QualifiedLimit": {
    "Type": "First"
  },
  "ExpressionLimit": {
    "Type": "First"
  },
  "InclusionRules": [
    {
      "name": "use of high-does inhaled steroids/steroids tablets during the last year ",
      "expression": {
        "Type": "ALL",
        "CriteriaList": [
          {
            "Criteria": {
              "DrugExposure": {}
            },
            "StartWindow": {
              "Start": {
                "Coeff": -1
              },
              "End": {
                "Coeff": 1
              },
              "UseEventEnd": false
            },
            "Occurrence": {
              "Type": 2,
              "Count": 1
            }
          }
        ],
        "DemographicCriteriaList": [],
        "Groups": []
      }
    }
  ],
  "CensoringCriteria": [],
  "CollapseSettings": {
    "CollapseType": "ERA",
    "EraPad": 0
  },
  "CensorWindow": {},
  "cdmVersionRange": ">=5.0.0"
}