{
  "ConceptSets": [
    {
      "id": 0,
      "name": "DT2 LC",
      "expression": {
        "items": [
          {
            "concept": {
              "CONCEPT_CLASS_ID": "Clinical Finding",
              "CONCEPT_CODE": "73211009",
              "CONCEPT_ID": 201820,
              "CONCEPT_NAME": "Diabetes mellitus",
              "DOMAIN_ID": "Condition",
              "INVALID_REASON": "V",
              "INVALID_REASON_CAPTION": "Valid",
              "STANDARD_CONCEPT": "S",
              "STANDARD_CONCEPT_CAPTION": "Standard",
              "VOCABULARY_ID": "SNOMED"
            },
            "includeDescendants": true
          },
          {
            "concept": {
              "CONCEPT_CLASS_ID": "Clinical Finding",
              "CONCEPT_CODE": "74627003",
              "CONCEPT_ID": 442793,
              "CONCEPT_NAME": "Complication due to diabetes mellitus",
              "DOMAIN_ID": "Condition",
              "INVALID_REASON": "V",
              "INVALID_REASON_CAPTION": "Valid",
              "STANDARD_CONCEPT": "S",
              "STANDARD_CONCEPT_CAPTION": "Standard",
              "VOCABULARY_ID": "SNOMED"
            },
            "includeDescendants": true
          },
          {
            "concept": {
              "CONCEPT_CLASS_ID": "Clinical Finding",
              "CONCEPT_CODE": "268519009",
              "CONCEPT_ID": 443238,
              "CONCEPT_NAME": "Diabetic - poor control",
              "DOMAIN_ID": "Condition",
              "INVALID_REASON": "V",
              "INVALID_REASON_CAPTION": "Valid",
              "STANDARD_CONCEPT": "S",
              "STANDARD_CONCEPT_CAPTION": "Standard",
              "VOCABULARY_ID": "SNOMED"
            },
            "includeDescendants": true
          },
          {
            "concept": {
              "CONCEPT_CLASS_ID": "Clinical Finding",
              "CONCEPT_CODE": "46635009",
              "CONCEPT_ID": 201254,
              "CONCEPT_NAME": "Type 1 diabetes mellitus",
              "DOMAIN_ID": "Condition",
              "INVALID_REASON": "V",
              "INVALID_REASON_CAPTION": "Valid",
              "STANDARD_CONCEPT": "S",
              "STANDARD_CONCEPT_CAPTION": "Standard",
              "VOCABULARY_ID": "SNOMED"
            },
            "isExcluded": true,
            "includeDescendants": true
          },
          {
            "concept": {
              "CONCEPT_CLASS_ID": "Clinical Finding",
              "CONCEPT_CODE": "199223000",
              "CONCEPT_ID": 4058243,
              "CONCEPT_NAME": "Diabetes mellitus during pregnancy, childbirth and the puerperium",
              "DOMAIN_ID": "Condition",
              "INVALID_REASON": "V",
              "INVALID_REASON_CAPTION": "Valid",
              "STANDARD_CONCEPT": "S",
              "STANDARD_CONCEPT_CAPTION": "Standard",
              "VOCABULARY_ID": "SNOMED"
            },
            "isExcluded": true,
            "includeDescendants": true
          },
          {
            "concept": {
              "CONCEPT_CLASS_ID": "Clinical Finding",
              "CONCEPT_CODE": "420868002",
              "CONCEPT_ID": 435216,
              "CONCEPT_NAME": "Disorder due to type 1 diabetes mellitus",
              "DOMAIN_ID": "Condition",
              "INVALID_REASON": "V",
              "INVALID_REASON_CAPTION": "Valid",
              "STANDARD_CONCEPT": "S",
              "STANDARD_CONCEPT_CAPTION": "Standard",
              "VOCABULARY_ID": "SNOMED"
            },
            "isExcluded": true,
            "includeDescendants": true
          },
          {
            "concept": {
              "CONCEPT_CLASS_ID": "Clinical Finding",
              "CONCEPT_CODE": "444073006",
              "CONCEPT_ID": 40484648,
              "CONCEPT_NAME": "Type 1 diabetes mellitus uncontrolled",
              "DOMAIN_ID": "Condition",
              "INVALID_REASON": "V",
              "INVALID_REASON_CAPTION": "Valid",
              "STANDARD_CONCEPT": "S",
              "STANDARD_CONCEPT_CAPTION": "Standard",
              "VOCABULARY_ID": "SNOMED"
            },
            "isExcluded": true,
            "includeDescendants": true
          }
        ]
      }
    },
    {
      "id": 1,
      "name": "Antidiabetics oral LC",
      "expression": {
        "items": [
          {
            "concept": {
              "CONCEPT_CLASS_ID": "ATC 3rd",
              "CONCEPT_CODE": "A10B",
              "CONCEPT_ID": 21600744,
              "CONCEPT_NAME": "BLOOD GLUCOSE LOWERING DRUGS, EXCL. INSULINS",
              "DOMAIN_ID": "Drug",
              "INVALID_REASON": "V",
              "INVALID_REASON_CAPTION": "Valid",
              "STANDARD_CONCEPT": "C",
              "STANDARD_CONCEPT_CAPTION": "Classification",
              "VOCABULARY_ID": "ATC"
            },
            "includeDescendants": true
          }
        ]
      }
    },
    {
      "id": 2,
      "name": "TD1 LC",
      "expression": {
        "items": [
          {
            "concept": {
              "CONCEPT_CLASS_ID": "Clinical Finding",
              "CONCEPT_CODE": "46635009",
              "CONCEPT_ID": 201254,
              "CONCEPT_NAME": "Type 1 diabetes mellitus",
              "DOMAIN_ID": "Condition",
              "INVALID_REASON": "V",
              "INVALID_REASON_CAPTION": "Valid",
              "STANDARD_CONCEPT": "S",
              "STANDARD_CONCEPT_CAPTION": "Standard",
              "VOCABULARY_ID": "SNOMED"
            },
            "includeDescendants": true
          }
        ]
      }
    },
    {
      "id": 3,
      "name": "Insulin LC",
      "expression": {
        "items": [
          {
            "concept": {
              "CONCEPT_CLASS_ID": "ATC 3rd",
              "CONCEPT_CODE": "A10A",
              "CONCEPT_ID": 21600713,
              "CONCEPT_NAME": "INSULINS AND ANALOGUES",
              "DOMAIN_ID": "Drug",
              "INVALID_REASON": "V",
              "INVALID_REASON_CAPTION": "Valid",
              "STANDARD_CONCEPT": "C",
              "STANDARD_CONCEPT_CAPTION": "Classification",
              "VOCABULARY_ID": "ATC"
            },
            "includeDescendants": true
          }
        ]
      }
    }
  ],
  "PrimaryCriteria": {
    "CriteriaList": [
      {
        "ConditionOccurrence": {
          "CodesetId": 0
        }
      },
      {
        "DrugEra": {
          "CodesetId": 1
        }
      },
      {
        "ConditionOccurrence": {
          "CodesetId": 2
        }
      },
      {
        "DrugEra": {
          "CodesetId": 3
        }
      }
    ],
    "ObservationWindow": {
      "PriorDays": 0,
      "PostDays": 0
    },
    "PrimaryCriteriaLimit": {
      "Type": "First"
    }
  },
  "QualifiedLimit": {
    "Type": "First"
  },
  "ExpressionLimit": {
    "Type": "First"
  },
  "InclusionRules": [],
  "CensoringCriteria": [],
  "CollapseSettings": {
    "CollapseType": "ERA",
    "EraPad": 0
  },
  "CensorWindow": {},
  "cdmVersionRange": ">=5.0.0"
}