{
  "ConceptSets": [
    {
      "id": 0,
      "name": "Obesity_Charybdis",
      "expression": {
        "items": [
          {
            "concept": {
              "CONCEPT_CLASS_ID": "Clinical Finding",
              "CONCEPT_CODE": "408512008",
              "CONCEPT_ID": 4256640,
              "CONCEPT_NAME": "Body mass index 40+ - severely obese",
              "DOMAIN_ID": "Observation",
              "INVALID_REASON": "V",
              "INVALID_REASON_CAPTION": "Valid",
              "STANDARD_CONCEPT": "S",
              "STANDARD_CONCEPT_CAPTION": "Standard",
              "VOCABULARY_ID": "SNOMED"
            },
            "includeDescendants": true
          },
          {
            "concept": {
              "CONCEPT_CLASS_ID": "Clinical Finding",
              "CONCEPT_CODE": "703316004",
              "CONCEPT_ID": 45766204,
              "CONCEPT_NAME": "Lymphedema associated with obesity",
              "DOMAIN_ID": "Condition",
              "INVALID_REASON": "V",
              "INVALID_REASON_CAPTION": "Valid",
              "STANDARD_CONCEPT": "S",
              "STANDARD_CONCEPT_CAPTION": "Standard",
              "VOCABULARY_ID": "SNOMED"
            },
            "includeDescendants": true
          },
          {
            "concept": {
              "CONCEPT_CLASS_ID": "Clinical Finding",
              "CONCEPT_CODE": "414916001",
              "CONCEPT_ID": 433736,
              "CONCEPT_NAME": "Obesity",
              "DOMAIN_ID": "Condition",
              "INVALID_REASON": "V",
              "INVALID_REASON_CAPTION": "Valid",
              "STANDARD_CONCEPT": "S",
              "STANDARD_CONCEPT_CAPTION": "Standard",
              "VOCABULARY_ID": "SNOMED"
            },
            "includeDescendants": true
          },
          {
            "concept": {
              "CONCEPT_CLASS_ID": "Clinical Finding",
              "CONCEPT_CODE": "363247006",
              "CONCEPT_ID": 4176962,
              "CONCEPT_NAME": "Obesity associated disorder",
              "DOMAIN_ID": "Condition",
              "INVALID_REASON": "V",
              "INVALID_REASON_CAPTION": "Valid",
              "STANDARD_CONCEPT": "S",
              "STANDARD_CONCEPT_CAPTION": "Standard",
              "VOCABULARY_ID": "SNOMED"
            },
            "includeDescendants": true
          },
          {
            "concept": {
              "CONCEPT_CLASS_ID": "Clinical Finding",
              "CONCEPT_CODE": "276792008",
              "CONCEPT_ID": 4081038,
              "CONCEPT_NAME": "Pulmonary hypertension with extreme obesity",
              "DOMAIN_ID": "Condition",
              "INVALID_REASON": "V",
              "INVALID_REASON_CAPTION": "Valid",
              "STANDARD_CONCEPT": "S",
              "STANDARD_CONCEPT_CAPTION": "Standard",
              "VOCABULARY_ID": "SNOMED"
            },
            "includeDescendants": true
          }
        ]
      }
    },
    {
      "id": 1,
      "name": "BMI_measurements_Charybdis",
      "expression": {
        "items": [
          {
            "concept": {
              "CONCEPT_CLASS_ID": "Clinical Observation",
              "CONCEPT_CODE": "39156-5",
              "CONCEPT_ID": 3038553,
              "CONCEPT_NAME": "Body mass index (BMI) [Ratio]",
              "DOMAIN_ID": "Measurement",
              "INVALID_REASON": "V",
              "INVALID_REASON_CAPTION": "Valid",
              "STANDARD_CONCEPT": "S",
              "STANDARD_CONCEPT_CAPTION": "Standard",
              "VOCABULARY_ID": "LOINC"
            },
            "includeDescendants": true
          },
          {
            "concept": {
              "CONCEPT_CLASS_ID": "Clinical Observation",
              "CONCEPT_CODE": "89270-3",
              "CONCEPT_ID": 36304833,
              "CONCEPT_NAME": "Body mass index (BMI) [Ratio] Estimated",
              "DOMAIN_ID": "Measurement",
              "INVALID_REASON": "V",
              "INVALID_REASON_CAPTION": "Valid",
              "STANDARD_CONCEPT": "S",
              "STANDARD_CONCEPT_CAPTION": "Standard",
              "VOCABULARY_ID": "LOINC"
            },
            "includeDescendants": true
          }
        ]
      }
    }
  ],
  "PrimaryCriteria": {
    "CriteriaList": [
      {
        "ConditionOccurrence": {
          "CodesetId": 0
        }
      },
      {
        "Observation": {
          "CodesetId": 0
        }
      },
      {
        "Measurement": {
          "CodesetId": 1,
          "ValueAsConcept": [
            {
              "CONCEPT_CODE": "LA20940-5",
              "CONCEPT_ID": 21499400,
              "CONCEPT_NAME": "Obese",
              "DOMAIN_ID": "Meas Value",
              "INVALID_REASON_CAPTION": "Unknown",
              "STANDARD_CONCEPT_CAPTION": "Unknown",
              "VOCABULARY_ID": "LOINC"
            },
            {
              "CONCEPT_CODE": "260360000",
              "CONCEPT_ID": 4123513,
              "CONCEPT_NAME": "Very high",
              "DOMAIN_ID": "Meas Value",
              "INVALID_REASON_CAPTION": "Unknown",
              "STANDARD_CONCEPT_CAPTION": "Unknown",
              "VOCABULARY_ID": "SNOMED"
            },
            {
              "CONCEPT_CODE": "371879000",
              "CONCEPT_ID": 4155142,
              "CONCEPT_NAME": "Abnormally high",
              "DOMAIN_ID": "Meas Value",
              "INVALID_REASON_CAPTION": "Unknown",
              "STANDARD_CONCEPT_CAPTION": "Unknown",
              "VOCABULARY_ID": "SNOMED"
            },
            {
              "CONCEPT_CODE": "9c10.00",
              "CONCEPT_ID": 45512975,
              "CONCEPT_NAME": "Above high reference limit",
              "DOMAIN_ID": "Meas Value",
              "INVALID_REASON_CAPTION": "Unknown",
              "STANDARD_CONCEPT_CAPTION": "Unknown",
              "VOCABULARY_ID": "Read"
            }
          ]
        }
      }
    ],
    "ObservationWindow": {
      "PriorDays": 0,
      "PostDays": 0
    },
    "PrimaryCriteriaLimit": {
      "Type": "First"
    }
  },
  "QualifiedLimit": {
    "Type": "First"
  },
  "ExpressionLimit": {
    "Type": "First"
  },
  "InclusionRules": [],
  "CensoringCriteria": [],
  "CollapseSettings": {
    "CollapseType": "ERA",
    "EraPad": 0
  },
  "CensorWindow": {},
  "cdmVersionRange": ">=5.0.0"
}