{
  "ConceptSets": [
    {
      "id": 0,
      "name": "ER_LongCov_1_Hematopoietic_stem_cell_transplant",
      "expression": {
        "items": [
          {
            "concept": {
              "CONCEPT_CLASS_ID": "Clinical Finding",
              "CONCEPT_CODE": "431456004",
              "CONCEPT_ID": 4328283,
              "CONCEPT_NAME": "Accelerated rejection of bone marrow transplant",
              "DOMAIN_ID": "Condition",
              "INVALID_REASON": "V",
              "INVALID_REASON_CAPTION": "Valid",
              "STANDARD_CONCEPT": "S",
              "STANDARD_CONCEPT_CAPTION": "Standard",
              "VOCABULARY_ID": "SNOMED"
            },
            "includeDescendants": true
          },
          {
            "concept": {
              "CONCEPT_CLASS_ID": "Clinical Finding",
              "CONCEPT_CODE": "402355000",
              "CONCEPT_ID": 439416,
              "CONCEPT_NAME": "Acute graft-versus-host disease",
              "DOMAIN_ID": "Condition",
              "INVALID_REASON": "V",
              "INVALID_REASON_CAPTION": "Valid",
              "STANDARD_CONCEPT": "S",
              "STANDARD_CONCEPT_CAPTION": "Standard",
              "VOCABULARY_ID": "SNOMED"
            },
            "includeDescendants": true
          },
          {
            "concept": {
              "CONCEPT_CLASS_ID": "Clinical Finding",
              "CONCEPT_CODE": "431862001",
              "CONCEPT_ID": 4161782,
              "CONCEPT_NAME": "Acute rejection of bone marrow transplant",
              "DOMAIN_ID": "Condition",
              "INVALID_REASON": "V",
              "INVALID_REASON_CAPTION": "Valid",
              "STANDARD_CONCEPT": "S",
              "STANDARD_CONCEPT_CAPTION": "Standard",
              "VOCABULARY_ID": "SNOMED"
            },
            "includeDescendants": true
          },
          {
            "concept": {
              "CONCEPT_CLASS_ID": "Procedure",
              "CONCEPT_CODE": "58390007",
              "CONCEPT_ID": 4242257,
              "CONCEPT_NAME": "Allogeneic bone marrow transplantation",
              "DOMAIN_ID": "Procedure",
              "INVALID_REASON": "V",
              "INVALID_REASON_CAPTION": "Valid",
              "STANDARD_CONCEPT": "S",
              "STANDARD_CONCEPT_CAPTION": "Standard",
              "VOCABULARY_ID": "SNOMED"
            },
            "includeDescendants": true
          },
          {
            "concept": {
              "CONCEPT_CLASS_ID": "Procedure",
              "CONCEPT_CODE": "445757003",
              "CONCEPT_ID": 40492289,
              "CONCEPT_NAME": "Allogeneic bone marrow transplantation without purging",
              "DOMAIN_ID": "Procedure",
              "INVALID_REASON": "V",
              "INVALID_REASON_CAPTION": "Valid",
              "STANDARD_CONCEPT": "S",
              "STANDARD_CONCEPT_CAPTION": "Standard",
              "VOCABULARY_ID": "SNOMED"
            },
            "includeDescendants": true
          },
          {
            "concept": {
              "CONCEPT_CLASS_ID": "Procedure",
              "CONCEPT_CODE": "446253009",
              "CONCEPT_ID": 40486968,
              "CONCEPT_NAME": "Allogeneic bone marrow transplantation with purging",
              "DOMAIN_ID": "Procedure",
              "INVALID_REASON": "V",
              "INVALID_REASON_CAPTION": "Valid",
              "STANDARD_CONCEPT": "S",
              "STANDARD_CONCEPT_CAPTION": "Standard",
              "VOCABULARY_ID": "SNOMED"
            },
            "includeDescendants": true
          },
          {
            "concept": {
              "CONCEPT_CLASS_ID": "Procedure",
              "CONCEPT_CODE": "234334004",
              "CONCEPT_ID": 4125487,
              "CONCEPT_NAME": "Allogeneic related bone marrow transplant",
              "DOMAIN_ID": "Procedure",
              "INVALID_REASON": "V",
              "INVALID_REASON_CAPTION": "Valid",
              "STANDARD_CONCEPT": "S",
              "STANDARD_CONCEPT_CAPTION": "Standard",
              "VOCABULARY_ID": "SNOMED"
            },
            "includeDescendants": true
          },
          {
            "concept": {
              "CONCEPT_CLASS_ID": "Procedure",
              "CONCEPT_CODE": "234335003",
              "CONCEPT_ID": 4125488,
              "CONCEPT_NAME": "Allogeneic unrelated bone marrow transplant",
              "DOMAIN_ID": "Procedure",
              "INVALID_REASON": "V",
              "INVALID_REASON_CAPTION": "Valid",
              "STANDARD_CONCEPT": "S",
              "STANDARD_CONCEPT_CAPTION": "Standard",
              "VOCABULARY_ID": "SNOMED"
            },
            "includeDescendants": true
          },
          {
            "concept": {
              "CONCEPT_CLASS_ID": "Procedure",
              "CONCEPT_CODE": "427423003",
              "CONCEPT_ID": 4144882,
              "CONCEPT_NAME": "Allograft of bone marrow from matched unrelated donor",
              "DOMAIN_ID": "Procedure",
              "INVALID_REASON": "V",
              "INVALID_REASON_CAPTION": "Valid",
              "STANDARD_CONCEPT": "S",
              "STANDARD_CONCEPT_CAPTION": "Standard",
              "VOCABULARY_ID": "SNOMED"
            },
            "includeDescendants": true
          },
          {
            "concept": {
              "CONCEPT_CLASS_ID": "Procedure",
              "CONCEPT_CODE": "426425001",
              "CONCEPT_ID": 4142405,
              "CONCEPT_NAME": "Allograft of bone marrow from sibling donor",
              "DOMAIN_ID": "Procedure",
              "INVALID_REASON": "V",
              "INVALID_REASON_CAPTION": "Valid",
              "STANDARD_CONCEPT": "S",
              "STANDARD_CONCEPT_CAPTION": "Standard",
              "VOCABULARY_ID": "SNOMED"
            },
            "includeDescendants": true
          },
          {
            "concept": {
              "CONCEPT_CLASS_ID": "Procedure",
              "CONCEPT_CODE": "378841000000102",
              "CONCEPT_ID": 44793170,
              "CONCEPT_NAME": "Allograft of bone marrow from unmatched unrelated donor",
              "DOMAIN_ID": "Procedure",
              "INVALID_REASON": "V",
              "INVALID_REASON_CAPTION": "Valid",
              "STANDARD_CONCEPT": "S",
              "STANDARD_CONCEPT_CAPTION": "Standard",
              "VOCABULARY_ID": "SNOMED"
            },
            "includeDescendants": true
          },
          {
            "concept": {
              "CONCEPT_CLASS_ID": "Procedure",
              "CONCEPT_CODE": "58776007",
              "CONCEPT_ID": 4240337,
              "CONCEPT_NAME": "Autologous bone marrow transplant",
              "DOMAIN_ID": "Procedure",
              "INVALID_REASON": "V",
              "INVALID_REASON_CAPTION": "Valid",
              "STANDARD_CONCEPT": "S",
              "STANDARD_CONCEPT_CAPTION": "Standard",
              "VOCABULARY_ID": "SNOMED"
            },
            "includeDescendants": true
          },
          {
            "concept": {
              "CONCEPT_CLASS_ID": "Procedure",
              "CONCEPT_CODE": "19944001",
              "CONCEPT_ID": 4059885,
              "CONCEPT_NAME": "Autologous bone marrow transplant without purging",
              "DOMAIN_ID": "Procedure",
              "INVALID_REASON": "V",
              "INVALID_REASON_CAPTION": "Valid",
              "STANDARD_CONCEPT": "S",
              "STANDARD_CONCEPT_CAPTION": "Standard",
              "VOCABULARY_ID": "SNOMED"
            },
            "includeDescendants": true
          },
          {
            "concept": {
              "CONCEPT_CLASS_ID": "Procedure",
              "CONCEPT_CODE": "46280001",
              "CONCEPT_ID": 4186582,
              "CONCEPT_NAME": "Autologous bone marrow transplant with purging",
              "DOMAIN_ID": "Procedure",
              "INVALID_REASON": "V",
              "INVALID_REASON_CAPTION": "Valid",
              "STANDARD_CONCEPT": "S",
              "STANDARD_CONCEPT_CAPTION": "Standard",
              "VOCABULARY_ID": "SNOMED"
            },
            "includeDescendants": true
          },
          {
            "concept": {
              "CONCEPT_CLASS_ID": "Context-dependent",
              "CONCEPT_CODE": "698303004",
              "CONCEPT_ID": 44782657,
              "CONCEPT_NAME": "Awaiting transplantation of bone marrow",
              "DOMAIN_ID": "Observation",
              "INVALID_REASON": "V",
              "INVALID_REASON_CAPTION": "Valid",
              "STANDARD_CONCEPT": "S",
              "STANDARD_CONCEPT_CAPTION": "Standard",
              "VOCABULARY_ID": "SNOMED"
            },
            "includeDescendants": true
          },
          {
            "concept": {
              "CONCEPT_CLASS_ID": "Clinical Finding",
              "CONCEPT_CODE": "234520000",
              "CONCEPT_ID": 4121274,
              "CONCEPT_NAME": "Bone marrow transplant failure",
              "DOMAIN_ID": "Condition",
              "INVALID_REASON": "V",
              "INVALID_REASON_CAPTION": "Valid",
              "STANDARD_CONCEPT": "S",
              "STANDARD_CONCEPT_CAPTION": "Standard",
              "VOCABULARY_ID": "SNOMED"
            },
            "includeDescendants": true
          },
          {
            "concept": {
              "CONCEPT_CLASS_ID": "Clinical Finding",
              "CONCEPT_CODE": "234519006",
              "CONCEPT_ID": 4125659,
              "CONCEPT_NAME": "Bone marrow transplant rejection",
              "DOMAIN_ID": "Condition",
              "INVALID_REASON": "V",
              "INVALID_REASON_CAPTION": "Valid",
              "STANDARD_CONCEPT": "S",
              "STANDARD_CONCEPT_CAPTION": "Standard",
              "VOCABULARY_ID": "SNOMED"
            },
            "includeDescendants": true
          },
          {
            "concept": {
              "CONCEPT_CLASS_ID": "Clinical Finding",
              "CONCEPT_CODE": "402356004",
              "CONCEPT_ID": 434314,
              "CONCEPT_NAME": "Chronic graft-versus-host disease",
              "DOMAIN_ID": "Condition",
              "INVALID_REASON": "V",
              "INVALID_REASON_CAPTION": "Valid",
              "STANDARD_CONCEPT": "S",
              "STANDARD_CONCEPT_CAPTION": "Standard",
              "VOCABULARY_ID": "SNOMED"
            },
            "includeDescendants": true
          },
          {
            "concept": {
              "CONCEPT_CLASS_ID": "Clinical Finding",
              "CONCEPT_CODE": "121131000119109",
              "CONCEPT_ID": 37016153,
              "CONCEPT_NAME": "Chronic graft versus host disease after transplantation of bone marrow",
              "DOMAIN_ID": "Condition",
              "INVALID_REASON": "V",
              "INVALID_REASON_CAPTION": "Valid",
              "STANDARD_CONCEPT": "S",
              "STANDARD_CONCEPT_CAPTION": "Standard",
              "VOCABULARY_ID": "SNOMED"
            },
            "includeDescendants": true
          },
          {
            "concept": {
              "CONCEPT_CLASS_ID": "Clinical Finding",
              "CONCEPT_CODE": "431953002",
              "CONCEPT_ID": 4332092,
              "CONCEPT_NAME": "Chronic rejection of bone marrow transplant",
              "DOMAIN_ID": "Condition",
              "INVALID_REASON": "V",
              "INVALID_REASON_CAPTION": "Valid",
              "STANDARD_CONCEPT": "S",
              "STANDARD_CONCEPT_CAPTION": "Standard",
              "VOCABULARY_ID": "SNOMED"
            },
            "includeDescendants": true
          },
          {
            "concept": {
              "CONCEPT_CLASS_ID": "Clinical Finding",
              "CONCEPT_CODE": "444547006",
              "CONCEPT_ID": 40479838,
              "CONCEPT_NAME": "Cutaneous graft-versus-host disease",
              "DOMAIN_ID": "Condition",
              "INVALID_REASON": "V",
              "INVALID_REASON_CAPTION": "Valid",
              "STANDARD_CONCEPT": "S",
              "STANDARD_CONCEPT_CAPTION": "Standard",
              "VOCABULARY_ID": "SNOMED"
            },
            "includeDescendants": true
          },
          {
            "concept": {
              "CONCEPT_CLASS_ID": "Clinical Finding",
              "CONCEPT_CODE": "234522008",
              "CONCEPT_ID": 4125660,
              "CONCEPT_NAME": "Disease relapse in transplant marrow",
              "DOMAIN_ID": "Condition",
              "INVALID_REASON": "V",
              "INVALID_REASON_CAPTION": "Valid",
              "STANDARD_CONCEPT": "S",
              "STANDARD_CONCEPT_CAPTION": "Standard",
              "VOCABULARY_ID": "SNOMED"
            },
            "includeDescendants": true
          },
          {
            "concept": {
              "CONCEPT_CLASS_ID": "Clinical Finding",
              "CONCEPT_CODE": "426768001",
              "CONCEPT_ID": 4141365,
              "CONCEPT_NAME": "Engraftment syndrome",
              "DOMAIN_ID": "Condition",
              "INVALID_REASON": "V",
              "INVALID_REASON_CAPTION": "Valid",
              "STANDARD_CONCEPT": "S",
              "STANDARD_CONCEPT_CAPTION": "Standard",
              "VOCABULARY_ID": "SNOMED"
            },
            "includeDescendants": true
          },
          {
            "concept": {
              "CONCEPT_CLASS_ID": "Procedure",
              "CONCEPT_CODE": "442557006",
              "CONCEPT_ID": 40484034,
              "CONCEPT_NAME": "Grafting of bone marrow using allograft from unmatched unrelated donor",
              "DOMAIN_ID": "Procedure",
              "INVALID_REASON": "V",
              "INVALID_REASON_CAPTION": "Valid",
              "STANDARD_CONCEPT": "S",
              "STANDARD_CONCEPT_CAPTION": "Standard",
              "VOCABULARY_ID": "SNOMED"
            },
            "includeDescendants": true
          },
          {
            "concept": {
              "CONCEPT_CLASS_ID": "Clinical Finding",
              "CONCEPT_CODE": "234646005",
              "CONCEPT_ID": 443216,
              "CONCEPT_NAME": "Graft versus host disease",
              "DOMAIN_ID": "Condition",
              "INVALID_REASON": "V",
              "INVALID_REASON_CAPTION": "Valid",
              "STANDARD_CONCEPT": "S",
              "STANDARD_CONCEPT_CAPTION": "Standard",
              "VOCABULARY_ID": "SNOMED"
            },
            "includeDescendants": true
          },
          {
            "concept": {
              "CONCEPT_CLASS_ID": "Context-dependent",
              "CONCEPT_CODE": "152621000119105",
              "CONCEPT_ID": 46270148,
              "CONCEPT_NAME": "History of allotransplantation of bone marrow",
              "DOMAIN_ID": "Observation",
              "INVALID_REASON": "V",
              "INVALID_REASON_CAPTION": "Valid",
              "STANDARD_CONCEPT": "S",
              "STANDARD_CONCEPT_CAPTION": "Standard",
              "VOCABULARY_ID": "SNOMED"
            },
            "includeDescendants": true
          },
          {
            "concept": {
              "CONCEPT_CLASS_ID": "Context-dependent",
              "CONCEPT_CODE": "108631000119101",
              "CONCEPT_ID": 46269898,
              "CONCEPT_NAME": "History of autologous bone marrow transplant",
              "DOMAIN_ID": "Observation",
              "INVALID_REASON": "V",
              "INVALID_REASON_CAPTION": "Valid",
              "STANDARD_CONCEPT": "S",
              "STANDARD_CONCEPT_CAPTION": "Standard",
              "VOCABULARY_ID": "SNOMED"
            },
            "includeDescendants": true
          },
          {
            "concept": {
              "CONCEPT_CLASS_ID": "Context-dependent",
              "CONCEPT_CODE": "2631000119108",
              "CONCEPT_ID": 46270345,
              "CONCEPT_NAME": "History of bone marrow transplant",
              "DOMAIN_ID": "Observation",
              "INVALID_REASON": "V",
              "INVALID_REASON_CAPTION": "Valid",
              "STANDARD_CONCEPT": "S",
              "STANDARD_CONCEPT_CAPTION": "Standard",
              "VOCABULARY_ID": "SNOMED"
            },
            "includeDescendants": true
          },
          {
            "concept": {
              "CONCEPT_CLASS_ID": "Clinical Finding",
              "CONCEPT_CODE": "432782005",
              "CONCEPT_ID": 4197185,
              "CONCEPT_NAME": "Hyperacute rejection of bone marrow transplant",
              "DOMAIN_ID": "Condition",
              "INVALID_REASON": "V",
              "INVALID_REASON_CAPTION": "Valid",
              "STANDARD_CONCEPT": "S",
              "STANDARD_CONCEPT_CAPTION": "Standard",
              "VOCABULARY_ID": "SNOMED"
            },
            "includeDescendants": true
          },
          {
            "concept": {
              "CONCEPT_CLASS_ID": "Procedure",
              "CONCEPT_CODE": "234333005",
              "CONCEPT_ID": 4125486,
              "CONCEPT_NAME": "Imperfect T-cell depleted allogeneic bone marrow graft",
              "DOMAIN_ID": "Procedure",
              "INVALID_REASON": "V",
              "INVALID_REASON_CAPTION": "Valid",
              "STANDARD_CONCEPT": "S",
              "STANDARD_CONCEPT_CAPTION": "Standard",
              "VOCABULARY_ID": "SNOMED"
            },
            "includeDescendants": true
          },
          {
            "concept": {
              "CONCEPT_CLASS_ID": "Clinical Finding",
              "CONCEPT_CODE": "402357008",
              "CONCEPT_ID": 4297505,
              "CONCEPT_NAME": "Lichenoid chronic graft-versus-host disease",
              "DOMAIN_ID": "Condition",
              "INVALID_REASON": "V",
              "INVALID_REASON_CAPTION": "Valid",
              "STANDARD_CONCEPT": "S",
              "STANDARD_CONCEPT_CAPTION": "Standard",
              "VOCABULARY_ID": "SNOMED"
            },
            "includeDescendants": true
          },
          {
            "concept": {
              "CONCEPT_CLASS_ID": "Clinical Finding",
              "CONCEPT_CODE": "402360001",
              "CONCEPT_ID": 4297506,
              "CONCEPT_NAME": "Materno-fetal graft-versus-host disease",
              "DOMAIN_ID": "Condition",
              "INVALID_REASON": "V",
              "INVALID_REASON_CAPTION": "Valid",
              "STANDARD_CONCEPT": "S",
              "STANDARD_CONCEPT_CAPTION": "Standard",
              "VOCABULARY_ID": "SNOMED"
            },
            "includeDescendants": true
          },
          {
            "concept": {
              "CONCEPT_CLASS_ID": "Clinical Finding",
              "CONCEPT_CODE": "762316003",
              "CONCEPT_ID": 42538580,
              "CONCEPT_NAME": "Polymorphic lymphoproliferative disorder following transplant",
              "DOMAIN_ID": "Condition",
              "INVALID_REASON": "V",
              "INVALID_REASON_CAPTION": "Valid",
              "STANDARD_CONCEPT": "S",
              "STANDARD_CONCEPT_CAPTION": "Standard",
              "VOCABULARY_ID": "SNOMED"
            },
            "includeDescendants": true
          },
          {
            "concept": {
              "CONCEPT_CLASS_ID": "Clinical Finding",
              "CONCEPT_CODE": "402358003",
              "CONCEPT_ID": 4292231,
              "CONCEPT_NAME": "Sclerodermoid chronic graft-versus-host disease",
              "DOMAIN_ID": "Condition",
              "INVALID_REASON": "V",
              "INVALID_REASON_CAPTION": "Valid",
              "STANDARD_CONCEPT": "S",
              "STANDARD_CONCEPT_CAPTION": "Standard",
              "VOCABULARY_ID": "SNOMED"
            },
            "includeDescendants": true
          },
          {
            "concept": {
              "CONCEPT_CLASS_ID": "Procedure",
              "CONCEPT_CODE": "234331007",
              "CONCEPT_ID": 4121104,
              "CONCEPT_NAME": "Syngeneic bone marrow transplant",
              "DOMAIN_ID": "Procedure",
              "INVALID_REASON": "V",
              "INVALID_REASON_CAPTION": "Valid",
              "STANDARD_CONCEPT": "S",
              "STANDARD_CONCEPT_CAPTION": "Standard",
              "VOCABULARY_ID": "SNOMED"
            },
            "includeDescendants": true
          },
          {
            "concept": {
              "CONCEPT_CLASS_ID": "Procedure",
              "CONCEPT_CODE": "234332000",
              "CONCEPT_ID": 4122920,
              "CONCEPT_NAME": "T-cell depleted allogeneic bone marrow graft",
              "DOMAIN_ID": "Procedure",
              "INVALID_REASON": "V",
              "INVALID_REASON_CAPTION": "Valid",
              "STANDARD_CONCEPT": "S",
              "STANDARD_CONCEPT_CAPTION": "Standard",
              "VOCABULARY_ID": "SNOMED"
            },
            "includeDescendants": true
          },
          {
            "concept": {
              "CONCEPT_CLASS_ID": "Procedure",
              "CONCEPT_CODE": "23719005",
              "CONCEPT_ID": 4028623,
              "CONCEPT_NAME": "Transplantation of bone marrow",
              "DOMAIN_ID": "Procedure",
              "INVALID_REASON": "V",
              "INVALID_REASON_CAPTION": "Valid",
              "STANDARD_CONCEPT": "S",
              "STANDARD_CONCEPT_CAPTION": "Standard",
              "VOCABULARY_ID": "SNOMED"
            },
            "includeDescendants": true
          }
        ]
      }
    }
  ],
  "PrimaryCriteria": {
    "CriteriaList": [
      {
        "ConditionOccurrence": {
          "CodesetId": 0
        }
      },
      {
        "Observation": {
          "CodesetId": 0
        }
      },
      {
        "ProcedureOccurrence": {
          "CodesetId": 0
        }
      }
    ],
    "ObservationWindow": {
      "PriorDays": 0,
      "PostDays": 0
    },
    "PrimaryCriteriaLimit": {
      "Type": "All"
    }
  },
  "QualifiedLimit": {
    "Type": "First"
  },
  "ExpressionLimit": {
    "Type": "First"
  },
  "InclusionRules": [
    {
      "name": "Hematopoietic stem cell transplant recipient in the last 2 years ",
      "expression": {
        "Type": "AT_LEAST",
        "Count": 1,
        "CriteriaList": [],
        "DemographicCriteriaList": [
          {
            "OccurrenceStartDate": {
              "Value": "2019-01-01",
              "Op": "gte"
            }
          }
        ],
        "Groups": []
      }
    }
  ],
  "CensoringCriteria": [],
  "CollapseSettings": {
    "CollapseType": "ERA",
    "EraPad": 0
  },
  "CensorWindow": {},
  "cdmVersionRange": ">=5.0.0"
}