{
  "ConceptSets": [
    {
      "id": 2,
      "name": "Covid diagnosis broad",
      "expression": {
        "items": [
          {
            "concept": {
              "CONCEPT_CLASS_ID": "Clinical Finding",
              "CONCEPT_CODE": "138389411000119105",
              "CONCEPT_ID": 3661405,
              "CONCEPT_NAME": "Acute bronchitis caused by SARS-CoV-2",
              "DOMAIN_ID": "Condition",
              "INVALID_REASON": "V",
              "INVALID_REASON_CAPTION": "Valid",
              "STANDARD_CONCEPT": "S",
              "STANDARD_CONCEPT_CAPTION": "Standard",
              "VOCABULARY_ID": "SNOMED"
            }
          },
          {
            "concept": {
              "CONCEPT_CLASS_ID": "Clinical Finding",
              "CONCEPT_CODE": "870590002",
              "CONCEPT_ID": 3655976,
              "CONCEPT_NAME": "Acute hypoxemic respiratory failure due to disease caused by Severe acute respiratory syndrome coronavirus 2",
              "DOMAIN_ID": "Condition",
              "INVALID_REASON": "V",
              "INVALID_REASON_CAPTION": "Valid",
              "STANDARD_CONCEPT": "S",
              "STANDARD_CONCEPT_CAPTION": "Standard",
              "VOCABULARY_ID": "SNOMED"
            }
          },
          {
            "concept": {
              "CONCEPT_CLASS_ID": "Clinical Finding",
              "CONCEPT_CODE": "870589006",
              "CONCEPT_ID": 3661748,
              "CONCEPT_NAME": "Acute kidney injury due to disease caused by Severe acute respiratory syndrome coronavirus 2",
              "DOMAIN_ID": "Condition",
              "INVALID_REASON": "V",
              "INVALID_REASON_CAPTION": "Valid",
              "STANDARD_CONCEPT": "S",
              "STANDARD_CONCEPT_CAPTION": "Standard",
              "VOCABULARY_ID": "SNOMED"
            }
          },
          {
            "concept": {
              "CONCEPT_CLASS_ID": "Clinical Finding",
              "CONCEPT_CODE": "674814021000119106",
              "CONCEPT_ID": 3661406,
              "CONCEPT_NAME": "Acute respiratory distress syndrome due to disease caused by Severe acute respiratory syndrome coronavirus 2",
              "DOMAIN_ID": "Condition",
              "INVALID_REASON": "V",
              "INVALID_REASON_CAPTION": "Valid",
              "STANDARD_CONCEPT": "S",
              "STANDARD_CONCEPT_CAPTION": "Standard",
              "VOCABULARY_ID": "SNOMED"
            }
          },
          {
            "concept": {
              "CONCEPT_CLASS_ID": "Clinical Finding",
              "CONCEPT_CODE": "189486241000119100",
              "CONCEPT_ID": 3662381,
              "CONCEPT_NAME": "Asymptomatic SARS-CoV-2",
              "DOMAIN_ID": "Condition",
              "INVALID_REASON": "V",
              "INVALID_REASON_CAPTION": "Valid",
              "STANDARD_CONCEPT": "S",
              "STANDARD_CONCEPT_CAPTION": "Standard",
              "VOCABULARY_ID": "SNOMED"
            }
          },
          {
            "concept": {
              "CONCEPT_CLASS_ID": "Clinical Finding",
              "CONCEPT_CODE": "OMOP4873909",
              "CONCEPT_ID": 756031,
              "CONCEPT_NAME": "Bronchitis caused by COVID-19",
              "DOMAIN_ID": "Condition",
              "INVALID_REASON": "V",
              "INVALID_REASON_CAPTION": "Valid",
              "STANDARD_CONCEPT": "S",
              "STANDARD_CONCEPT_CAPTION": "Standard",
              "VOCABULARY_ID": "OMOP Extension"
            }
          },
          {
            "concept": {
              "CONCEPT_CLASS_ID": "Clinical Finding",
              "CONCEPT_CODE": "119731000146105",
              "CONCEPT_ID": 3656667,
              "CONCEPT_NAME": "Cardiomyopathy due to disease caused by Severe acute respiratory syndrome coronavirus 2",
              "DOMAIN_ID": "Condition",
              "INVALID_REASON": "V",
              "INVALID_REASON_CAPTION": "Valid",
              "STANDARD_CONCEPT": "S",
              "STANDARD_CONCEPT_CAPTION": "Standard",
              "VOCABULARY_ID": "SNOMED"
            }
          },
          {
            "concept": {
              "CONCEPT_CLASS_ID": "Clinical Finding",
              "CONCEPT_CODE": "119741000146102",
              "CONCEPT_ID": 3656668,
              "CONCEPT_NAME": "Conjunctivitis due to disease caused by Severe acute respiratory syndrome coronavirus 2",
              "DOMAIN_ID": "Condition",
              "INVALID_REASON": "V",
              "INVALID_REASON_CAPTION": "Valid",
              "STANDARD_CONCEPT": "S",
              "STANDARD_CONCEPT_CAPTION": "Standard",
              "VOCABULARY_ID": "SNOMED"
            }
          },
          {
            "concept": {
              "CONCEPT_CLASS_ID": "Clinical Finding",
              "CONCEPT_CODE": "186747009",
              "CONCEPT_ID": 439676,
              "CONCEPT_NAME": "Coronavirus infection",
              "DOMAIN_ID": "Condition",
              "INVALID_REASON": "V",
              "INVALID_REASON_CAPTION": "Valid",
              "STANDARD_CONCEPT": "S",
              "STANDARD_CONCEPT_CAPTION": "Standard",
              "VOCABULARY_ID": "SNOMED"
            }
          },
          {
            "concept": {
              "CONCEPT_CLASS_ID": "Clinical Finding",
              "CONCEPT_CODE": "840539006",
              "CONCEPT_ID": 37311061,
              "CONCEPT_NAME": "COVID-19",
              "DOMAIN_ID": "Condition",
              "INVALID_REASON": "V",
              "INVALID_REASON_CAPTION": "Valid",
              "STANDARD_CONCEPT": "S",
              "STANDARD_CONCEPT_CAPTION": "Standard",
              "VOCABULARY_ID": "SNOMED"
            }
          },
          {
            "concept": {
              "CONCEPT_CLASS_ID": "Clinical Finding",
              "CONCEPT_CODE": "27619001",
              "CONCEPT_ID": 4100065,
              "CONCEPT_NAME": "Disease due to Coronaviridae",
              "DOMAIN_ID": "Condition",
              "INVALID_REASON": "V",
              "INVALID_REASON_CAPTION": "Valid",
              "STANDARD_CONCEPT": "S",
              "STANDARD_CONCEPT_CAPTION": "Standard",
              "VOCABULARY_ID": "SNOMED"
            }
          },
          {
            "concept": {
              "CONCEPT_CLASS_ID": "Clinical Finding",
              "CONCEPT_CODE": "119981000146107",
              "CONCEPT_ID": 3656669,
              "CONCEPT_NAME": "Dyspnea caused by Severe acute respiratory syndrome coronavirus 2",
              "DOMAIN_ID": "Condition",
              "INVALID_REASON": "V",
              "INVALID_REASON_CAPTION": "Valid",
              "STANDARD_CONCEPT": "S",
              "STANDARD_CONCEPT_CAPTION": "Standard",
              "VOCABULARY_ID": "SNOMED"
            }
          },
          {
            "concept": {
              "CONCEPT_CLASS_ID": "Clinical Finding",
              "CONCEPT_CODE": "1240561000000108",
              "CONCEPT_ID": 37310284,
              "CONCEPT_NAME": "Encephalopathy due to disease caused by Severe acute respiratory syndrome coronavirus 2",
              "DOMAIN_ID": "Condition",
              "INVALID_REASON": "V",
              "INVALID_REASON_CAPTION": "Valid",
              "STANDARD_CONCEPT": "S",
              "STANDARD_CONCEPT_CAPTION": "Standard",
              "VOCABULARY_ID": "SNOMED"
            }
          },
          {
            "concept": {
              "CONCEPT_CLASS_ID": "Clinical Finding",
              "CONCEPT_CODE": "119751000146104",
              "CONCEPT_ID": 3661885,
              "CONCEPT_NAME": "Fever caused by Severe acute respiratory syndrome coronavirus 2",
              "DOMAIN_ID": "Condition",
              "INVALID_REASON": "V",
              "INVALID_REASON_CAPTION": "Valid",
              "STANDARD_CONCEPT": "S",
              "STANDARD_CONCEPT_CAPTION": "Standard",
              "VOCABULARY_ID": "SNOMED"
            }
          },
          {
            "concept": {
              "CONCEPT_CLASS_ID": "Clinical Finding",
              "CONCEPT_CODE": "1240571000000101",
              "CONCEPT_ID": 37310283,
              "CONCEPT_NAME": "Gastroenteritis caused by SARS-CoV-2 (severe acute respiratory syndrome coronavirus 2)",
              "DOMAIN_ID": "Condition",
              "INVALID_REASON": "V",
              "INVALID_REASON_CAPTION": "Valid",
              "STANDARD_CONCEPT": "S",
              "STANDARD_CONCEPT_CAPTION": "Standard",
              "VOCABULARY_ID": "SNOMED"
            }
          },
          {
            "concept": {
              "CONCEPT_CLASS_ID": "Clinical Finding",
              "CONCEPT_CODE": "1240541000000107",
              "CONCEPT_ID": 37310286,
              "CONCEPT_NAME": "Infection of upper respiratory tract caused by Severe acute respiratory syndrome coronavirus 2",
              "DOMAIN_ID": "Condition",
              "INVALID_REASON": "V",
              "INVALID_REASON_CAPTION": "Valid",
              "STANDARD_CONCEPT": "S",
              "STANDARD_CONCEPT_CAPTION": "Standard",
              "VOCABULARY_ID": "SNOMED"
            }
          },
          {
            "concept": {
              "CONCEPT_CLASS_ID": "Clinical Finding",
              "CONCEPT_CODE": "880529761000119102",
              "CONCEPT_ID": 3663281,
              "CONCEPT_NAME": "Lower respiratory infection caused by SARS-CoV-2",
              "DOMAIN_ID": "Condition",
              "INVALID_REASON": "V",
              "INVALID_REASON_CAPTION": "Valid",
              "STANDARD_CONCEPT": "S",
              "STANDARD_CONCEPT_CAPTION": "Standard",
              "VOCABULARY_ID": "SNOMED"
            }
          },
          {
            "concept": {
              "CONCEPT_CLASS_ID": "Clinical Finding",
              "CONCEPT_CODE": "866151004",
              "CONCEPT_ID": 3661631,
              "CONCEPT_NAME": "Lymphocytopenia due to Severe acute respiratory syndrome coronavirus 2",
              "DOMAIN_ID": "Condition",
              "INVALID_REASON": "V",
              "INVALID_REASON_CAPTION": "Valid",
              "STANDARD_CONCEPT": "S",
              "STANDARD_CONCEPT_CAPTION": "Standard",
              "VOCABULARY_ID": "SNOMED"
            }
          },
          {
            "concept": {
              "CONCEPT_CLASS_ID": "Clinical Finding",
              "CONCEPT_CODE": "1240531000000103",
              "CONCEPT_ID": 37310287,
              "CONCEPT_NAME": "Myocarditis due to disease caused by Severe acute respiratory syndrome coronavirus 2",
              "DOMAIN_ID": "Condition",
              "INVALID_REASON": "V",
              "INVALID_REASON_CAPTION": "Valid",
              "STANDARD_CONCEPT": "S",
              "STANDARD_CONCEPT_CAPTION": "Standard",
              "VOCABULARY_ID": "SNOMED"
            }
          },
          {
            "concept": {
              "CONCEPT_CLASS_ID": "Clinical Finding",
              "CONCEPT_CODE": "1240521000000100",
              "CONCEPT_ID": 37310254,
              "CONCEPT_NAME": "Otitis media due to disease caused by Severe acute respiratory syndrome coronavirus 2",
              "DOMAIN_ID": "Condition",
              "INVALID_REASON": "V",
              "INVALID_REASON_CAPTION": "Valid",
              "STANDARD_CONCEPT": "S",
              "STANDARD_CONCEPT_CAPTION": "Standard",
              "VOCABULARY_ID": "SNOMED"
            }
          },
          {
            "concept": {
              "CONCEPT_CLASS_ID": "Clinical Finding",
              "CONCEPT_CODE": "OMOP4912977",
              "CONCEPT_ID": 704995,
              "CONCEPT_NAME": "Patient meets COVID-19 clinical diagnostic criteria",
              "DOMAIN_ID": "Observation",
              "INVALID_REASON": "V",
              "INVALID_REASON_CAPTION": "Valid",
              "STANDARD_CONCEPT": "S",
              "STANDARD_CONCEPT_CAPTION": "Standard",
              "VOCABULARY_ID": "OMOP Extension"
            }
          },
          {
            "concept": {
              "CONCEPT_CLASS_ID": "Clinical Finding",
              "CONCEPT_CODE": "OMOP4912988",
              "CONCEPT_ID": 700297,
              "CONCEPT_NAME": "Patient meets COVID-19 laboratory confirmation criterion (detection of specific RNA in a clinical specimen using a molecular amplification detection test)",
              "DOMAIN_ID": "Observation",
              "INVALID_REASON": "V",
              "INVALID_REASON_CAPTION": "Valid",
              "STANDARD_CONCEPT": "S",
              "STANDARD_CONCEPT_CAPTION": "Standard",
              "VOCABULARY_ID": "OMOP Extension"
            }
          },
          {
            "concept": {
              "CONCEPT_CLASS_ID": "Clinical Finding",
              "CONCEPT_CODE": "OMOP4912978",
              "CONCEPT_ID": 704996,
              "CONCEPT_NAME": "Patient meets COVID-19 laboratory diagnostic criteria",
              "DOMAIN_ID": "Observation",
              "INVALID_REASON": "V",
              "INVALID_REASON_CAPTION": "Valid",
              "STANDARD_CONCEPT": "S",
              "STANDARD_CONCEPT_CAPTION": "Standard",
              "VOCABULARY_ID": "OMOP Extension"
            }
          },
          {
            "concept": {
              "CONCEPT_CLASS_ID": "Clinical Finding",
              "CONCEPT_CODE": "OMOP4912987",
              "CONCEPT_ID": 700296,
              "CONCEPT_NAME": "Patient meets COVID-19 presumptive laboratory evidence criteria (detection of specific antigen in a clinical specimen, OR detection of specific antibody in serum, plasma, or whole blood indicative of a new or recent infection)",
              "DOMAIN_ID": "Observation",
              "INVALID_REASON": "V",
              "INVALID_REASON_CAPTION": "Valid",
              "STANDARD_CONCEPT": "S",
              "STANDARD_CONCEPT_CAPTION": "Standard",
              "VOCABULARY_ID": "OMOP Extension"
            }
          },
          {
            "concept": {
              "CONCEPT_CLASS_ID": "Clinical Finding",
              "CONCEPT_CODE": "713084008",
              "CONCEPT_ID": 37016927,
              "CONCEPT_NAME": "Pneumonia caused by Human coronavirus",
              "DOMAIN_ID": "Condition",
              "INVALID_REASON": "V",
              "INVALID_REASON_CAPTION": "Valid",
              "STANDARD_CONCEPT": "S",
              "STANDARD_CONCEPT_CAPTION": "Standard",
              "VOCABULARY_ID": "SNOMED"
            }
          },
          {
            "concept": {
              "CONCEPT_CLASS_ID": "Clinical Finding",
              "CONCEPT_CODE": "882784691000119100",
              "CONCEPT_ID": 3661408,
              "CONCEPT_NAME": "Pneumonia caused by SARS-CoV-2",
              "DOMAIN_ID": "Condition",
              "INVALID_REASON": "V",
              "INVALID_REASON_CAPTION": "Valid",
              "STANDARD_CONCEPT": "S",
              "STANDARD_CONCEPT_CAPTION": "Standard",
              "VOCABULARY_ID": "SNOMED"
            }
          },
          {
            "concept": {
              "CONCEPT_CLASS_ID": "Clinical Finding",
              "CONCEPT_CODE": "441590008",
              "CONCEPT_ID": 40479642,
              "CONCEPT_NAME": "Pneumonia due to Severe acute respiratory syndrome coronavirus",
              "DOMAIN_ID": "Condition",
              "INVALID_REASON": "V",
              "INVALID_REASON_CAPTION": "Valid",
              "STANDARD_CONCEPT": "S",
              "STANDARD_CONCEPT_CAPTION": "Standard",
              "VOCABULARY_ID": "SNOMED"
            }
          },
          {
            "concept": {
              "CONCEPT_CLASS_ID": "Clinical Finding",
              "CONCEPT_CODE": "OMOP4873907",
              "CONCEPT_ID": 756039,
              "CONCEPT_NAME": "Respiratory infection caused by COVID-19",
              "DOMAIN_ID": "Condition",
              "INVALID_REASON": "V",
              "INVALID_REASON_CAPTION": "Valid",
              "STANDARD_CONCEPT": "S",
              "STANDARD_CONCEPT_CAPTION": "Standard",
              "VOCABULARY_ID": "OMOP Extension"
            }
          },
          {
            "concept": {
              "CONCEPT_CLASS_ID": "Clinical Finding",
              "CONCEPT_CODE": "870591003",
              "CONCEPT_ID": 3655977,
              "CONCEPT_NAME": "Rhabdomyolysis due to disease caused by Severe acute respiratory syndrome coronavirus 2",
              "DOMAIN_ID": "Condition",
              "INVALID_REASON": "V",
              "INVALID_REASON_CAPTION": "Valid",
              "STANDARD_CONCEPT": "S",
              "STANDARD_CONCEPT_CAPTION": "Standard",
              "VOCABULARY_ID": "SNOMED"
            }
          },
          {
            "concept": {
              "CONCEPT_CLASS_ID": "Clinical Finding",
              "CONCEPT_CODE": "870588003",
              "CONCEPT_ID": 3655975,
              "CONCEPT_NAME": "Sepsis due to disease caused by Severe acute respiratory syndrome coronavirus 2",
              "DOMAIN_ID": "Condition",
              "INVALID_REASON": "V",
              "INVALID_REASON_CAPTION": "Valid",
              "STANDARD_CONCEPT": "S",
              "STANDARD_CONCEPT_CAPTION": "Standard",
              "VOCABULARY_ID": "SNOMED"
            }
          },
          {
            "concept": {
              "CONCEPT_CLASS_ID": "Clinical Finding",
              "CONCEPT_CODE": "398447004",
              "CONCEPT_ID": 320651,
              "CONCEPT_NAME": "Severe acute respiratory syndrome",
              "DOMAIN_ID": "Condition",
              "INVALID_REASON": "V",
              "INVALID_REASON_CAPTION": "Valid",
              "STANDARD_CONCEPT": "S",
              "STANDARD_CONCEPT_CAPTION": "Standard",
              "VOCABULARY_ID": "SNOMED"
            }
          },
          {
            "concept": {
              "CONCEPT_CLASS_ID": "Clinical Finding",
              "CONCEPT_CODE": "715882005",
              "CONCEPT_ID": 37396171,
              "CONCEPT_NAME": "Severe acute respiratory syndrome of upper respiratory tract",
              "DOMAIN_ID": "Condition",
              "INVALID_REASON": "V",
              "INVALID_REASON_CAPTION": "Valid",
              "STANDARD_CONCEPT": "S",
              "STANDARD_CONCEPT_CAPTION": "Standard",
              "VOCABULARY_ID": "SNOMED"
            }
          },
          {
            "concept": {
              "CONCEPT_CLASS_ID": "Context-dependent",
              "CONCEPT_CODE": "840544004",
              "CONCEPT_ID": 37311060,
              "CONCEPT_NAME": "Suspected COVID-19",
              "DOMAIN_ID": "Observation",
              "INVALID_REASON": "V",
              "INVALID_REASON_CAPTION": "Valid",
              "STANDARD_CONCEPT": "S",
              "STANDARD_CONCEPT_CAPTION": "Standard",
              "VOCABULARY_ID": "SNOMED"
            }
          },
          {
            "concept": {
              "CONCEPT_CLASS_ID": "Clinical Finding",
              "CONCEPT_CODE": "866152006",
              "CONCEPT_ID": 3661632,
              "CONCEPT_NAME": "Thrombocytopenia due to Severe acute respiratory syndrome coronavirus 2",
              "DOMAIN_ID": "Condition",
              "INVALID_REASON": "V",
              "INVALID_REASON_CAPTION": "Valid",
              "STANDARD_CONCEPT": "S",
              "STANDARD_CONCEPT_CAPTION": "Standard",
              "VOCABULARY_ID": "SNOMED"
            }
          },
          {
            "concept": {
              "CONCEPT_CLASS_ID": "Context-dependent",
              "CONCEPT_CODE": "700217006",
              "CONCEPT_ID": 45763724,
              "CONCEPT_NAME": "Suspected coronavirus infection",
              "DOMAIN_ID": "Observation",
              "INVALID_REASON": "V",
              "INVALID_REASON_CAPTION": "Valid",
              "STANDARD_CONCEPT": "S",
              "STANDARD_CONCEPT_CAPTION": "Standard",
              "VOCABULARY_ID": "SNOMED"
            }
          }
        ]
      }
    },
    {
      "id": 4,
      "name": "COVID test, excl antibody",
      "expression": {
        "items": [
          {
            "concept": {
              "CONCEPT_CLASS_ID": "HCPCS",
              "CONCEPT_CODE": "U0002",
              "CONCEPT_ID": 40218804,
              "CONCEPT_NAME": "2019-ncov coronavirus, sars-cov-2/2019-ncov (covid-19), any technique, multiple types or subtypes (includes all targets), non-cdc",
              "DOMAIN_ID": "Measurement",
              "INVALID_REASON": "V",
              "INVALID_REASON_CAPTION": "Valid",
              "STANDARD_CONCEPT": "S",
              "STANDARD_CONCEPT_CAPTION": "Standard",
              "VOCABULARY_ID": "HCPCS"
            }
          },
          {
            "concept": {
              "CONCEPT_CLASS_ID": "Lab Test",
              "CONCEPT_CODE": "94616-0",
              "CONCEPT_ID": 36659749,
              "CONCEPT_NAME": "Bovine coronavirus RNA [Cycle Threshold #] in Unspecified specimen by NAA with probe detection",
              "DOMAIN_ID": "Measurement",
              "INVALID_REASON": "V",
              "INVALID_REASON_CAPTION": "Valid",
              "STANDARD_CONCEPT": "S",
              "STANDARD_CONCEPT_CAPTION": "Standard",
              "VOCABULARY_ID": "LOINC"
            }
          },
          {
            "concept": {
              "CONCEPT_CLASS_ID": "HCPCS",
              "CONCEPT_CODE": "U0001",
              "CONCEPT_ID": 40218805,
              "CONCEPT_NAME": "Cdc 2019 novel coronavirus (2019-ncov) real-time rt-pcr diagnostic panel",
              "DOMAIN_ID": "Measurement",
              "INVALID_REASON": "V",
              "INVALID_REASON_CAPTION": "Valid",
              "STANDARD_CONCEPT": "S",
              "STANDARD_CONCEPT_CAPTION": "Standard",
              "VOCABULARY_ID": "HCPCS"
            }
          },
          {
            "concept": {
              "CONCEPT_CLASS_ID": "Procedure",
              "CONCEPT_CODE": "204351000000100",
              "CONCEPT_ID": 44789510,
              "CONCEPT_NAME": "Coronavirus nucleic acid detection",
              "DOMAIN_ID": "Measurement",
              "INVALID_REASON": "V",
              "INVALID_REASON_CAPTION": "Valid",
              "STANDARD_CONCEPT": "S",
              "STANDARD_CONCEPT_CAPTION": "Standard",
              "VOCABULARY_ID": "SNOMED"
            },
            "includeDescendants": true
          },
          {
            "concept": {
              "CONCEPT_CLASS_ID": "Procedure",
              "CONCEPT_CODE": "906711000000107",
              "CONCEPT_ID": 44811805,
              "CONCEPT_NAME": "Coronavirus nucleic acid detection assay",
              "DOMAIN_ID": "Measurement",
              "INVALID_REASON": "V",
              "INVALID_REASON_CAPTION": "Valid",
              "STANDARD_CONCEPT": "S",
              "STANDARD_CONCEPT_CAPTION": "Standard",
              "VOCABULARY_ID": "SNOMED"
            }
          },
          {
            "concept": {
              "CONCEPT_CLASS_ID": "Procedure",
              "CONCEPT_CODE": "933791000000101",
              "CONCEPT_ID": 45770687,
              "CONCEPT_NAME": "Coronavirus RNA (ribonucleic acid) detection assay",
              "DOMAIN_ID": "Measurement",
              "INVALID_REASON": "V",
              "INVALID_REASON_CAPTION": "Valid",
              "STANDARD_CONCEPT": "S",
              "STANDARD_CONCEPT_CAPTION": "Standard",
              "VOCABULARY_ID": "SNOMED"
            }
          },
          {
            "concept": {
              "CONCEPT_CLASS_ID": "Procedure",
              "CONCEPT_CODE": "817111000000102",
              "CONCEPT_ID": 44807536,
              "CONCEPT_NAME": "Coronavirus RNA (ribonucleic acid) measurement by NAAT (nucleic acid amplification test)",
              "DOMAIN_ID": "Measurement",
              "INVALID_REASON": "V",
              "INVALID_REASON_CAPTION": "Valid",
              "STANDARD_CONCEPT": "S",
              "STANDARD_CONCEPT_CAPTION": "Standard",
              "VOCABULARY_ID": "SNOMED"
            }
          },
          {
            "concept": {
              "CONCEPT_CLASS_ID": "Observable Entity",
              "CONCEPT_CODE": "871560001",
              "CONCEPT_ID": 3667069,
              "CONCEPT_NAME": "Detection of ribonucleic acid of Severe acute respiratory syndrome coronavirus 2 using polymerase chain reaction",
              "DOMAIN_ID": "Observation",
              "INVALID_REASON": "V",
              "INVALID_REASON_CAPTION": "Valid",
              "STANDARD_CONCEPT": "S",
              "STANDARD_CONCEPT_CAPTION": "Standard",
              "VOCABULARY_ID": "SNOMED"
            }
          },
          {
            "concept": {
              "CONCEPT_CLASS_ID": "Lab Test",
              "CONCEPT_CODE": "94479-3",
              "CONCEPT_ID": 36660491,
              "CONCEPT_NAME": "Human coronavirus 229E RNA [Presence] in Lower respiratory specimen by NAA with non-probe detection",
              "DOMAIN_ID": "Measurement",
              "INVALID_REASON": "V",
              "INVALID_REASON_CAPTION": "Valid",
              "STANDARD_CONCEPT": "S",
              "STANDARD_CONCEPT_CAPTION": "Standard",
              "VOCABULARY_ID": "LOINC"
            }
          },
          {
            "concept": {
              "CONCEPT_CLASS_ID": "Lab Test",
              "CONCEPT_CODE": "94480-1",
              "CONCEPT_ID": 36659667,
              "CONCEPT_NAME": "Human coronavirus HKU1 RNA [Presence] in Lower respiratory specimen by NAA with non-probe detection",
              "DOMAIN_ID": "Measurement",
              "INVALID_REASON": "V",
              "INVALID_REASON_CAPTION": "Valid",
              "STANDARD_CONCEPT": "S",
              "STANDARD_CONCEPT_CAPTION": "Standard",
              "VOCABULARY_ID": "LOINC"
            }
          },
          {
            "concept": {
              "CONCEPT_CLASS_ID": "Lab Test",
              "CONCEPT_CODE": "94481-9",
              "CONCEPT_ID": 36660329,
              "CONCEPT_NAME": "Human coronavirus NL63 RNA [Presence] in Lower respiratory specimen by NAA with non-probe detection",
              "DOMAIN_ID": "Measurement",
              "INVALID_REASON": "V",
              "INVALID_REASON_CAPTION": "Valid",
              "STANDARD_CONCEPT": "S",
              "STANDARD_CONCEPT_CAPTION": "Standard",
              "VOCABULARY_ID": "LOINC"
            }
          },
          {
            "concept": {
              "CONCEPT_CLASS_ID": "Lab Test",
              "CONCEPT_CODE": "94482-7",
              "CONCEPT_ID": 36660364,
              "CONCEPT_NAME": "Human coronavirus OC43 RNA [Presence] in Lower respiratory specimen by NAA with non-probe detection",
              "DOMAIN_ID": "Measurement",
              "INVALID_REASON": "V",
              "INVALID_REASON_CAPTION": "Valid",
              "STANDARD_CONCEPT": "S",
              "STANDARD_CONCEPT_CAPTION": "Standard",
              "VOCABULARY_ID": "LOINC"
            }
          },
          {
            "concept": {
              "CONCEPT_CLASS_ID": "CPT4",
              "CONCEPT_CODE": "87426",
              "CONCEPT_ID": 742224,
              "CONCEPT_NAME": "Infectious agent antigen detection by immunoassay technique, qualitative or semiquantitative, multiple-step method; severe acute respiratory syndrome coronavirus (eg, SARS-CoV, SARS-CoV-2 [COVID-19]) (Coronavirus disease [COVID-19])",
              "DOMAIN_ID": "Measurement",
              "INVALID_REASON": "V",
              "INVALID_REASON_CAPTION": "Valid",
              "STANDARD_CONCEPT": "S",
              "STANDARD_CONCEPT_CAPTION": "Standard",
              "VOCABULARY_ID": "CPT4"
            }
          },
          {
            "concept": {
              "CONCEPT_CLASS_ID": "CPT4",
              "CONCEPT_CODE": "87635",
              "CONCEPT_ID": 700360,
              "CONCEPT_NAME": "Infectious agent detection by nucleic acid (DNA or RNA); severe acute respiratory syndrome coronavirus 2 (SARS-CoV-2) (Coronavirus disease [COVID-19]), amplified probe technique",
              "DOMAIN_ID": "Measurement",
              "INVALID_REASON": "V",
              "INVALID_REASON_CAPTION": "Valid",
              "STANDARD_CONCEPT": "S",
              "STANDARD_CONCEPT_CAPTION": "Standard",
              "VOCABULARY_ID": "CPT4"
            }
          },
          {
            "concept": {
              "CONCEPT_CLASS_ID": "CPT4",
              "CONCEPT_CODE": "0223U",
              "CONCEPT_ID": 742219,
              "CONCEPT_NAME": "Infectious disease (bacterial or viral respiratory tract infection), pathogen-specific nucleic acid (DNA or RNA), 22 targets including severe acute respiratory syndrome coronavirus 2 (SARS-CoV-2), qualitative RT-PCR, nasopharyngeal swab",
              "DOMAIN_ID": "Measurement",
              "INVALID_REASON": "V",
              "INVALID_REASON_CAPTION": "Valid",
              "STANDARD_CONCEPT": "S",
              "STANDARD_CONCEPT_CAPTION": "Standard",
              "VOCABULARY_ID": "CPT4"
            }
          },
          {
            "concept": {
              "CONCEPT_CLASS_ID": "CPT4",
              "CONCEPT_CODE": "0202U",
              "CONCEPT_ID": 742218,
              "CONCEPT_NAME": "Infectious disease (bacterial or viral respiratory tract infection), pathogen-specific nucleic acid (DNA or RNA), 22 targets including severe acute respiratory syndrome coronavirus 2 (SARS-CoV-2), qualitative RT-PCR, nasopharyngeal swab",
              "DOMAIN_ID": "Measurement",
              "INVALID_REASON": "V",
              "INVALID_REASON_CAPTION": "Valid",
              "STANDARD_CONCEPT": "S",
              "STANDARD_CONCEPT_CAPTION": "Standard",
              "VOCABULARY_ID": "CPT4"
            }
          },
          {
            "concept": {
              "CONCEPT_CLASS_ID": "Lab Test",
              "CONCEPT_CODE": "95380-2",
              "CONCEPT_ID": 36661384,
              "CONCEPT_NAME": "Influenza virus A and B and SARS-CoV-2 (COVID-19) and SARS-related CoV RNA panel - Respiratory specimen by NAA with probe detection",
              "DOMAIN_ID": "Measurement",
              "INVALID_REASON": "V",
              "INVALID_REASON_CAPTION": "Valid",
              "STANDARD_CONCEPT": "S",
              "STANDARD_CONCEPT_CAPTION": "Standard",
              "VOCABULARY_ID": "LOINC"
            }
          },
          {
            "concept": {
              "CONCEPT_CLASS_ID": "Lab Test",
              "CONCEPT_CODE": "95423-0",
              "CONCEPT_ID": 36661375,
              "CONCEPT_NAME": "Influenza virus A and B and SARS-CoV-2 (COVID-19) identified in Respiratory specimen by NAA with probe detection",
              "DOMAIN_ID": "Measurement",
              "INVALID_REASON": "V",
              "INVALID_REASON_CAPTION": "Valid",
              "STANDARD_CONCEPT": "S",
              "STANDARD_CONCEPT_CAPTION": "Standard",
              "VOCABULARY_ID": "LOINC"
            }
          },
          {
            "concept": {
              "CONCEPT_CLASS_ID": "Lab Test",
              "CONCEPT_CODE": "95422-2",
              "CONCEPT_ID": 36661376,
              "CONCEPT_NAME": "Influenza virus A and B RNA and SARS-CoV-2 (COVID-19) N gene panel - Respiratory specimen by NAA with probe detection",
              "DOMAIN_ID": "Measurement",
              "INVALID_REASON": "V",
              "INVALID_REASON_CAPTION": "Valid",
              "STANDARD_CONCEPT": "S",
              "STANDARD_CONCEPT_CAPTION": "Standard",
              "VOCABULARY_ID": "LOINC"
            }
          },
          {
            "concept": {
              "CONCEPT_CLASS_ID": "Lab Test",
              "CONCEPT_CODE": "OMOP4912990",
              "CONCEPT_ID": 705104,
              "CONCEPT_NAME": "Measurement of Coronavirus (Coronavirinae subfamily species)",
              "DOMAIN_ID": "Measurement",
              "INVALID_REASON": "V",
              "INVALID_REASON_CAPTION": "Valid",
              "STANDARD_CONCEPT": "S",
              "STANDARD_CONCEPT_CAPTION": "Standard",
              "VOCABULARY_ID": "OMOP Extension"
            }
          },
          {
            "concept": {
              "CONCEPT_CLASS_ID": "Lab Test",
              "CONCEPT_CODE": "OMOP4912991",
              "CONCEPT_ID": 705105,
              "CONCEPT_NAME": "Measurement of Coronavirus (Coronavirinae subfamily species) antigen",
              "DOMAIN_ID": "Measurement",
              "INVALID_REASON": "V",
              "INVALID_REASON_CAPTION": "Valid",
              "STANDARD_CONCEPT": "S",
              "STANDARD_CONCEPT_CAPTION": "Standard",
              "VOCABULARY_ID": "OMOP Extension"
            }
          },
          {
            "concept": {
              "CONCEPT_CLASS_ID": "Procedure",
              "CONCEPT_CODE": "1240471000000102",
              "CONCEPT_ID": 37310257,
              "CONCEPT_NAME": "Measurement of Severe acute respiratory syndrome coronavirus 2 antigen",
              "DOMAIN_ID": "Measurement",
              "INVALID_REASON": "V",
              "INVALID_REASON_CAPTION": "Valid",
              "STANDARD_CONCEPT": "S",
              "STANDARD_CONCEPT_CAPTION": "Standard",
              "VOCABULARY_ID": "SNOMED"
            }
          },
          {
            "concept": {
              "CONCEPT_CLASS_ID": "Lab Test",
              "CONCEPT_CODE": "OMOP4873969",
              "CONCEPT_ID": 756055,
              "CONCEPT_NAME": "Measurement of Severe acute respiratory syndrome coronavirus 2 (SARS-CoV-2)",
              "DOMAIN_ID": "Measurement",
              "INVALID_REASON": "V",
              "INVALID_REASON_CAPTION": "Valid",
              "STANDARD_CONCEPT": "S",
              "STANDARD_CONCEPT_CAPTION": "Standard",
              "VOCABULARY_ID": "OMOP Extension"
            }
          },
          {
            "concept": {
              "CONCEPT_CLASS_ID": "Lab Test",
              "CONCEPT_CODE": "OMOP4912985",
              "CONCEPT_ID": 586310,
              "CONCEPT_NAME": "Measurement of Severe acute respiratory syndrome coronavirus 2 (SARS-CoV-2) Genetic material using Molecular method",
              "DOMAIN_ID": "Measurement",
              "INVALID_REASON": "V",
              "INVALID_REASON_CAPTION": "Valid",
              "STANDARD_CONCEPT": "S",
              "STANDARD_CONCEPT_CAPTION": "Standard",
              "VOCABULARY_ID": "OMOP Extension"
            }
          },
          {
            "concept": {
              "CONCEPT_CLASS_ID": "Lab Test",
              "CONCEPT_CODE": "OMOP4912972",
              "CONCEPT_ID": 704991,
              "CONCEPT_NAME": "Measurement of Severe acute respiratory syndrome coronavirus 2 (SARS-CoV-2) in Blood",
              "DOMAIN_ID": "Measurement",
              "INVALID_REASON": "V",
              "INVALID_REASON_CAPTION": "Valid",
              "STANDARD_CONCEPT": "S",
              "STANDARD_CONCEPT_CAPTION": "Standard",
              "VOCABULARY_ID": "OMOP Extension"
            }
          },
          {
            "concept": {
              "CONCEPT_CLASS_ID": "Lab Test",
              "CONCEPT_CODE": "OMOP4873967",
              "CONCEPT_ID": 756029,
              "CONCEPT_NAME": "Measurement of Severe acute respiratory syndrome coronavirus 2 (SARS-CoV-2) in Respiratory specimen",
              "DOMAIN_ID": "Measurement",
              "INVALID_REASON": "V",
              "INVALID_REASON_CAPTION": "Valid",
              "STANDARD_CONCEPT": "S",
              "STANDARD_CONCEPT_CAPTION": "Standard",
              "VOCABULARY_ID": "OMOP Extension"
            }
          },
          {
            "concept": {
              "CONCEPT_CLASS_ID": "Lab Test",
              "CONCEPT_CODE": "OMOP4912984",
              "CONCEPT_ID": 586307,
              "CONCEPT_NAME": "Measurement of Severe acute respiratory syndrome coronavirus 2 (SARS-CoV-2) in Saliva",
              "DOMAIN_ID": "Measurement",
              "INVALID_REASON": "V",
              "INVALID_REASON_CAPTION": "Valid",
              "STANDARD_CONCEPT": "S",
              "STANDARD_CONCEPT_CAPTION": "Standard",
              "VOCABULARY_ID": "OMOP Extension"
            }
          },
          {
            "concept": {
              "CONCEPT_CLASS_ID": "Lab Test",
              "CONCEPT_CODE": "OMOP4912993",
              "CONCEPT_ID": 705107,
              "CONCEPT_NAME": "Measurement of Severe acute respiratory syndrome coronavirus 2 (SARS-CoV-2) in Sample from nose",
              "DOMAIN_ID": "Measurement",
              "INVALID_REASON": "V",
              "INVALID_REASON_CAPTION": "Valid",
              "STANDARD_CONCEPT": "S",
              "STANDARD_CONCEPT_CAPTION": "Standard",
              "VOCABULARY_ID": "OMOP Extension"
            }
          },
          {
            "concept": {
              "CONCEPT_CLASS_ID": "Lab Test",
              "CONCEPT_CODE": "OMOP5040512",
              "CONCEPT_ID": 704976,
              "CONCEPT_NAME": "Measurement of Severe acute respiratory syndrome coronavirus 2 (SARS-CoV-2) in Sample from oropharynx",
              "DOMAIN_ID": "Measurement",
              "INVALID_REASON": "V",
              "INVALID_REASON_CAPTION": "Valid",
              "STANDARD_CONCEPT": "S",
              "STANDARD_CONCEPT_CAPTION": "Standard",
              "VOCABULARY_ID": "OMOP Extension"
            }
          },
          {
            "concept": {
              "CONCEPT_CLASS_ID": "Lab Test",
              "CONCEPT_CODE": "OMOP4912986",
              "CONCEPT_ID": 586309,
              "CONCEPT_NAME": "Measurement of Severe acute respiratory syndrome coronavirus 2 (SARS-CoV-2) in Specified specimen",
              "DOMAIN_ID": "Measurement",
              "INVALID_REASON": "V",
              "INVALID_REASON_CAPTION": "Valid",
              "STANDARD_CONCEPT": "S",
              "STANDARD_CONCEPT_CAPTION": "Standard",
              "VOCABULARY_ID": "OMOP Extension"
            }
          },
          {
            "concept": {
              "CONCEPT_CLASS_ID": "Lab Test",
              "CONCEPT_CODE": "OMOP4873966",
              "CONCEPT_ID": 756065,
              "CONCEPT_NAME": "Measurement of Severe acute respiratory syndrome coronavirus 2 (SARS-CoV-2) in Unspecified specimen",
              "DOMAIN_ID": "Measurement",
              "INVALID_REASON": "V",
              "INVALID_REASON_CAPTION": "Valid",
              "STANDARD_CONCEPT": "S",
              "STANDARD_CONCEPT_CAPTION": "Standard",
              "VOCABULARY_ID": "OMOP Extension"
            }
          },
          {
            "concept": {
              "CONCEPT_CLASS_ID": "Lab Test",
              "CONCEPT_CODE": "OMOP5032061",
              "CONCEPT_ID": 702834,
              "CONCEPT_NAME": "Measurement of Severe acute respiratory syndrome coronavirus 2 (SARS-CoV-2) specific cell-mediated immune response in Blood",
              "DOMAIN_ID": "Measurement",
              "INVALID_REASON": "V",
              "INVALID_REASON_CAPTION": "Valid",
              "STANDARD_CONCEPT": "S",
              "STANDARD_CONCEPT_CAPTION": "Standard",
              "VOCABULARY_ID": "OMOP Extension"
            }
          },
          {
            "concept": {
              "CONCEPT_CLASS_ID": "Lab Test",
              "CONCEPT_CODE": "OMOP4912974",
              "CONCEPT_ID": 704992,
              "CONCEPT_NAME": "Measurement of Severe acute respiratory syndrome coronavirus 2 (SARS-CoV-2) using Culture method",
              "DOMAIN_ID": "Measurement",
              "INVALID_REASON": "V",
              "INVALID_REASON_CAPTION": "Valid",
              "STANDARD_CONCEPT": "S",
              "STANDARD_CONCEPT_CAPTION": "Standard",
              "VOCABULARY_ID": "OMOP Extension"
            }
          },
          {
            "concept": {
              "CONCEPT_CLASS_ID": "Lab Test",
              "CONCEPT_CODE": "OMOP4912982",
              "CONCEPT_ID": 705001,
              "CONCEPT_NAME": "Measurement of Severe acute respiratory syndrome coronavirus 2 (SARS-CoV-2) using Nucleic acid amplification technique",
              "DOMAIN_ID": "Measurement",
              "INVALID_REASON": "V",
              "INVALID_REASON_CAPTION": "Valid",
              "STANDARD_CONCEPT": "S",
              "STANDARD_CONCEPT_CAPTION": "Standard",
              "VOCABULARY_ID": "OMOP Extension"
            }
          },
          {
            "concept": {
              "CONCEPT_CLASS_ID": "Lab Test",
              "CONCEPT_CODE": "OMOP4912973",
              "CONCEPT_ID": 705000,
              "CONCEPT_NAME": "Measurement of Severe acute respiratory syndrome coronavirus 2 (SARS-CoV-2) using Nucleic acid amplification technique in Blood",
              "DOMAIN_ID": "Measurement",
              "INVALID_REASON": "V",
              "INVALID_REASON_CAPTION": "Valid",
              "STANDARD_CONCEPT": "S",
              "STANDARD_CONCEPT_CAPTION": "Standard",
              "VOCABULARY_ID": "OMOP Extension"
            }
          },
          {
            "concept": {
              "CONCEPT_CLASS_ID": "Lab Test",
              "CONCEPT_CODE": "OMOP4873965",
              "CONCEPT_ID": 756085,
              "CONCEPT_NAME": "Measurement of Severe acute respiratory syndrome coronavirus 2 (SARS-CoV-2) using Nucleic acid amplification technique in Respiratory specimen",
              "DOMAIN_ID": "Measurement",
              "INVALID_REASON": "V",
              "INVALID_REASON_CAPTION": "Valid",
              "STANDARD_CONCEPT": "S",
              "STANDARD_CONCEPT_CAPTION": "Standard",
              "VOCABULARY_ID": "OMOP Extension"
            }
          },
          {
            "concept": {
              "CONCEPT_CLASS_ID": "Lab Test",
              "CONCEPT_CODE": "OMOP4912983",
              "CONCEPT_ID": 586308,
              "CONCEPT_NAME": "Measurement of Severe acute respiratory syndrome coronavirus 2 (SARS-CoV-2) using Nucleic acid amplification technique in Saliva",
              "DOMAIN_ID": "Measurement",
              "INVALID_REASON": "V",
              "INVALID_REASON_CAPTION": "Valid",
              "STANDARD_CONCEPT": "S",
              "STANDARD_CONCEPT_CAPTION": "Standard",
              "VOCABULARY_ID": "OMOP Extension"
            }
          },
          {
            "concept": {
              "CONCEPT_CLASS_ID": "Lab Test",
              "CONCEPT_CODE": "OMOP4912992",
              "CONCEPT_ID": 705106,
              "CONCEPT_NAME": "Measurement of Severe acute respiratory syndrome coronavirus 2 (SARS-CoV-2) using Nucleic acid amplification technique in Sample from nose",
              "DOMAIN_ID": "Measurement",
              "INVALID_REASON": "V",
              "INVALID_REASON_CAPTION": "Valid",
              "STANDARD_CONCEPT": "S",
              "STANDARD_CONCEPT_CAPTION": "Standard",
              "VOCABULARY_ID": "OMOP Extension"
            }
          },
          {
            "concept": {
              "CONCEPT_CLASS_ID": "Lab Test",
              "CONCEPT_CODE": "OMOP5040511",
              "CONCEPT_ID": 704975,
              "CONCEPT_NAME": "Measurement of Severe acute respiratory syndrome coronavirus 2 (SARS-CoV-2) using Nucleic acid amplification technique in Sample from oropharynx",
              "DOMAIN_ID": "Measurement",
              "INVALID_REASON": "V",
              "INVALID_REASON_CAPTION": "Valid",
              "STANDARD_CONCEPT": "S",
              "STANDARD_CONCEPT_CAPTION": "Standard",
              "VOCABULARY_ID": "OMOP Extension"
            }
          },
          {
            "concept": {
              "CONCEPT_CLASS_ID": "Lab Test",
              "CONCEPT_CODE": "OMOP4873968",
              "CONCEPT_ID": 756084,
              "CONCEPT_NAME": "Measurement of Severe acute respiratory syndrome coronavirus 2 (SARS-CoV-2) using Nucleic acid amplification technique in Unspecified specimen",
              "DOMAIN_ID": "Measurement",
              "INVALID_REASON": "V",
              "INVALID_REASON_CAPTION": "Valid",
              "STANDARD_CONCEPT": "S",
              "STANDARD_CONCEPT_CAPTION": "Standard",
              "VOCABULARY_ID": "OMOP Extension"
            }
          },
          {
            "concept": {
              "CONCEPT_CLASS_ID": "Lab Test",
              "CONCEPT_CODE": "OMOP4912975",
              "CONCEPT_ID": 704993,
              "CONCEPT_NAME": "Measurement of Severe acute respiratory syndrome coronavirus 2 (SARS-CoV-2) using Sequencing",
              "DOMAIN_ID": "Measurement",
              "INVALID_REASON": "V",
              "INVALID_REASON_CAPTION": "Valid",
              "STANDARD_CONCEPT": "S",
              "STANDARD_CONCEPT_CAPTION": "Standard",
              "VOCABULARY_ID": "OMOP Extension"
            }
          },
          {
            "concept": {
              "CONCEPT_CLASS_ID": "Lab Test",
              "CONCEPT_CODE": "94501-4",
              "CONCEPT_ID": 706164,
              "CONCEPT_NAME": "Middle East respiratory syndrome coronavirus (MERS-CoV) RNA [Presence] in Respiratory specimen by NAA with probe detection",
              "DOMAIN_ID": "Measurement",
              "INVALID_REASON": "V",
              "INVALID_REASON_CAPTION": "Valid",
              "STANDARD_CONCEPT": "S",
              "STANDARD_CONCEPT_CAPTION": "Standard",
              "VOCABULARY_ID": "LOINC"
            }
          },
          {
            "concept": {
              "CONCEPT_CLASS_ID": "Lab Test",
              "CONCEPT_CODE": "94558-4",
              "CONCEPT_ID": 723477,
              "CONCEPT_NAME": "SARS-CoV-2 (COVID-19) Ag [Presence] in Respiratory specimen by Rapid immunoassay",
              "DOMAIN_ID": "Measurement",
              "INVALID_REASON": "V",
              "INVALID_REASON_CAPTION": "Valid",
              "STANDARD_CONCEPT": "S",
              "STANDARD_CONCEPT_CAPTION": "Standard",
              "VOCABULARY_ID": "LOINC"
            }
          },
          {
            "concept": {
              "CONCEPT_CLASS_ID": "Lab Test",
              "CONCEPT_CODE": "94510-5",
              "CONCEPT_ID": 706167,
              "CONCEPT_NAME": "SARS-CoV-2 (COVID-19) N gene [Cycle Threshold #] in Unspecified specimen by NAA with probe detection",
              "DOMAIN_ID": "Measurement",
              "INVALID_REASON": "V",
              "INVALID_REASON_CAPTION": "Valid",
              "STANDARD_CONCEPT": "S",
              "STANDARD_CONCEPT_CAPTION": "Standard",
              "VOCABULARY_ID": "LOINC"
            }
          },
          {
            "concept": {
              "CONCEPT_CLASS_ID": "Lab Test",
              "CONCEPT_CODE": "94311-8",
              "CONCEPT_ID": 706157,
              "CONCEPT_NAME": "SARS-CoV-2 (COVID-19) N gene [Cycle Threshold #] in Unspecified specimen by Nucleic acid amplification using CDC primer-probe set N1",
              "DOMAIN_ID": "Measurement",
              "INVALID_REASON": "V",
              "INVALID_REASON_CAPTION": "Valid",
              "STANDARD_CONCEPT": "S",
              "STANDARD_CONCEPT_CAPTION": "Standard",
              "VOCABULARY_ID": "LOINC"
            }
          },
          {
            "concept": {
              "CONCEPT_CLASS_ID": "Lab Test",
              "CONCEPT_CODE": "94312-6",
              "CONCEPT_ID": 706155,
              "CONCEPT_NAME": "SARS-CoV-2 (COVID-19) N gene [Cycle Threshold #] in Unspecified specimen by Nucleic acid amplification using CDC primer-probe set N2",
              "DOMAIN_ID": "Measurement",
              "INVALID_REASON": "V",
              "INVALID_REASON_CAPTION": "Valid",
              "STANDARD_CONCEPT": "S",
              "STANDARD_CONCEPT_CAPTION": "Standard",
              "VOCABULARY_ID": "LOINC"
            }
          },
          {
            "concept": {
              "CONCEPT_CLASS_ID": "Lab Test",
              "CONCEPT_CODE": "94760-6",
              "CONCEPT_ID": 715272,
              "CONCEPT_NAME": "SARS-CoV-2 (COVID-19) N gene [Presence] in Nasopharynx by NAA with probe detection",
              "DOMAIN_ID": "Measurement",
              "INVALID_REASON": "V",
              "INVALID_REASON_CAPTION": "Valid",
              "STANDARD_CONCEPT": "S",
              "STANDARD_CONCEPT_CAPTION": "Standard",
              "VOCABULARY_ID": "LOINC"
            }
          },
          {
            "concept": {
              "CONCEPT_CLASS_ID": "Lab Test",
              "CONCEPT_CODE": "95409-9",
              "CONCEPT_ID": 757678,
              "CONCEPT_NAME": "SARS-CoV-2 (COVID-19) N gene [Presence] in Nose by NAA with probe detection",
              "DOMAIN_ID": "Measurement",
              "INVALID_REASON": "V",
              "INVALID_REASON_CAPTION": "Valid",
              "STANDARD_CONCEPT": "S",
              "STANDARD_CONCEPT_CAPTION": "Standard",
              "VOCABULARY_ID": "LOINC"
            }
          },
          {
            "concept": {
              "CONCEPT_CLASS_ID": "Lab Test",
              "CONCEPT_CODE": "94533-7",
              "CONCEPT_ID": 706161,
              "CONCEPT_NAME": "SARS-CoV-2 (COVID-19) N gene [Presence] in Respiratory specimen by NAA with probe detection",
              "DOMAIN_ID": "Measurement",
              "INVALID_REASON": "V",
              "INVALID_REASON_CAPTION": "Valid",
              "STANDARD_CONCEPT": "S",
              "STANDARD_CONCEPT_CAPTION": "Standard",
              "VOCABULARY_ID": "LOINC"
            }
          },
          {
            "concept": {
              "CONCEPT_CLASS_ID": "Lab Test",
              "CONCEPT_CODE": "94756-4",
              "CONCEPT_ID": 586524,
              "CONCEPT_NAME": "SARS-CoV-2 (COVID-19) N gene [Presence] in Respiratory specimen by Nucleic acid amplification using CDC primer-probe set N1",
              "DOMAIN_ID": "Measurement",
              "INVALID_REASON": "V",
              "INVALID_REASON_CAPTION": "Valid",
              "STANDARD_CONCEPT": "S",
              "STANDARD_CONCEPT_CAPTION": "Standard",
              "VOCABULARY_ID": "LOINC"
            }
          },
          {
            "concept": {
              "CONCEPT_CLASS_ID": "Lab Test",
              "CONCEPT_CODE": "94757-2",
              "CONCEPT_ID": 586525,
              "CONCEPT_NAME": "SARS-CoV-2 (COVID-19) N gene [Presence] in Respiratory specimen by Nucleic acid amplification using CDC primer-probe set N2",
              "DOMAIN_ID": "Measurement",
              "INVALID_REASON": "V",
              "INVALID_REASON_CAPTION": "Valid",
              "STANDARD_CONCEPT": "S",
              "STANDARD_CONCEPT_CAPTION": "Standard",
              "VOCABULARY_ID": "LOINC"
            }
          },
          {
            "concept": {
              "CONCEPT_CLASS_ID": "Lab Test",
              "CONCEPT_CODE": "95425-5",
              "CONCEPT_ID": 36661378,
              "CONCEPT_NAME": "SARS-CoV-2 (COVID-19) N gene [Presence] in Saliva (oral fluid) by NAA with probe detection",
              "DOMAIN_ID": "Measurement",
              "INVALID_REASON": "V",
              "INVALID_REASON_CAPTION": "Valid",
              "STANDARD_CONCEPT": "S",
              "STANDARD_CONCEPT_CAPTION": "Standard",
              "VOCABULARY_ID": "LOINC"
            }
          },
          {
            "concept": {
              "CONCEPT_CLASS_ID": "Lab Test",
              "CONCEPT_CODE": "94766-3",
              "CONCEPT_ID": 586520,
              "CONCEPT_NAME": "SARS-CoV-2 (COVID-19) N gene [Presence] in Serum or Plasma by NAA with probe detection",
              "DOMAIN_ID": "Measurement",
              "INVALID_REASON": "V",
              "INVALID_REASON_CAPTION": "Valid",
              "STANDARD_CONCEPT": "S",
              "STANDARD_CONCEPT_CAPTION": "Standard",
              "VOCABULARY_ID": "LOINC"
            }
          },
          {
            "concept": {
              "CONCEPT_CLASS_ID": "Lab Test",
              "CONCEPT_CODE": "94316-7",
              "CONCEPT_ID": 706175,
              "CONCEPT_NAME": "SARS-CoV-2 (COVID-19) N gene [Presence] in Unspecified specimen by NAA with probe detection",
              "DOMAIN_ID": "Measurement",
              "INVALID_REASON": "V",
              "INVALID_REASON_CAPTION": "Valid",
              "STANDARD_CONCEPT": "S",
              "STANDARD_CONCEPT_CAPTION": "Standard",
              "VOCABULARY_ID": "LOINC"
            }
          },
          {
            "concept": {
              "CONCEPT_CLASS_ID": "Lab Test",
              "CONCEPT_CODE": "94307-6",
              "CONCEPT_ID": 706156,
              "CONCEPT_NAME": "SARS-CoV-2 (COVID-19) N gene [Presence] in Unspecified specimen by Nucleic acid amplification using CDC primer-probe set N1",
              "DOMAIN_ID": "Measurement",
              "INVALID_REASON": "V",
              "INVALID_REASON_CAPTION": "Valid",
              "STANDARD_CONCEPT": "S",
              "STANDARD_CONCEPT_CAPTION": "Standard",
              "VOCABULARY_ID": "LOINC"
            }
          },
          {
            "concept": {
              "CONCEPT_CLASS_ID": "Lab Test",
              "CONCEPT_CODE": "94308-4",
              "CONCEPT_ID": 706154,
              "CONCEPT_NAME": "SARS-CoV-2 (COVID-19) N gene [Presence] in Unspecified specimen by Nucleic acid amplification using CDC primer-probe set N2",
              "DOMAIN_ID": "Measurement",
              "INVALID_REASON": "V",
              "INVALID_REASON_CAPTION": "Valid",
              "STANDARD_CONCEPT": "S",
              "STANDARD_CONCEPT_CAPTION": "Standard",
              "VOCABULARY_ID": "LOINC"
            }
          },
          {
            "concept": {
              "CONCEPT_CLASS_ID": "Lab Test",
              "CONCEPT_CODE": "94644-2",
              "CONCEPT_ID": 723469,
              "CONCEPT_NAME": "SARS-CoV-2 (COVID-19) ORF1ab region [Cycle Threshold #] in Respiratory specimen by NAA with probe detection",
              "DOMAIN_ID": "Measurement",
              "INVALID_REASON": "V",
              "INVALID_REASON_CAPTION": "Valid",
              "STANDARD_CONCEPT": "S",
              "STANDARD_CONCEPT_CAPTION": "Standard",
              "VOCABULARY_ID": "LOINC"
            }
          },
          {
            "concept": {
              "CONCEPT_CLASS_ID": "Lab Test",
              "CONCEPT_CODE": "94511-3",
              "CONCEPT_ID": 706168,
              "CONCEPT_NAME": "SARS-CoV-2 (COVID-19) ORF1ab region [Cycle Threshold #] in Unspecified specimen by NAA with probe detection",
              "DOMAIN_ID": "Measurement",
              "INVALID_REASON": "V",
              "INVALID_REASON_CAPTION": "Valid",
              "STANDARD_CONCEPT": "S",
              "STANDARD_CONCEPT_CAPTION": "Standard",
              "VOCABULARY_ID": "LOINC"
            }
          },
          {
            "concept": {
              "CONCEPT_CLASS_ID": "Lab Test",
              "CONCEPT_CODE": "94559-2",
              "CONCEPT_ID": 723478,
              "CONCEPT_NAME": "SARS-CoV-2 (COVID-19) ORF1ab region [Presence] in Respiratory specimen by NAA with probe detection",
              "DOMAIN_ID": "Measurement",
              "INVALID_REASON": "V",
              "INVALID_REASON_CAPTION": "Valid",
              "STANDARD_CONCEPT": "S",
              "STANDARD_CONCEPT_CAPTION": "Standard",
              "VOCABULARY_ID": "LOINC"
            }
          },
          {
            "concept": {
              "CONCEPT_CLASS_ID": "Lab Test",
              "CONCEPT_CODE": "94639-2",
              "CONCEPT_ID": 723464,
              "CONCEPT_NAME": "SARS-CoV-2 (COVID-19) ORF1ab region [Presence] in Unspecified specimen by NAA with probe detection",
              "DOMAIN_ID": "Measurement",
              "INVALID_REASON": "V",
              "INVALID_REASON_CAPTION": "Valid",
              "STANDARD_CONCEPT": "S",
              "STANDARD_CONCEPT_CAPTION": "Standard",
              "VOCABULARY_ID": "LOINC"
            }
          },
          {
            "concept": {
              "CONCEPT_CLASS_ID": "Lab Test",
              "CONCEPT_CODE": "94763-0",
              "CONCEPT_ID": 586516,
              "CONCEPT_NAME": "SARS-CoV-2 (COVID-19) [Presence] in Unspecified specimen by Organism specific culture",
              "DOMAIN_ID": "Measurement",
              "INVALID_REASON": "V",
              "INVALID_REASON_CAPTION": "Valid",
              "STANDARD_CONCEPT": "S",
              "STANDARD_CONCEPT_CAPTION": "Standard",
              "VOCABULARY_ID": "LOINC"
            }
          },
          {
            "concept": {
              "CONCEPT_CLASS_ID": "Lab Test",
              "CONCEPT_CODE": "94646-7",
              "CONCEPT_ID": 723471,
              "CONCEPT_NAME": "SARS-CoV-2 (COVID-19) RdRp gene [Cycle Threshold #] in Respiratory specimen by NAA with probe detection",
              "DOMAIN_ID": "Measurement",
              "INVALID_REASON": "V",
              "INVALID_REASON_CAPTION": "Valid",
              "STANDARD_CONCEPT": "S",
              "STANDARD_CONCEPT_CAPTION": "Standard",
              "VOCABULARY_ID": "LOINC"
            }
          },
          {
            "concept": {
              "CONCEPT_CLASS_ID": "Lab Test",
              "CONCEPT_CODE": "94645-9",
              "CONCEPT_ID": 723470,
              "CONCEPT_NAME": "SARS-CoV-2 (COVID-19) RdRp gene [Cycle Threshold #] in Unspecified specimen by NAA with probe detection",
              "DOMAIN_ID": "Measurement",
              "INVALID_REASON": "V",
              "INVALID_REASON_CAPTION": "Valid",
              "STANDARD_CONCEPT": "S",
              "STANDARD_CONCEPT_CAPTION": "Standard",
              "VOCABULARY_ID": "LOINC"
            }
          },
          {
            "concept": {
              "CONCEPT_CLASS_ID": "Lab Test",
              "CONCEPT_CODE": "94534-5",
              "CONCEPT_ID": 706160,
              "CONCEPT_NAME": "SARS-CoV-2 (COVID-19) RdRp gene [Presence] in Respiratory specimen by NAA with probe detection",
              "DOMAIN_ID": "Measurement",
              "INVALID_REASON": "V",
              "INVALID_REASON_CAPTION": "Valid",
              "STANDARD_CONCEPT": "S",
              "STANDARD_CONCEPT_CAPTION": "Standard",
              "VOCABULARY_ID": "LOINC"
            }
          },
          {
            "concept": {
              "CONCEPT_CLASS_ID": "Lab Test",
              "CONCEPT_CODE": "94314-2",
              "CONCEPT_ID": 706173,
              "CONCEPT_NAME": "SARS-CoV-2 (COVID-19) RdRp gene [Presence] in Unspecified specimen by NAA with probe detection",
              "DOMAIN_ID": "Measurement",
              "INVALID_REASON": "V",
              "INVALID_REASON_CAPTION": "Valid",
              "STANDARD_CONCEPT": "S",
              "STANDARD_CONCEPT_CAPTION": "Standard",
              "VOCABULARY_ID": "LOINC"
            }
          },
          {
            "concept": {
              "CONCEPT_CLASS_ID": "Lab Test",
              "CONCEPT_CODE": "94745-7",
              "CONCEPT_ID": 586528,
              "CONCEPT_NAME": "SARS-CoV-2 (COVID-19) RNA [Cycle Threshold #] in Respiratory specimen by NAA with probe detection",
              "DOMAIN_ID": "Measurement",
              "INVALID_REASON": "V",
              "INVALID_REASON_CAPTION": "Valid",
              "STANDARD_CONCEPT": "S",
              "STANDARD_CONCEPT_CAPTION": "Standard",
              "VOCABULARY_ID": "LOINC"
            }
          },
          {
            "concept": {
              "CONCEPT_CLASS_ID": "Lab Test",
              "CONCEPT_CODE": "94746-5",
              "CONCEPT_ID": 586529,
              "CONCEPT_NAME": "SARS-CoV-2 (COVID-19) RNA [Cycle Threshold #] in Unspecified specimen by NAA with probe detection",
              "DOMAIN_ID": "Measurement",
              "INVALID_REASON": "V",
              "INVALID_REASON_CAPTION": "Valid",
              "STANDARD_CONCEPT": "S",
              "STANDARD_CONCEPT_CAPTION": "Standard",
              "VOCABULARY_ID": "LOINC"
            }
          },
          {
            "concept": {
              "CONCEPT_CLASS_ID": "Lab Test",
              "CONCEPT_CODE": "94819-0",
              "CONCEPT_ID": 715262,
              "CONCEPT_NAME": "SARS-CoV-2 (COVID-19) RNA [Log #/volume] (viral load) in Unspecified specimen by NAA with probe detection",
              "DOMAIN_ID": "Measurement",
              "INVALID_REASON": "V",
              "INVALID_REASON_CAPTION": "Valid",
              "STANDARD_CONCEPT": "S",
              "STANDARD_CONCEPT_CAPTION": "Standard",
              "VOCABULARY_ID": "LOINC"
            }
          },
          {
            "concept": {
              "CONCEPT_CLASS_ID": "Lab Test",
              "CONCEPT_CODE": "94531-1",
              "CONCEPT_ID": 706158,
              "CONCEPT_NAME": "SARS-CoV-2 (COVID-19) RNA panel - Respiratory specimen by NAA with probe detection",
              "DOMAIN_ID": "Measurement",
              "INVALID_REASON": "V",
              "INVALID_REASON_CAPTION": "Valid",
              "STANDARD_CONCEPT": "S",
              "STANDARD_CONCEPT_CAPTION": "Standard",
              "VOCABULARY_ID": "LOINC"
            }
          },
          {
            "concept": {
              "CONCEPT_CLASS_ID": "Lab Test",
              "CONCEPT_CODE": "94306-8",
              "CONCEPT_ID": 706169,
              "CONCEPT_NAME": "SARS-CoV-2 (COVID-19) RNA panel - Unspecified specimen by NAA with probe detection",
              "DOMAIN_ID": "Measurement",
              "INVALID_REASON": "V",
              "INVALID_REASON_CAPTION": "Valid",
              "STANDARD_CONCEPT": "S",
              "STANDARD_CONCEPT_CAPTION": "Standard",
              "VOCABULARY_ID": "LOINC"
            }
          },
          {
            "concept": {
              "CONCEPT_CLASS_ID": "Lab Test",
              "CONCEPT_CODE": "94565-9",
              "CONCEPT_ID": 723476,
              "CONCEPT_NAME": "SARS-CoV-2 (COVID-19) RNA [Presence] in Nasopharynx by NAA with non-probe detection",
              "DOMAIN_ID": "Measurement",
              "INVALID_REASON": "V",
              "INVALID_REASON_CAPTION": "Valid",
              "STANDARD_CONCEPT": "S",
              "STANDARD_CONCEPT_CAPTION": "Standard",
              "VOCABULARY_ID": "LOINC"
            }
          },
          {
            "concept": {
              "CONCEPT_CLASS_ID": "Lab Test",
              "CONCEPT_CODE": "94759-8",
              "CONCEPT_ID": 586526,
              "CONCEPT_NAME": "SARS-CoV-2 (COVID-19) RNA [Presence] in Nasopharynx by NAA with probe detection",
              "DOMAIN_ID": "Measurement",
              "INVALID_REASON": "V",
              "INVALID_REASON_CAPTION": "Valid",
              "STANDARD_CONCEPT": "S",
              "STANDARD_CONCEPT_CAPTION": "Standard",
              "VOCABULARY_ID": "LOINC"
            }
          },
          {
            "concept": {
              "CONCEPT_CLASS_ID": "Lab Test",
              "CONCEPT_CODE": "95406-5",
              "CONCEPT_ID": 757677,
              "CONCEPT_NAME": "SARS-CoV-2 (COVID-19) RNA [Presence] in Nose by NAA with probe detection",
              "DOMAIN_ID": "Measurement",
              "INVALID_REASON": "V",
              "INVALID_REASON_CAPTION": "Valid",
              "STANDARD_CONCEPT": "S",
              "STANDARD_CONCEPT_CAPTION": "Standard",
              "VOCABULARY_ID": "LOINC"
            }
          },
          {
            "concept": {
              "CONCEPT_CLASS_ID": "Lab Test",
              "CONCEPT_CODE": "94500-6",
              "CONCEPT_ID": 706163,
              "CONCEPT_NAME": "SARS-CoV-2 (COVID-19) RNA [Presence] in Respiratory specimen by NAA with probe detection",
              "DOMAIN_ID": "Measurement",
              "INVALID_REASON": "V",
              "INVALID_REASON_CAPTION": "Valid",
              "STANDARD_CONCEPT": "S",
              "STANDARD_CONCEPT_CAPTION": "Standard",
              "VOCABULARY_ID": "LOINC"
            }
          },
          {
            "concept": {
              "CONCEPT_CLASS_ID": "Lab Test",
              "CONCEPT_CODE": "95424-8",
              "CONCEPT_ID": 36661377,
              "CONCEPT_NAME": "SARS-CoV-2 (COVID-19) RNA [Presence] in Respiratory specimen by Sequencing",
              "DOMAIN_ID": "Measurement",
              "INVALID_REASON": "V",
              "INVALID_REASON_CAPTION": "Valid",
              "STANDARD_CONCEPT": "S",
              "STANDARD_CONCEPT_CAPTION": "Standard",
              "VOCABULARY_ID": "LOINC"
            }
          },
          {
            "concept": {
              "CONCEPT_CLASS_ID": "Lab Test",
              "CONCEPT_CODE": "94845-5",
              "CONCEPT_ID": 715260,
              "CONCEPT_NAME": "SARS-CoV-2 (COVID-19) RNA [Presence] in Saliva (oral fluid) by NAA with probe detection",
              "DOMAIN_ID": "Measurement",
              "INVALID_REASON": "V",
              "INVALID_REASON_CAPTION": "Valid",
              "STANDARD_CONCEPT": "S",
              "STANDARD_CONCEPT_CAPTION": "Standard",
              "VOCABULARY_ID": "LOINC"
            }
          },
          {
            "concept": {
              "CONCEPT_CLASS_ID": "Lab Test",
              "CONCEPT_CODE": "94822-4",
              "CONCEPT_ID": 715261,
              "CONCEPT_NAME": "SARS-CoV-2 (COVID-19) RNA [Presence] in Saliva (oral fluid) by Sequencing",
              "DOMAIN_ID": "Measurement",
              "INVALID_REASON": "V",
              "INVALID_REASON_CAPTION": "Valid",
              "STANDARD_CONCEPT": "S",
              "STANDARD_CONCEPT_CAPTION": "Standard",
              "VOCABULARY_ID": "LOINC"
            }
          },
          {
            "concept": {
              "CONCEPT_CLASS_ID": "Lab Test",
              "CONCEPT_CODE": "94660-8",
              "CONCEPT_ID": 723463,
              "CONCEPT_NAME": "SARS-CoV-2 (COVID-19) RNA [Presence] in Serum or Plasma by NAA with probe detection",
              "DOMAIN_ID": "Measurement",
              "INVALID_REASON": "V",
              "INVALID_REASON_CAPTION": "Valid",
              "STANDARD_CONCEPT": "S",
              "STANDARD_CONCEPT_CAPTION": "Standard",
              "VOCABULARY_ID": "LOINC"
            }
          },
          {
            "concept": {
              "CONCEPT_CLASS_ID": "Lab Test",
              "CONCEPT_CODE": "94309-2",
              "CONCEPT_ID": 706170,
              "CONCEPT_NAME": "SARS-CoV-2 (COVID-19) RNA [Presence] in Unspecified specimen by NAA with probe detection",
              "DOMAIN_ID": "Measurement",
              "INVALID_REASON": "V",
              "INVALID_REASON_CAPTION": "Valid",
              "STANDARD_CONCEPT": "S",
              "STANDARD_CONCEPT_CAPTION": "Standard",
              "VOCABULARY_ID": "LOINC"
            }
          },
          {
            "concept": {
              "CONCEPT_CLASS_ID": "Lab Test",
              "CONCEPT_CODE": "94642-6",
              "CONCEPT_ID": 723467,
              "CONCEPT_NAME": "SARS-CoV-2 (COVID-19) S gene [Cycle Threshold #] in Respiratory specimen by NAA with probe detection",
              "DOMAIN_ID": "Measurement",
              "INVALID_REASON": "V",
              "INVALID_REASON_CAPTION": "Valid",
              "STANDARD_CONCEPT": "S",
              "STANDARD_CONCEPT_CAPTION": "Standard",
              "VOCABULARY_ID": "LOINC"
            }
          },
          {
            "concept": {
              "CONCEPT_CLASS_ID": "Lab Test",
              "CONCEPT_CODE": "94643-4",
              "CONCEPT_ID": 723468,
              "CONCEPT_NAME": "SARS-CoV-2 (COVID-19) S gene [Cycle Threshold #] in Unspecified specimen by NAA with probe detection",
              "DOMAIN_ID": "Measurement",
              "INVALID_REASON": "V",
              "INVALID_REASON_CAPTION": "Valid",
              "STANDARD_CONCEPT": "S",
              "STANDARD_CONCEPT_CAPTION": "Standard",
              "VOCABULARY_ID": "LOINC"
            }
          },
          {
            "concept": {
              "CONCEPT_CLASS_ID": "Lab Test",
              "CONCEPT_CODE": "94640-0",
              "CONCEPT_ID": 723465,
              "CONCEPT_NAME": "SARS-CoV-2 (COVID-19) S gene [Presence] in Respiratory specimen by NAA with probe detection",
              "DOMAIN_ID": "Measurement",
              "INVALID_REASON": "V",
              "INVALID_REASON_CAPTION": "Valid",
              "STANDARD_CONCEPT": "S",
              "STANDARD_CONCEPT_CAPTION": "Standard",
              "VOCABULARY_ID": "LOINC"
            }
          },
          {
            "concept": {
              "CONCEPT_CLASS_ID": "Lab Test",
              "CONCEPT_CODE": "94767-1",
              "CONCEPT_ID": 586519,
              "CONCEPT_NAME": "SARS-CoV-2 (COVID-19) S gene [Presence] in Serum or Plasma by NAA with probe detection",
              "DOMAIN_ID": "Measurement",
              "INVALID_REASON": "V",
              "INVALID_REASON_CAPTION": "Valid",
              "STANDARD_CONCEPT": "S",
              "STANDARD_CONCEPT_CAPTION": "Standard",
              "VOCABULARY_ID": "LOINC"
            }
          },
          {
            "concept": {
              "CONCEPT_CLASS_ID": "Lab Test",
              "CONCEPT_CODE": "94641-8",
              "CONCEPT_ID": 723466,
              "CONCEPT_NAME": "SARS-CoV-2 (COVID-19) S gene [Presence] in Unspecified specimen by NAA with probe detection",
              "DOMAIN_ID": "Measurement",
              "INVALID_REASON": "V",
              "INVALID_REASON_CAPTION": "Valid",
              "STANDARD_CONCEPT": "S",
              "STANDARD_CONCEPT_CAPTION": "Standard",
              "VOCABULARY_ID": "LOINC"
            }
          },
          {
            "concept": {
              "CONCEPT_CLASS_ID": "Lab Test",
              "CONCEPT_CODE": "94764-8",
              "CONCEPT_ID": 586517,
              "CONCEPT_NAME": "SARS-CoV-2 (COVID-19) whole genome [Nucleotide sequence] in Isolate by Sequencing",
              "DOMAIN_ID": "Measurement",
              "INVALID_REASON": "V",
              "INVALID_REASON_CAPTION": "Valid",
              "STANDARD_CONCEPT": "S",
              "STANDARD_CONCEPT_CAPTION": "Standard",
              "VOCABULARY_ID": "LOINC"
            }
          },
          {
            "concept": {
              "CONCEPT_CLASS_ID": "Lab Test",
              "CONCEPT_CODE": "95209-3",
              "CONCEPT_ID": 757685,
              "CONCEPT_NAME": "SARS-CoV+SARS-CoV-2 (COVID-19) Ag [Presence] in Respiratory specimen by Rapid immunoassay",
              "DOMAIN_ID": "Measurement",
              "INVALID_REASON": "V",
              "INVALID_REASON_CAPTION": "Valid",
              "STANDARD_CONCEPT": "S",
              "STANDARD_CONCEPT_CAPTION": "Standard",
              "VOCABULARY_ID": "LOINC"
            }
          },
          {
            "concept": {
              "CONCEPT_CLASS_ID": "Lab Test",
              "CONCEPT_CODE": "94313-4",
              "CONCEPT_ID": 706172,
              "CONCEPT_NAME": "SARS-like coronavirus N gene [Cycle Threshold #] in Unspecified specimen by NAA with probe detection",
              "DOMAIN_ID": "Measurement",
              "INVALID_REASON": "V",
              "INVALID_REASON_CAPTION": "Valid",
              "STANDARD_CONCEPT": "S",
              "STANDARD_CONCEPT_CAPTION": "Standard",
              "VOCABULARY_ID": "LOINC"
            }
          },
          {
            "concept": {
              "CONCEPT_CLASS_ID": "Lab Test",
              "CONCEPT_CODE": "94310-0",
              "CONCEPT_ID": 706171,
              "CONCEPT_NAME": "SARS-like coronavirus N gene [Presence] in Unspecified specimen by NAA with probe detection",
              "DOMAIN_ID": "Measurement",
              "INVALID_REASON": "V",
              "INVALID_REASON_CAPTION": "Valid",
              "STANDARD_CONCEPT": "S",
              "STANDARD_CONCEPT_CAPTION": "Standard",
              "VOCABULARY_ID": "LOINC"
            }
          },
          {
            "concept": {
              "CONCEPT_CLASS_ID": "Lab Test",
              "CONCEPT_CODE": "94509-7",
              "CONCEPT_ID": 706166,
              "CONCEPT_NAME": "SARS-related coronavirus E gene [Cycle Threshold #] in Unspecified specimen by NAA with probe detection",
              "DOMAIN_ID": "Measurement",
              "INVALID_REASON": "V",
              "INVALID_REASON_CAPTION": "Valid",
              "STANDARD_CONCEPT": "S",
              "STANDARD_CONCEPT_CAPTION": "Standard",
              "VOCABULARY_ID": "LOINC"
            }
          },
          {
            "concept": {
              "CONCEPT_CLASS_ID": "Lab Test",
              "CONCEPT_CODE": "94758-0",
              "CONCEPT_ID": 586523,
              "CONCEPT_NAME": "SARS-related coronavirus E gene [Presence] in Respiratory specimen by NAA with probe detection",
              "DOMAIN_ID": "Measurement",
              "INVALID_REASON": "V",
              "INVALID_REASON_CAPTION": "Valid",
              "STANDARD_CONCEPT": "S",
              "STANDARD_CONCEPT_CAPTION": "Standard",
              "VOCABULARY_ID": "LOINC"
            }
          },
          {
            "concept": {
              "CONCEPT_CLASS_ID": "Lab Test",
              "CONCEPT_CODE": "94765-5",
              "CONCEPT_ID": 586518,
              "CONCEPT_NAME": "SARS-related coronavirus E gene [Presence] in Serum or Plasma by NAA with probe detection",
              "DOMAIN_ID": "Measurement",
              "INVALID_REASON": "V",
              "INVALID_REASON_CAPTION": "Valid",
              "STANDARD_CONCEPT": "S",
              "STANDARD_CONCEPT_CAPTION": "Standard",
              "VOCABULARY_ID": "LOINC"
            }
          },
          {
            "concept": {
              "CONCEPT_CLASS_ID": "Lab Test",
              "CONCEPT_CODE": "94315-9",
              "CONCEPT_ID": 706174,
              "CONCEPT_NAME": "SARS-related coronavirus E gene [Presence] in Unspecified specimen by NAA with probe detection",
              "DOMAIN_ID": "Measurement",
              "INVALID_REASON": "V",
              "INVALID_REASON_CAPTION": "Valid",
              "STANDARD_CONCEPT": "S",
              "STANDARD_CONCEPT_CAPTION": "Standard",
              "VOCABULARY_ID": "LOINC"
            }
          },
          {
            "concept": {
              "CONCEPT_CLASS_ID": "Lab Test",
              "CONCEPT_CODE": "94532-9",
              "CONCEPT_ID": 706159,
              "CONCEPT_NAME": "SARS-related coronavirus+MERS coronavirus RNA [Presence] in Respiratory specimen by NAA with probe detection",
              "DOMAIN_ID": "Measurement",
              "INVALID_REASON": "V",
              "INVALID_REASON_CAPTION": "Valid",
              "STANDARD_CONCEPT": "S",
              "STANDARD_CONCEPT_CAPTION": "Standard",
              "VOCABULARY_ID": "LOINC"
            }
          },
          {
            "concept": {
              "CONCEPT_CLASS_ID": "Lab Test",
              "CONCEPT_CODE": "94502-2",
              "CONCEPT_ID": 706165,
              "CONCEPT_NAME": "SARS-related coronavirus RNA [Presence] in Respiratory specimen by NAA with probe detection",
              "DOMAIN_ID": "Measurement",
              "INVALID_REASON": "V",
              "INVALID_REASON_CAPTION": "Valid",
              "STANDARD_CONCEPT": "S",
              "STANDARD_CONCEPT_CAPTION": "Standard",
              "VOCABULARY_ID": "LOINC"
            }
          },
          {
            "concept": {
              "CONCEPT_CLASS_ID": "Lab Test",
              "CONCEPT_CODE": "94647-5",
              "CONCEPT_ID": 723472,
              "CONCEPT_NAME": "SARS-related coronavirus RNA [Presence] in Unspecified specimen by NAA with probe detection",
              "DOMAIN_ID": "Measurement",
              "INVALID_REASON": "V",
              "INVALID_REASON_CAPTION": "Valid",
              "STANDARD_CONCEPT": "S",
              "STANDARD_CONCEPT_CAPTION": "Standard",
              "VOCABULARY_ID": "LOINC"
            }
          }
        ]
      }
    },
    {
      "id": 5,
      "name": "PCR+ CPRD",
      "expression": {
        "items": [
          {
            "concept": {
              "CONCEPT_CLASS_ID": "Observable Entity",
              "CONCEPT_CODE": "871555000",
              "CONCEPT_ID": 3549549,
              "CONCEPT_NAME": "Detection of ribonucleic acid of Severe acute respiratory syndrome coronavirus 2",
              "DOMAIN_ID": "Measurement",
              "INVALID_REASON": "V",
              "INVALID_REASON_CAPTION": "Valid",
              "STANDARD_CONCEPT": "N",
              "STANDARD_CONCEPT_CAPTION": "Non-Standard",
              "VOCABULARY_ID": "SNOMED"
            }
          },
          {
            "concept": {
              "CONCEPT_CLASS_ID": "Clinical Finding",
              "CONCEPT_CODE": "1324601000000106",
              "CONCEPT_ID": 3561695,
              "CONCEPT_NAME": "SARS-CoV-2 (severe acute respiratory syndrome coronavirus 2) RNA (ribonucleic acid) detection result positive",
              "DOMAIN_ID": "Measurement",
              "INVALID_REASON": "V",
              "INVALID_REASON_CAPTION": "Valid",
              "STANDARD_CONCEPT": "N",
              "STANDARD_CONCEPT_CAPTION": "Non-Standard",
              "VOCABULARY_ID": "SNOMED"
            }
          },
          {
            "concept": {
              "CONCEPT_CLASS_ID": "Clinical Finding",
              "CONCEPT_CODE": "1324881000000100",
              "CONCEPT_ID": 3561698,
              "CONCEPT_NAME": "SARS-CoV-2 (severe acute respiratory syndrome coronavirus 2) RNA (ribonucleic acid) detection result positive at the limit of detection",
              "DOMAIN_ID": "Condition",
              "INVALID_REASON": "V",
              "INVALID_REASON_CAPTION": "Valid",
              "STANDARD_CONCEPT": "N",
              "STANDARD_CONCEPT_CAPTION": "Non-Standard",
              "VOCABULARY_ID": "SNOMED"
            }
          }
        ]
      }
    }
  ],
  "PrimaryCriteria": {
    "CriteriaList": [
      {
        "ConditionOccurrence": {
          "CodesetId": 2
        }
      },
      {
        "Observation": {
          "CodesetId": 2
        }
      },
      {
        "Measurement": {
          "CodesetId": 4,
          "ValueAsConcept": [
            {
              "CONCEPT_CODE": "LA6576-8",
              "CONCEPT_ID": 45884084,
              "CONCEPT_NAME": "Positive",
              "DOMAIN_ID": "Meas Value",
              "INVALID_REASON_CAPTION": "Unknown",
              "STANDARD_CONCEPT_CAPTION": "Unknown",
              "VOCABULARY_ID": "LOINC"
            },
            {
              "CONCEPT_CODE": "LA11882-0",
              "CONCEPT_ID": 45877985,
              "CONCEPT_NAME": "Detected",
              "DOMAIN_ID": "Meas Value",
              "INVALID_REASON_CAPTION": "Unknown",
              "STANDARD_CONCEPT_CAPTION": "Unknown",
              "VOCABULARY_ID": "LOINC"
            },
            {
              "CONCEPT_CODE": "52101004",
              "CONCEPT_ID": 4181412,
              "CONCEPT_NAME": "Present",
              "DOMAIN_ID": "Meas Value",
              "INVALID_REASON_CAPTION": "Unknown",
              "STANDARD_CONCEPT_CAPTION": "Unknown",
              "VOCABULARY_ID": "SNOMED"
            },
            {
              "CONCEPT_CODE": "260373001",
              "CONCEPT_ID": 4126681,
              "CONCEPT_NAME": "Detected",
              "DOMAIN_ID": "Meas Value",
              "INVALID_REASON_CAPTION": "Unknown",
              "STANDARD_CONCEPT_CAPTION": "Unknown",
              "VOCABULARY_ID": "SNOMED"
            },
            {
              "CONCEPT_CODE": "10828004",
              "CONCEPT_ID": 9191,
              "CONCEPT_NAME": "Positive",
              "DOMAIN_ID": "Meas Value",
              "INVALID_REASON_CAPTION": "Unknown",
              "STANDARD_CONCEPT_CAPTION": "Unknown",
              "VOCABULARY_ID": "SNOMED"
            },
            {
              "CONCEPT_CODE": "LA9633-4",
              "CONCEPT_ID": 45879438,
              "CONCEPT_NAME": "Present",
              "DOMAIN_ID": "Meas Value",
              "INVALID_REASON_CAPTION": "Unknown",
              "STANDARD_CONCEPT_CAPTION": "Unknown",
              "VOCABULARY_ID": "LOINC"
            }
          ]
        }
      },
      {
        "Observation": {
          "CodesetId": 4
        }
      },
      {
        "Measurement": {
          "MeasurementSourceConcept": 5
        }
      }
    ],
    "ObservationWindow": {
      "PriorDays": 0,
      "PostDays": 0
    },
    "PrimaryCriteriaLimit": {
      "Type": "All"
    }
  },
  "QualifiedLimit": {
    "Type": "All"
  },
  "ExpressionLimit": {
    "Type": "All"
  },
  "InclusionRules": [],
  "EndStrategy": {
    "DateOffset": {
      "DateField": "StartDate",
      "Offset": 0
    }
  },
  "CensoringCriteria": [],
  "CollapseSettings": {
    "CollapseType": "ERA",
    "EraPad": 0
  },
  "CensorWindow": {},
  "cdmVersionRange": ">=5.0.0"
}