{
 "cdmVersionRange": ">=5.0.0",
"PrimaryCriteria": {
 "CriteriaList": [
 {
 "ConditionOccurrence": {
 "CodesetId":                       19,
"ConditionTypeExclude": false 
} 
} 
],
"ObservationWindow": {
 "PriorDays":                        0,
"PostDays":                        0 
},
"PrimaryCriteriaLimit": {
 "Type": "All" 
} 
},
"ConceptSets": [
 {
 "id":                       19,
"name": "[Long COVID] Joint pain - PHOEBE'd",
"expression": {
 "items": [
 {
 "concept": {
 "CONCEPT_ID":                  4150129,
"CONCEPT_NAME": "Musculoskeletal pain",
"STANDARD_CONCEPT": "S",
"STANDARD_CONCEPT_CAPTION": "Standard",
"INVALID_REASON": "V",
"INVALID_REASON_CAPTION": "Valid",
"CONCEPT_CODE": "279069000",
"DOMAIN_ID": "Condition",
"VOCABULARY_ID": "SNOMED",
"CONCEPT_CLASS_ID": "Clinical Finding" 
},
"isExcluded": false,
"includeDescendants": false,
"includeMapped": false 
},
{
 "concept": {
 "CONCEPT_ID":                  4166666,
"CONCEPT_NAME": "Shoulder pain",
"STANDARD_CONCEPT": "S",
"STANDARD_CONCEPT_CAPTION": "Standard",
"INVALID_REASON": "V",
"INVALID_REASON_CAPTION": "Valid",
"CONCEPT_CODE": "45326000",
"DOMAIN_ID": "Condition",
"VOCABULARY_ID": "SNOMED",
"CONCEPT_CLASS_ID": "Clinical Finding" 
},
"isExcluded": false,
"includeDescendants": false,
"includeMapped": false 
},
{
 "concept": {
 "CONCEPT_ID":                    77074,
"CONCEPT_NAME": "Joint pain",
"STANDARD_CONCEPT": "S",
"STANDARD_CONCEPT_CAPTION": "Standard",
"INVALID_REASON": "V",
"INVALID_REASON_CAPTION": "Valid",
"CONCEPT_CODE": "57676002",
"DOMAIN_ID": "Condition",
"VOCABULARY_ID": "SNOMED",
"CONCEPT_CLASS_ID": "Clinical Finding" 
},
"isExcluded": false,
"includeDescendants": true,
"includeMapped": false 
},
{
 "concept": {
 "CONCEPT_ID":                  4024561,
"CONCEPT_NAME": "Pain in lower limb",
"STANDARD_CONCEPT": "S",
"STANDARD_CONCEPT_CAPTION": "Standard",
"INVALID_REASON": "V",
"INVALID_REASON_CAPTION": "Valid",
"CONCEPT_CODE": "10601006",
"DOMAIN_ID": "Condition",
"VOCABULARY_ID": "SNOMED",
"CONCEPT_CLASS_ID": "Clinical Finding" 
},
"isExcluded": false,
"includeDescendants": false,
"includeMapped": false 
},
{
 "concept": {
 "CONCEPT_ID":                  4204199,
"CONCEPT_NAME": "Hand pain",
"STANDARD_CONCEPT": "S",
"STANDARD_CONCEPT_CAPTION": "Standard",
"INVALID_REASON": "V",
"INVALID_REASON_CAPTION": "Valid",
"CONCEPT_CODE": "53057004",
"DOMAIN_ID": "Condition",
"VOCABULARY_ID": "SNOMED",
"CONCEPT_CLASS_ID": "Clinical Finding" 
},
"isExcluded": false,
"includeDescendants": false,
"includeMapped": false 
},
{
 "concept": {
 "CONCEPT_ID":                  4253797,
"CONCEPT_NAME": "Pain in elbow",
"STANDARD_CONCEPT": "S",
"STANDARD_CONCEPT_CAPTION": "Standard",
"INVALID_REASON": "V",
"INVALID_REASON_CAPTION": "Valid",
"CONCEPT_CODE": "74323005",
"DOMAIN_ID": "Condition",
"VOCABULARY_ID": "SNOMED",
"CONCEPT_CLASS_ID": "Clinical Finding" 
},
"isExcluded": false,
"includeDescendants": false,
"includeMapped": false 
},
{
 "concept": {
 "CONCEPT_ID":                  4208857,
"CONCEPT_NAME": "Pain in wrist",
"STANDARD_CONCEPT": "S",
"STANDARD_CONCEPT_CAPTION": "Standard",
"INVALID_REASON": "V",
"INVALID_REASON_CAPTION": "Valid",
"CONCEPT_CODE": "56608008",
"DOMAIN_ID": "Condition",
"VOCABULARY_ID": "SNOMED",
"CONCEPT_CLASS_ID": "Clinical Finding" 
},
"isExcluded": false,
"includeDescendants": false,
"includeMapped": false 
} 
] 
} 
} 
],
"QualifiedLimit": {
 "Type": "All" 
},
"ExpressionLimit": {
 "Type": "All" 
},
"InclusionRules": [],
"EndStrategy": {
 "DateOffset": {
 "DateField": "StartDate",
"Offset":                        0 
} 
},
"CensoringCriteria": [],
"CollapseSettings": {
 "CollapseType": "ERA",
"EraPad":                        0 
},
"CensorWindow": {} 
}
