{
	"cdmVersionRange": ">=5.0.0",
	"PrimaryCriteria": {
		"CriteriaList": [
			{
				"ProcedureOccurrence": {
					"CodesetId": 8,
					"ProcedureTypeExclude": false
				}
			},
			{
				"Measurement": {
					"CodesetId": 8,
					"MeasurementTypeExclude": false
				}
			},
			{
				"Observation": {
					"CodesetId": 8,
					"ObservationTypeExclude": false
				}
			},
			{
				"ProcedureOccurrence": {
					"CodesetId": 9,
					"ProcedureTypeExclude": false
				}
			},
			{
				"ProcedureOccurrence": {
					"CodesetId": 7,
					"ProcedureTypeExclude": false
				}
			}
		],
		"ObservationWindow": {
			"PriorDays": 0,
			"PostDays": 0
		},
		"PrimaryCriteriaLimit": {
			"Type": "All"
		}
	},
	"AdditionalCriteria": {
		"Type": "ALL",
		"CriteriaList": [
			{
				"Criteria": {
					"VisitOccurrence": {
						"CodesetId": 4,
						"VisitTypeExclude": false
					}
				},
				"StartWindow": {
					"Start": {
						"Coeff": -1
					},
					"End": {
						"Days": 0,
						"Coeff": 1
					},
					"UseIndexEnd": false,
					"UseEventEnd": false
				},
				"EndWindow": {
					"Start": {
						"Days": 0,
						"Coeff": -1
					},
					"End": {
						"Coeff": 1
					},
					"UseIndexEnd": false,
					"UseEventEnd": true
				},
				"RestrictVisit": false,
				"IgnoreObservationPeriod": false,
				"Occurrence": {
					"Type": 2,
					"Count": 1,
					"IsDistinct": false
				}
			}
		],
		"DemographicCriteriaList": [],
		"Groups": []
	},
	"ConceptSets": [
		{
			"id": 4,
			"name": "Inpatient Visit",
			"expression": {
				"items": [
					{
						"concept": {
							"CONCEPT_ID": 262,
							"CONCEPT_NAME": "Emergency Room and Inpatient Visit",
							"STANDARD_CONCEPT": "S",
							"STANDARD_CONCEPT_CAPTION": "Standard",
							"INVALID_REASON": "V",
							"INVALID_REASON_CAPTION": "Valid",
							"CONCEPT_CODE": "ERIP",
							"DOMAIN_ID": "Visit",
							"VOCABULARY_ID": "Visit",
							"CONCEPT_CLASS_ID": "Visit"
						},
						"isExcluded": false,
						"includeDescendants": true,
						"includeMapped": false
					},
					{
						"concept": {
							"CONCEPT_ID": 9201,
							"CONCEPT_NAME": "Inpatient Visit",
							"STANDARD_CONCEPT": "S",
							"STANDARD_CONCEPT_CAPTION": "Standard",
							"INVALID_REASON": "V",
							"INVALID_REASON_CAPTION": "Valid",
							"CONCEPT_CODE": "IP",
							"DOMAIN_ID": "Visit",
							"VOCABULARY_ID": "Visit",
							"CONCEPT_CLASS_ID": "Visit"
						},
						"isExcluded": false,
						"includeDescendants": true,
						"includeMapped": false
					}
				]
			}
		},
		{
			"id": 7,
			"name": "Extracorporeal membrane oxygenation (ECMO) procedure",
			"expression": {
				"items": [
					{
						"concept": {
							"CONCEPT_ID": 4338595,
							"CONCEPT_NAME": "Cardiac support using extracorporeal membrane oxygenation circuitry",
							"STANDARD_CONCEPT": "S",
							"STANDARD_CONCEPT_CAPTION": "Standard",
							"INVALID_REASON": "V",
							"INVALID_REASON_CAPTION": "Valid",
							"CONCEPT_CODE": "232969009",
							"DOMAIN_ID": "Procedure",
							"VOCABULARY_ID": "SNOMED",
							"CONCEPT_CLASS_ID": "Procedure"
						},
						"isExcluded": false,
						"includeDescendants": false,
						"includeMapped": false
					},
					{
						"concept": {
							"CONCEPT_ID": 2787821,
							"CONCEPT_NAME": "Extracorporeal Hyperbaric Oxygenation, Continuous",
							"STANDARD_CONCEPT": "S",
							"STANDARD_CONCEPT_CAPTION": "Standard",
							"INVALID_REASON": "V",
							"INVALID_REASON_CAPTION": "Valid",
							"CONCEPT_CODE": "5A05221",
							"DOMAIN_ID": "Procedure",
							"VOCABULARY_ID": "ICD10PCS",
							"CONCEPT_CLASS_ID": "ICD10PCS"
						},
						"isExcluded": false,
						"includeDescendants": false,
						"includeMapped": false
					},
					{
						"concept": {
							"CONCEPT_ID": 46257586,
							"CONCEPT_NAME": "Extracorporeal Membrane Oxygenation or Extracorporeal Life Support Services and Procedures",
							"STANDARD_CONCEPT": "C",
							"STANDARD_CONCEPT_CAPTION": "Classification",
							"INVALID_REASON": "V",
							"INVALID_REASON_CAPTION": "Valid",
							"CONCEPT_CODE": "1021846",
							"DOMAIN_ID": "Procedure",
							"VOCABULARY_ID": "CPT4",
							"CONCEPT_CLASS_ID": "CPT4 Hierarchy"
						},
						"isExcluded": false,
						"includeDescendants": true,
						"includeMapped": false
					},
					{
						"concept": {
							"CONCEPT_ID": 1531632,
							"CONCEPT_NAME": "Extracorporeal Oxygenation, Membrane, Central",
							"STANDARD_CONCEPT": "S",
							"STANDARD_CONCEPT_CAPTION": "Standard",
							"INVALID_REASON": "V",
							"INVALID_REASON_CAPTION": "Valid",
							"CONCEPT_CODE": "5A1522F",
							"DOMAIN_ID": "Procedure",
							"VOCABULARY_ID": "ICD10PCS",
							"CONCEPT_CLASS_ID": "ICD10PCS"
						},
						"isExcluded": false,
						"includeDescendants": false,
						"includeMapped": false
					},
					{
						"concept": {
							"CONCEPT_ID": 1531631,
							"CONCEPT_NAME": "Extracorporeal Oxygenation, Membrane, Peripheral Veno-arterial",
							"STANDARD_CONCEPT": "S",
							"STANDARD_CONCEPT_CAPTION": "Standard",
							"INVALID_REASON": "V",
							"INVALID_REASON_CAPTION": "Valid",
							"CONCEPT_CODE": "5A1522G",
							"DOMAIN_ID": "Procedure",
							"VOCABULARY_ID": "ICD10PCS",
							"CONCEPT_CLASS_ID": "ICD10PCS"
						},
						"isExcluded": false,
						"includeDescendants": false,
						"includeMapped": false
					},
					{
						"concept": {
							"CONCEPT_ID": 1531630,
							"CONCEPT_NAME": "Extracorporeal Oxygenation, Membrane, Peripheral Veno-venous",
							"STANDARD_CONCEPT": "S",
							"STANDARD_CONCEPT_CAPTION": "Standard",
							"INVALID_REASON": "V",
							"INVALID_REASON_CAPTION": "Valid",
							"CONCEPT_CODE": "5A1522H",
							"DOMAIN_ID": "Procedure",
							"VOCABULARY_ID": "ICD10PCS",
							"CONCEPT_CLASS_ID": "ICD10PCS"
						},
						"isExcluded": false,
						"includeDescendants": false,
						"includeMapped": false
					},
					{
						"concept": {
							"CONCEPT_ID": 2787820,
							"CONCEPT_NAME": "Extracorporeal Supersaturated Oxygenation, Intermittent",
							"STANDARD_CONCEPT": "S",
							"STANDARD_CONCEPT_CAPTION": "Standard",
							"INVALID_REASON": "V",
							"INVALID_REASON_CAPTION": "Valid",
							"CONCEPT_CODE": "5A0512C",
							"DOMAIN_ID": "Procedure",
							"VOCABULARY_ID": "ICD10PCS",
							"CONCEPT_CLASS_ID": "ICD10PCS"
						},
						"isExcluded": false,
						"includeDescendants": false,
						"includeMapped": false
					},
					{
						"concept": {
							"CONCEPT_ID": 44515635,
							"CONCEPT_NAME": "Extracorporeal membrane oxygenation",
							"STANDARD_CONCEPT": "N",
							"STANDARD_CONCEPT_CAPTION": "Non-Standard",
							"INVALID_REASON": "V",
							"INVALID_REASON_CAPTION": "Valid",
							"CONCEPT_CODE": "X58.1",
							"DOMAIN_ID": "Procedure",
							"VOCABULARY_ID": "OPCS4",
							"CONCEPT_CLASS_ID": "Procedure"
						},
						"isExcluded": false,
						"includeDescendants": true,
						"includeMapped": false
					},
					{
						"concept": {
							"CONCEPT_ID": 4052536,
							"CONCEPT_NAME": "Extracorporeal membrane oxygenation",
							"STANDARD_CONCEPT": "S",
							"STANDARD_CONCEPT_CAPTION": "Standard",
							"INVALID_REASON": "V",
							"INVALID_REASON_CAPTION": "Valid",
							"CONCEPT_CODE": "233573008",
							"DOMAIN_ID": "Procedure",
							"VOCABULARY_ID": "SNOMED",
							"CONCEPT_CLASS_ID": "Procedure"
						},
						"isExcluded": false,
						"includeDescendants": true,
						"includeMapped": false
					},
					{
						"concept": {
							"CONCEPT_ID": 2002247,
							"CONCEPT_NAME": "Extracorporeal membrane oxygenation [ECMO]",
							"STANDARD_CONCEPT": "N",
							"STANDARD_CONCEPT_CAPTION": "Non-Standard",
							"INVALID_REASON": "V",
							"INVALID_REASON_CAPTION": "Valid",
							"CONCEPT_CODE": "39.65",
							"DOMAIN_ID": "Procedure",
							"VOCABULARY_ID": "ICD9Proc",
							"CONCEPT_CLASS_ID": "4-dig billing code"
						},
						"isExcluded": false,
						"includeDescendants": true,
						"includeMapped": false
					},
					{
						"concept": {
							"CONCEPT_ID": 44811012,
							"CONCEPT_NAME": "Fluoroscopy guided percutaneous insertion of cannula for extracorporeal membrane oxygenation",
							"STANDARD_CONCEPT": "S",
							"STANDARD_CONCEPT_CAPTION": "Standard",
							"INVALID_REASON": "V",
							"INVALID_REASON_CAPTION": "Valid",
							"CONCEPT_CODE": "862791000000106",
							"DOMAIN_ID": "Procedure",
							"VOCABULARY_ID": "SNOMED",
							"CONCEPT_CLASS_ID": "Procedure"
						},
						"isExcluded": false,
						"includeDescendants": false,
						"includeMapped": false
					}
				]
			}
		},
		{
			"id": 8,
			"name": "Mechanical ventilation",
			"expression": {
				"items": [
					{
						"concept": {
							"CONCEPT_ID": 4230167,
							"CONCEPT_NAME": "Artificial respiration",
							"STANDARD_CONCEPT": "S",
							"STANDARD_CONCEPT_CAPTION": "Standard",
							"INVALID_REASON": "V",
							"INVALID_REASON_CAPTION": "Valid",
							"CONCEPT_CODE": "40617009",
							"DOMAIN_ID": "Procedure",
							"VOCABULARY_ID": "SNOMED",
							"CONCEPT_CLASS_ID": "Procedure"
						},
						"isExcluded": false,
						"includeDescendants": true,
						"includeMapped": false
					},
					{
						"concept": {
							"CONCEPT_ID": 4031379,
							"CONCEPT_NAME": "Artificial ventilation finding",
							"STANDARD_CONCEPT": "S",
							"STANDARD_CONCEPT_CAPTION": "Standard",
							"INVALID_REASON": "V",
							"INVALID_REASON_CAPTION": "Valid",
							"CONCEPT_CODE": "129896002",
							"DOMAIN_ID": "Condition",
							"VOCABULARY_ID": "SNOMED",
							"CONCEPT_CLASS_ID": "Clinical Finding"
						},
						"isExcluded": true,
						"includeDescendants": true,
						"includeMapped": false
					},
					{
						"concept": {
							"CONCEPT_ID": 40481547,
							"CONCEPT_NAME": "Dependence on ventilator",
							"STANDARD_CONCEPT": "S",
							"STANDARD_CONCEPT_CAPTION": "Standard",
							"INVALID_REASON": "V",
							"INVALID_REASON_CAPTION": "Valid",
							"CONCEPT_CODE": "444932008",
							"DOMAIN_ID": "Condition",
							"VOCABULARY_ID": "SNOMED",
							"CONCEPT_CLASS_ID": "Clinical Finding"
						},
						"isExcluded": false,
						"includeDescendants": true,
						"includeMapped": false
					},
					{
						"concept": {
							"CONCEPT_ID": 4074663,
							"CONCEPT_NAME": "Diaphragmatic augmentation",
							"STANDARD_CONCEPT": "S",
							"STANDARD_CONCEPT_CAPTION": "Standard",
							"INVALID_REASON": "V",
							"INVALID_REASON_CAPTION": "Valid",
							"CONCEPT_CODE": "243145001",
							"DOMAIN_ID": "Procedure",
							"VOCABULARY_ID": "SNOMED",
							"CONCEPT_CLASS_ID": "Procedure"
						},
						"isExcluded": true,
						"includeDescendants": true,
						"includeMapped": false
					},
					{
						"concept": {
							"CONCEPT_ID": 4080957,
							"CONCEPT_NAME": "Endotracheal respiratory assistance",
							"STANDARD_CONCEPT": "S",
							"STANDARD_CONCEPT_CAPTION": "Standard",
							"INVALID_REASON": "V",
							"INVALID_REASON_CAPTION": "Valid",
							"CONCEPT_CODE": "182686001",
							"DOMAIN_ID": "Procedure",
							"VOCABULARY_ID": "SNOMED",
							"CONCEPT_CLASS_ID": "Procedure"
						},
						"isExcluded": false,
						"includeDescendants": true,
						"includeMapped": false
					},
					{
						"concept": {
							"CONCEPT_ID": 4168966,
							"CONCEPT_NAME": "Endotracheal tube present",
							"STANDARD_CONCEPT": "S",
							"STANDARD_CONCEPT_CAPTION": "Standard",
							"INVALID_REASON": "V",
							"INVALID_REASON_CAPTION": "Valid",
							"CONCEPT_CODE": "419991009",
							"DOMAIN_ID": "Observation",
							"VOCABULARY_ID": "SNOMED",
							"CONCEPT_CLASS_ID": "Clinical Finding"
						},
						"isExcluded": false,
						"includeDescendants": true,
						"includeMapped": false
					},
					{
						"concept": {
							"CONCEPT_ID": 4348300,
							"CONCEPT_NAME": "Expired air ventilation",
							"STANDARD_CONCEPT": "S",
							"STANDARD_CONCEPT_CAPTION": "Standard",
							"INVALID_REASON": "V",
							"INVALID_REASON_CAPTION": "Valid",
							"CONCEPT_CODE": "243180002",
							"DOMAIN_ID": "Procedure",
							"VOCABULARY_ID": "SNOMED",
							"CONCEPT_CLASS_ID": "Procedure"
						},
						"isExcluded": true,
						"includeDescendants": true,
						"includeMapped": false
					},
					{
						"concept": {
							"CONCEPT_ID": 4021786,
							"CONCEPT_NAME": "Fear of disconnection from ventilator",
							"STANDARD_CONCEPT": "S",
							"STANDARD_CONCEPT_CAPTION": "Standard",
							"INVALID_REASON": "V",
							"INVALID_REASON_CAPTION": "Valid",
							"CONCEPT_CODE": "225627007",
							"DOMAIN_ID": "Condition",
							"VOCABULARY_ID": "SNOMED",
							"CONCEPT_CLASS_ID": "Clinical Finding"
						},
						"isExcluded": true,
						"includeDescendants": true,
						"includeMapped": false
					},
					{
						"concept": {
							"CONCEPT_ID": 2108642,
							"CONCEPT_NAME": "Glossectomy; complete or total, with or without tracheostomy, with unilateral radical neck dissection",
							"STANDARD_CONCEPT": "S",
							"STANDARD_CONCEPT_CAPTION": "Standard",
							"INVALID_REASON": "V",
							"INVALID_REASON_CAPTION": "Valid",
							"CONCEPT_CODE": "41145",
							"DOMAIN_ID": "Procedure",
							"VOCABULARY_ID": "CPT4",
							"CONCEPT_CLASS_ID": "CPT4"
						},
						"isExcluded": true,
						"includeDescendants": true,
						"includeMapped": false
					},
					{
						"concept": {
							"CONCEPT_ID": 2108641,
							"CONCEPT_NAME": "Glossectomy; complete or total, with or without tracheostomy, without radical neck dissection",
							"STANDARD_CONCEPT": "S",
							"STANDARD_CONCEPT_CAPTION": "Standard",
							"INVALID_REASON": "V",
							"INVALID_REASON_CAPTION": "Valid",
							"CONCEPT_CODE": "41140",
							"DOMAIN_ID": "Procedure",
							"VOCABULARY_ID": "CPT4",
							"CONCEPT_CLASS_ID": "CPT4"
						},
						"isExcluded": true,
						"includeDescendants": true,
						"includeMapped": false
					},
					{
						"concept": {
							"CONCEPT_ID": 4232550,
							"CONCEPT_NAME": "Home visit for mechanical ventilation care",
							"STANDARD_CONCEPT": "S",
							"STANDARD_CONCEPT_CAPTION": "Standard",
							"INVALID_REASON": "V",
							"INVALID_REASON_CAPTION": "Valid",
							"CONCEPT_CODE": "439887005",
							"DOMAIN_ID": "Observation",
							"VOCABULARY_ID": "SNOMED",
							"CONCEPT_CLASS_ID": "Procedure"
						},
						"isExcluded": false,
						"includeDescendants": true,
						"includeMapped": false
					},
					{
						"concept": {
							"CONCEPT_ID": 4235361,
							"CONCEPT_NAME": "Hyperventilation therapy for traumatic brain injury",
							"STANDARD_CONCEPT": "S",
							"STANDARD_CONCEPT_CAPTION": "Standard",
							"INVALID_REASON": "V",
							"INVALID_REASON_CAPTION": "Valid",
							"CONCEPT_CODE": "438603002",
							"DOMAIN_ID": "Procedure",
							"VOCABULARY_ID": "SNOMED",
							"CONCEPT_CLASS_ID": "Procedure"
						},
						"isExcluded": false,
						"includeDescendants": true,
						"includeMapped": false
					},
					{
						"concept": {
							"CONCEPT_ID": 4107247,
							"CONCEPT_NAME": "Inhalation anesthesia, machine system, semi-closed, no rebreathing of primary agent",
							"STANDARD_CONCEPT": "S",
							"STANDARD_CONCEPT_CAPTION": "Standard",
							"INVALID_REASON": "V",
							"INVALID_REASON_CAPTION": "Valid",
							"CONCEPT_CODE": "30050007",
							"DOMAIN_ID": "Procedure",
							"VOCABULARY_ID": "SNOMED",
							"CONCEPT_CLASS_ID": "Procedure"
						},
						"isExcluded": true,
						"includeDescendants": true,
						"includeMapped": false
					},
					{
						"concept": {
							"CONCEPT_ID": 37116689,
							"CONCEPT_NAME": "Insertion of endotracheal ventilation catheter",
							"STANDARD_CONCEPT": "S",
							"STANDARD_CONCEPT_CAPTION": "Standard",
							"INVALID_REASON": "V",
							"INVALID_REASON_CAPTION": "Valid",
							"CONCEPT_CODE": "733496000",
							"DOMAIN_ID": "Procedure",
							"VOCABULARY_ID": "SNOMED",
							"CONCEPT_CLASS_ID": "Procedure"
						},
						"isExcluded": false,
						"includeDescendants": true,
						"includeMapped": false
					},
					{
						"concept": {
							"CONCEPT_ID": 40487536,
							"CONCEPT_NAME": "Intubation of respiratory tract",
							"STANDARD_CONCEPT": "S",
							"STANDARD_CONCEPT_CAPTION": "Standard",
							"INVALID_REASON": "V",
							"INVALID_REASON_CAPTION": "Valid",
							"CONCEPT_CODE": "447996002",
							"DOMAIN_ID": "Procedure",
							"VOCABULARY_ID": "SNOMED",
							"CONCEPT_CLASS_ID": "Procedure"
						},
						"isExcluded": false,
						"includeDescendants": true,
						"includeMapped": false
					},
					{
						"concept": {
							"CONCEPT_ID": 4332501,
							"CONCEPT_NAME": "Management of noninvasive mechanical ventilation",
							"STANDARD_CONCEPT": "S",
							"STANDARD_CONCEPT_CAPTION": "Standard",
							"INVALID_REASON": "V",
							"INVALID_REASON_CAPTION": "Valid",
							"CONCEPT_CODE": "430191008",
							"DOMAIN_ID": "Procedure",
							"VOCABULARY_ID": "SNOMED",
							"CONCEPT_CLASS_ID": "Procedure"
						},
						"isExcluded": false,
						"includeDescendants": true,
						"includeMapped": false
					},
					{
						"concept": {
							"CONCEPT_ID": 37206832,
							"CONCEPT_NAME": "Mechanical insufflation exsufflation",
							"STANDARD_CONCEPT": "S",
							"STANDARD_CONCEPT_CAPTION": "Standard",
							"INVALID_REASON": "V",
							"INVALID_REASON_CAPTION": "Valid",
							"CONCEPT_CODE": "787180006",
							"DOMAIN_ID": "Procedure",
							"VOCABULARY_ID": "SNOMED",
							"CONCEPT_CLASS_ID": "Procedure"
						},
						"isExcluded": false,
						"includeDescendants": true,
						"includeMapped": false
					},
					{
						"concept": {
							"CONCEPT_ID": 4232891,
							"CONCEPT_NAME": "Mechanical ventilation response",
							"STANDARD_CONCEPT": "S",
							"STANDARD_CONCEPT_CAPTION": "Standard",
							"INVALID_REASON": "V",
							"INVALID_REASON_CAPTION": "Valid",
							"CONCEPT_CODE": "404997003",
							"DOMAIN_ID": "Observation",
							"VOCABULARY_ID": "SNOMED",
							"CONCEPT_CLASS_ID": "Observable Entity"
						},
						"isExcluded": true,
						"includeDescendants": true,
						"includeMapped": false
					},
					{
						"concept": {
							"CONCEPT_ID": 765576,
							"CONCEPT_NAME": "Orotracheal intubation using bougie device",
							"STANDARD_CONCEPT": "S",
							"STANDARD_CONCEPT_CAPTION": "Standard",
							"INVALID_REASON": "V",
							"INVALID_REASON_CAPTION": "Valid",
							"CONCEPT_CODE": "450601000124103",
							"DOMAIN_ID": "Procedure",
							"VOCABULARY_ID": "SNOMED",
							"CONCEPT_CLASS_ID": "Procedure"
						},
						"isExcluded": false,
						"includeDescendants": true,
						"includeMapped": false
					},
					{
						"concept": {
							"CONCEPT_ID": 44509482,
							"CONCEPT_NAME": "Other specified ventilation support",
							"STANDARD_CONCEPT": "S",
							"STANDARD_CONCEPT_CAPTION": "Standard",
							"INVALID_REASON": "V",
							"INVALID_REASON_CAPTION": "Valid",
							"CONCEPT_CODE": "E85.8",
							"DOMAIN_ID": "Procedure",
							"VOCABULARY_ID": "OPCS4",
							"CONCEPT_CLASS_ID": "Procedure"
						},
						"isExcluded": false,
						"includeDescendants": true,
						"includeMapped": false
					},
					{
						"concept": {
							"CONCEPT_ID": 2108681,
							"CONCEPT_NAME": "Patient receiving care in the intensive care unit (ICU) and receiving mechanical ventilation, 24 hours or less (CRIT)",
							"STANDARD_CONCEPT": "S",
							"STANDARD_CONCEPT_CAPTION": "Standard",
							"INVALID_REASON": "V",
							"INVALID_REASON_CAPTION": "Valid",
							"CONCEPT_CODE": "4168F",
							"DOMAIN_ID": "Observation",
							"VOCABULARY_ID": "CPT4",
							"CONCEPT_CLASS_ID": "CPT4"
						},
						"isExcluded": false,
						"includeDescendants": true,
						"includeMapped": false
					},
					{
						"concept": {
							"CONCEPT_ID": 4219858,
							"CONCEPT_NAME": "Problem with patient ventilator",
							"STANDARD_CONCEPT": "S",
							"STANDARD_CONCEPT_CAPTION": "Standard",
							"INVALID_REASON": "V",
							"INVALID_REASON_CAPTION": "Valid",
							"CONCEPT_CODE": "397846002",
							"DOMAIN_ID": "Observation",
							"VOCABULARY_ID": "SNOMED",
							"CONCEPT_CLASS_ID": "Clinical Finding"
						},
						"isExcluded": false,
						"includeDescendants": true,
						"includeMapped": false
					},
					{
						"concept": {
							"CONCEPT_ID": 44808555,
							"CONCEPT_NAME": "Provision of mechanical ventilator",
							"STANDARD_CONCEPT": "S",
							"STANDARD_CONCEPT_CAPTION": "Standard",
							"INVALID_REASON": "V",
							"INVALID_REASON_CAPTION": "Valid",
							"CONCEPT_CODE": "859311000000101",
							"DOMAIN_ID": "Procedure",
							"VOCABULARY_ID": "SNOMED",
							"CONCEPT_CLASS_ID": "Procedure"
						},
						"isExcluded": true,
						"includeDescendants": true,
						"includeMapped": false
					},
					{
						"concept": {
							"CONCEPT_ID": 2788037,
							"CONCEPT_NAME": "Respiratory Ventilation, 24-96 Consecutive Hours",
							"STANDARD_CONCEPT": "S",
							"STANDARD_CONCEPT_CAPTION": "Standard",
							"INVALID_REASON": "V",
							"INVALID_REASON_CAPTION": "Valid",
							"CONCEPT_CODE": "5A1945Z",
							"DOMAIN_ID": "Procedure",
							"VOCABULARY_ID": "ICD10PCS",
							"CONCEPT_CLASS_ID": "ICD10PCS"
						},
						"isExcluded": false,
						"includeDescendants": true,
						"includeMapped": false
					},
					{
						"concept": {
							"CONCEPT_ID": 2788038,
							"CONCEPT_NAME": "Respiratory Ventilation, Greater than 96 Consecutive Hours",
							"STANDARD_CONCEPT": "S",
							"STANDARD_CONCEPT_CAPTION": "Standard",
							"INVALID_REASON": "V",
							"INVALID_REASON_CAPTION": "Valid",
							"CONCEPT_CODE": "5A1955Z",
							"DOMAIN_ID": "Procedure",
							"VOCABULARY_ID": "ICD10PCS",
							"CONCEPT_CLASS_ID": "ICD10PCS"
						},
						"isExcluded": false,
						"includeDescendants": true,
						"includeMapped": false
					},
					{
						"concept": {
							"CONCEPT_ID": 2788036,
							"CONCEPT_NAME": "Respiratory Ventilation, Less than 24 Consecutive Hours",
							"STANDARD_CONCEPT": "S",
							"STANDARD_CONCEPT_CAPTION": "Standard",
							"INVALID_REASON": "V",
							"INVALID_REASON_CAPTION": "Valid",
							"CONCEPT_CODE": "5A1935Z",
							"DOMAIN_ID": "Procedure",
							"VOCABULARY_ID": "ICD10PCS",
							"CONCEPT_CLASS_ID": "ICD10PCS"
						},
						"isExcluded": false,
						"includeDescendants": true,
						"includeMapped": false
					},
					{
						"concept": {
							"CONCEPT_ID": 4006318,
							"CONCEPT_NAME": "Respiratory assist, manual",
							"STANDARD_CONCEPT": "S",
							"STANDARD_CONCEPT_CAPTION": "Standard",
							"INVALID_REASON": "V",
							"INVALID_REASON_CAPTION": "Valid",
							"CONCEPT_CODE": "11140008",
							"DOMAIN_ID": "Procedure",
							"VOCABULARY_ID": "SNOMED",
							"CONCEPT_CLASS_ID": "Procedure"
						},
						"isExcluded": true,
						"includeDescendants": true,
						"includeMapped": false
					},
					{
						"concept": {
							"CONCEPT_ID": 4254108,
							"CONCEPT_NAME": "Resuscitation with artificial respiration",
							"STANDARD_CONCEPT": "S",
							"STANDARD_CONCEPT_CAPTION": "Standard",
							"INVALID_REASON": "V",
							"INVALID_REASON_CAPTION": "Valid",
							"CONCEPT_CODE": "74596007",
							"DOMAIN_ID": "Procedure",
							"VOCABULARY_ID": "SNOMED",
							"CONCEPT_CLASS_ID": "Procedure"
						},
						"isExcluded": true,
						"includeDescendants": true,
						"includeMapped": false
					},
					{
						"concept": {
							"CONCEPT_ID": 45887795,
							"CONCEPT_NAME": "Ventilation assist and management, initiation of pressure or volume preset ventilators for assisted or controlled breathing",
							"STANDARD_CONCEPT": "C",
							"STANDARD_CONCEPT_CAPTION": "Classification",
							"INVALID_REASON": "V",
							"INVALID_REASON_CAPTION": "Valid",
							"CONCEPT_CODE": "1014859",
							"DOMAIN_ID": "Procedure",
							"VOCABULARY_ID": "CPT4",
							"CONCEPT_CLASS_ID": "CPT4 Hierarchy"
						},
						"isExcluded": false,
						"includeDescendants": true,
						"includeMapped": false
					},
					{
						"concept": {
							"CONCEPT_ID": 42738852,
							"CONCEPT_NAME": "Ventilation assist and management, initiation of pressure or volume preset ventilators for assisted or controlled breathing; first day",
							"STANDARD_CONCEPT": "S",
							"STANDARD_CONCEPT_CAPTION": "Standard",
							"INVALID_REASON": "V",
							"INVALID_REASON_CAPTION": "Valid",
							"CONCEPT_CODE": "94656",
							"DOMAIN_ID": "Procedure",
							"VOCABULARY_ID": "CPT4",
							"CONCEPT_CLASS_ID": "CPT4"
						},
						"isExcluded": false,
						"includeDescendants": true,
						"includeMapped": false
					},
					{
						"concept": {
							"CONCEPT_ID": 42738853,
							"CONCEPT_NAME": "Ventilation assist and management, initiation of pressure or volume preset ventilators for assisted or controlled breathing; subsequent days",
							"STANDARD_CONCEPT": "S",
							"STANDARD_CONCEPT_CAPTION": "Standard",
							"INVALID_REASON": "V",
							"INVALID_REASON_CAPTION": "Valid",
							"CONCEPT_CODE": "94657",
							"DOMAIN_ID": "Procedure",
							"VOCABULARY_ID": "CPT4",
							"CONCEPT_CLASS_ID": "CPT4"
						},
						"isExcluded": false,
						"includeDescendants": true,
						"includeMapped": false
					},
					{
						"concept": {
							"CONCEPT_ID": 4237618,
							"CONCEPT_NAME": "Ventilator care",
							"STANDARD_CONCEPT": "S",
							"STANDARD_CONCEPT_CAPTION": "Standard",
							"INVALID_REASON": "V",
							"INVALID_REASON_CAPTION": "Valid",
							"CONCEPT_CODE": "409025002",
							"DOMAIN_ID": "Observation",
							"VOCABULARY_ID": "SNOMED",
							"CONCEPT_CLASS_ID": "Procedure"
						},
						"isExcluded": false,
						"includeDescendants": true,
						"includeMapped": false
					},
					{
						"concept": {
							"CONCEPT_ID": 4259233,
							"CONCEPT_NAME": "Ventilator care assessment",
							"STANDARD_CONCEPT": "S",
							"STANDARD_CONCEPT_CAPTION": "Standard",
							"INVALID_REASON": "V",
							"INVALID_REASON_CAPTION": "Valid",
							"CONCEPT_CODE": "410208007",
							"DOMAIN_ID": "Procedure",
							"VOCABULARY_ID": "SNOMED",
							"CONCEPT_CLASS_ID": "Procedure"
						},
						"isExcluded": true,
						"includeDescendants": true,
						"includeMapped": false
					},
					{
						"concept": {
							"CONCEPT_ID": 4254905,
							"CONCEPT_NAME": "Ventilator care education",
							"STANDARD_CONCEPT": "S",
							"STANDARD_CONCEPT_CAPTION": "Standard",
							"INVALID_REASON": "V",
							"INVALID_REASON_CAPTION": "Valid",
							"CONCEPT_CODE": "410209004",
							"DOMAIN_ID": "Procedure",
							"VOCABULARY_ID": "SNOMED",
							"CONCEPT_CLASS_ID": "Procedure"
						},
						"isExcluded": true,
						"includeDescendants": true,
						"includeMapped": false
					},
					{
						"concept": {
							"CONCEPT_ID": 4251737,
							"CONCEPT_NAME": "Ventilator care management",
							"STANDARD_CONCEPT": "S",
							"STANDARD_CONCEPT_CAPTION": "Standard",
							"INVALID_REASON": "V",
							"INVALID_REASON_CAPTION": "Valid",
							"CONCEPT_CODE": "410210009",
							"DOMAIN_ID": "Procedure",
							"VOCABULARY_ID": "SNOMED",
							"CONCEPT_CLASS_ID": "Procedure"
						},
						"isExcluded": false,
						"includeDescendants": true,
						"includeMapped": false
					},
					{
						"concept": {
							"CONCEPT_ID": 4353715,
							"CONCEPT_NAME": "Ventilator finding",
							"STANDARD_CONCEPT": "S",
							"STANDARD_CONCEPT_CAPTION": "Standard",
							"INVALID_REASON": "V",
							"INVALID_REASON_CAPTION": "Valid",
							"CONCEPT_CODE": "250870006",
							"DOMAIN_ID": "Observation",
							"VOCABULARY_ID": "SNOMED",
							"CONCEPT_CLASS_ID": "Clinical Finding"
						},
						"isExcluded": true,
						"includeDescendants": true,
						"includeMapped": false
					},
					{
						"concept": {
							"CONCEPT_ID": 44791135,
							"CONCEPT_NAME": "Ventilatory support",
							"STANDARD_CONCEPT": "S",
							"STANDARD_CONCEPT_CAPTION": "Standard",
							"INVALID_REASON": "V",
							"INVALID_REASON_CAPTION": "Valid",
							"CONCEPT_CODE": "231821000000109",
							"DOMAIN_ID": "Procedure",
							"VOCABULARY_ID": "SNOMED",
							"CONCEPT_CLASS_ID": "Procedure"
						},
						"isExcluded": false,
						"includeDescendants": true,
						"includeMapped": false
					},
					{
						"concept": {
							"CONCEPT_ID": 4072633,
							"CONCEPT_NAME": "Weaning from mechanically assisted ventilation",
							"STANDARD_CONCEPT": "S",
							"STANDARD_CONCEPT_CAPTION": "Standard",
							"INVALID_REASON": "V",
							"INVALID_REASON_CAPTION": "Valid",
							"CONCEPT_CODE": "243174005",
							"DOMAIN_ID": "Procedure",
							"VOCABULARY_ID": "SNOMED",
							"CONCEPT_CLASS_ID": "Procedure"
						},
						"isExcluded": false,
						"includeDescendants": true,
						"includeMapped": false
					}
				]
			}
		},
		{
			"id": 9,
			"name": "tracheostomy",
			"expression": {
				"items": [
					{
						"concept": {
							"CONCEPT_ID": 4166281,
							"CONCEPT_NAME": "Anterior tracheostomy",
							"STANDARD_CONCEPT": "S",
							"STANDARD_CONCEPT_CAPTION": "Standard",
							"INVALID_REASON": "V",
							"INVALID_REASON_CAPTION": "Valid",
							"CONCEPT_CODE": "274969000",
							"DOMAIN_ID": "Procedure",
							"VOCABULARY_ID": "SNOMED",
							"CONCEPT_CLASS_ID": "Procedure"
						},
						"isExcluded": false,
						"includeDescendants": true,
						"includeMapped": false
					},
					{
						"concept": {
							"CONCEPT_ID": 2106568,
							"CONCEPT_NAME": "Construction of tracheoesophageal fistula and subsequent insertion of an alaryngeal speech prosthesis (eg, voice button, Blom-Singer prosthesis)",
							"STANDARD_CONCEPT": "S",
							"STANDARD_CONCEPT_CAPTION": "Standard",
							"INVALID_REASON": "V",
							"INVALID_REASON_CAPTION": "Valid",
							"CONCEPT_CODE": "31611",
							"DOMAIN_ID": "Procedure",
							"VOCABULARY_ID": "CPT4",
							"CONCEPT_CLASS_ID": "CPT4"
						},
						"isExcluded": false,
						"includeDescendants": true,
						"includeMapped": false
					},
					{
						"concept": {
							"CONCEPT_ID": 4115488,
							"CONCEPT_NAME": "Emergency tracheostomy",
							"STANDARD_CONCEPT": "S",
							"STANDARD_CONCEPT_CAPTION": "Standard",
							"INVALID_REASON": "V",
							"INVALID_REASON_CAPTION": "Valid",
							"CONCEPT_CODE": "287439000",
							"DOMAIN_ID": "Procedure",
							"VOCABULARY_ID": "SNOMED",
							"CONCEPT_CLASS_ID": "Procedure"
						},
						"isExcluded": false,
						"includeDescendants": true,
						"includeMapped": false
					},
					{
						"concept": {
							"CONCEPT_ID": 4337047,
							"CONCEPT_NAME": "Insertion of tracheostomy tube",
							"STANDARD_CONCEPT": "S",
							"STANDARD_CONCEPT_CAPTION": "Standard",
							"INVALID_REASON": "V",
							"INVALID_REASON_CAPTION": "Valid",
							"CONCEPT_CODE": "232685002",
							"DOMAIN_ID": "Procedure",
							"VOCABULARY_ID": "SNOMED",
							"CONCEPT_CLASS_ID": "Procedure"
						},
						"isExcluded": false,
						"includeDescendants": true,
						"includeMapped": false
					},
					{
						"concept": {
							"CONCEPT_ID": 4168864,
							"CONCEPT_NAME": "Lateral tracheostomy",
							"STANDARD_CONCEPT": "S",
							"STANDARD_CONCEPT_CAPTION": "Standard",
							"INVALID_REASON": "V",
							"INVALID_REASON_CAPTION": "Valid",
							"CONCEPT_CODE": "274970004",
							"DOMAIN_ID": "Procedure",
							"VOCABULARY_ID": "SNOMED",
							"CONCEPT_CLASS_ID": "Procedure"
						},
						"isExcluded": false,
						"includeDescendants": true,
						"includeMapped": false
					},
					{
						"concept": {
							"CONCEPT_ID": 4199580,
							"CONCEPT_NAME": "Mediastinal tracheostomy",
							"STANDARD_CONCEPT": "S",
							"STANDARD_CONCEPT_CAPTION": "Standard",
							"INVALID_REASON": "V",
							"INVALID_REASON_CAPTION": "Valid",
							"CONCEPT_CODE": "52536006",
							"DOMAIN_ID": "Procedure",
							"VOCABULARY_ID": "SNOMED",
							"CONCEPT_CLASS_ID": "Procedure"
						},
						"isExcluded": false,
						"includeDescendants": true,
						"includeMapped": false
					},
					{
						"concept": {
							"CONCEPT_ID": 2831237,
							"CONCEPT_NAME": "Medical and Surgical @ Respiratory System @ Bypass @ Trachea @ Open @ Tracheostomy Device",
							"STANDARD_CONCEPT": "S",
							"STANDARD_CONCEPT_CAPTION": "Standard",
							"INVALID_REASON": "V",
							"INVALID_REASON_CAPTION": "Valid",
							"CONCEPT_CODE": "0B110F",
							"DOMAIN_ID": "Procedure",
							"VOCABULARY_ID": "ICD10PCS",
							"CONCEPT_CLASS_ID": "ICD10PCS Hierarchy"
						},
						"isExcluded": false,
						"includeDescendants": true,
						"includeMapped": false
					},
					{
						"concept": {
							"CONCEPT_ID": 2836115,
							"CONCEPT_NAME": "Medical and Surgical @ Respiratory System @ Bypass @ Trachea @ Percutaneous @ Tracheostomy Device",
							"STANDARD_CONCEPT": "S",
							"STANDARD_CONCEPT_CAPTION": "Standard",
							"INVALID_REASON": "V",
							"INVALID_REASON_CAPTION": "Valid",
							"CONCEPT_CODE": "0B113F",
							"DOMAIN_ID": "Procedure",
							"VOCABULARY_ID": "ICD10PCS",
							"CONCEPT_CLASS_ID": "ICD10PCS Hierarchy"
						},
						"isExcluded": false,
						"includeDescendants": true,
						"includeMapped": false
					},
					{
						"concept": {
							"CONCEPT_ID": 2794811,
							"CONCEPT_NAME": "Medical and Surgical @ Respiratory System @ Change @ Trachea @ External @ Tracheostomy Device",
							"STANDARD_CONCEPT": "S",
							"STANDARD_CONCEPT_CAPTION": "Standard",
							"INVALID_REASON": "V",
							"INVALID_REASON_CAPTION": "Valid",
							"CONCEPT_CODE": "0B21XF",
							"DOMAIN_ID": "Procedure",
							"VOCABULARY_ID": "ICD10PCS",
							"CONCEPT_CLASS_ID": "ICD10PCS Hierarchy"
						},
						"isExcluded": false,
						"includeDescendants": true,
						"includeMapped": false
					},
					{
						"concept": {
							"CONCEPT_ID": 2862930,
							"CONCEPT_NAME": "Medical and Surgical @ Respiratory System @ Revision @ Trachea @ Open @ Tracheostomy Device",
							"STANDARD_CONCEPT": "S",
							"STANDARD_CONCEPT_CAPTION": "Standard",
							"INVALID_REASON": "V",
							"INVALID_REASON_CAPTION": "Valid",
							"CONCEPT_CODE": "0BW10F",
							"DOMAIN_ID": "Procedure",
							"VOCABULARY_ID": "ICD10PCS",
							"CONCEPT_CLASS_ID": "ICD10PCS Hierarchy"
						},
						"isExcluded": false,
						"includeDescendants": true,
						"includeMapped": false
					},
					{
						"concept": {
							"CONCEPT_ID": 2870619,
							"CONCEPT_NAME": "Medical and Surgical @ Respiratory System @ Revision @ Trachea @ Percutaneous @ Tracheostomy Device",
							"STANDARD_CONCEPT": "S",
							"STANDARD_CONCEPT_CAPTION": "Standard",
							"INVALID_REASON": "V",
							"INVALID_REASON_CAPTION": "Valid",
							"CONCEPT_CODE": "0BW13F",
							"DOMAIN_ID": "Procedure",
							"VOCABULARY_ID": "ICD10PCS",
							"CONCEPT_CLASS_ID": "ICD10PCS Hierarchy"
						},
						"isExcluded": false,
						"includeDescendants": true,
						"includeMapped": false
					},
					{
						"concept": {
							"CONCEPT_ID": 2829384,
							"CONCEPT_NAME": "Medical and Surgical @ Respiratory System @ Revision @ Trachea @ Percutaneous Endoscopic @ Tracheostomy Device",
							"STANDARD_CONCEPT": "S",
							"STANDARD_CONCEPT_CAPTION": "Standard",
							"INVALID_REASON": "V",
							"INVALID_REASON_CAPTION": "Valid",
							"CONCEPT_CODE": "0BW14F",
							"DOMAIN_ID": "Procedure",
							"VOCABULARY_ID": "ICD10PCS",
							"CONCEPT_CLASS_ID": "ICD10PCS Hierarchy"
						},
						"isExcluded": false,
						"includeDescendants": true,
						"includeMapped": false
					},
					{
						"concept": {
							"CONCEPT_ID": 2829386,
							"CONCEPT_NAME": "Medical and Surgical @ Respiratory System @ Revision @ Trachea @ Via Natural or Artificial Opening @ Tracheostomy Device",
							"STANDARD_CONCEPT": "S",
							"STANDARD_CONCEPT_CAPTION": "Standard",
							"INVALID_REASON": "V",
							"INVALID_REASON_CAPTION": "Valid",
							"CONCEPT_CODE": "0BW17F",
							"DOMAIN_ID": "Procedure",
							"VOCABULARY_ID": "ICD10PCS",
							"CONCEPT_CLASS_ID": "ICD10PCS Hierarchy"
						},
						"isExcluded": false,
						"includeDescendants": true,
						"includeMapped": false
					},
					{
						"concept": {
							"CONCEPT_ID": 4065590,
							"CONCEPT_NAME": "Permanent tracheostomy",
							"STANDARD_CONCEPT": "S",
							"STANDARD_CONCEPT_CAPTION": "Standard",
							"INVALID_REASON": "V",
							"INVALID_REASON_CAPTION": "Valid",
							"CONCEPT_CODE": "21619009",
							"DOMAIN_ID": "Procedure",
							"VOCABULARY_ID": "SNOMED",
							"CONCEPT_CLASS_ID": "Procedure"
						},
						"isExcluded": false,
						"includeDescendants": true,
						"includeMapped": false
					},
					{
						"concept": {
							"CONCEPT_ID": 2743216,
							"CONCEPT_NAME": "Removal of Tracheostomy Device from Trachea, Via Natural or Artificial Opening",
							"STANDARD_CONCEPT": "S",
							"STANDARD_CONCEPT_CAPTION": "Standard",
							"INVALID_REASON": "V",
							"INVALID_REASON_CAPTION": "Valid",
							"CONCEPT_CODE": "0BP17FZ",
							"DOMAIN_ID": "Procedure",
							"VOCABULARY_ID": "ICD10PCS",
							"CONCEPT_CLASS_ID": "ICD10PCS"
						},
						"isExcluded": false,
						"includeDescendants": true,
						"includeMapped": false
					},
					{
						"concept": {
							"CONCEPT_ID": 4311023,
							"CONCEPT_NAME": "Revision of stoma of trachea",
							"STANDARD_CONCEPT": "S",
							"STANDARD_CONCEPT_CAPTION": "Standard",
							"INVALID_REASON": "V",
							"INVALID_REASON_CAPTION": "Valid",
							"CONCEPT_CODE": "392168001",
							"DOMAIN_ID": "Procedure",
							"VOCABULARY_ID": "SNOMED",
							"CONCEPT_CLASS_ID": "Procedure"
						},
						"isExcluded": false,
						"includeDescendants": true,
						"includeMapped": false
					},
					{
						"concept": {
							"CONCEPT_ID": 4195473,
							"CONCEPT_NAME": "Temporary tracheostomy",
							"STANDARD_CONCEPT": "S",
							"STANDARD_CONCEPT_CAPTION": "Standard",
							"INVALID_REASON": "V",
							"INVALID_REASON_CAPTION": "Valid",
							"CONCEPT_CODE": "43988005",
							"DOMAIN_ID": "Procedure",
							"VOCABULARY_ID": "SNOMED",
							"CONCEPT_CLASS_ID": "Procedure"
						},
						"isExcluded": false,
						"includeDescendants": true,
						"includeMapped": false
					},
					{
						"concept": {
							"CONCEPT_ID": 2106569,
							"CONCEPT_NAME": "Tracheal puncture, percutaneous with transtracheal aspiration and/or injection",
							"STANDARD_CONCEPT": "S",
							"STANDARD_CONCEPT_CAPTION": "Standard",
							"INVALID_REASON": "V",
							"INVALID_REASON_CAPTION": "Valid",
							"CONCEPT_CODE": "31612",
							"DOMAIN_ID": "Procedure",
							"VOCABULARY_ID": "CPT4",
							"CONCEPT_CLASS_ID": "CPT4"
						},
						"isExcluded": false,
						"includeDescendants": true,
						"includeMapped": false
					},
					{
						"concept": {
							"CONCEPT_ID": 4208093,
							"CONCEPT_NAME": "Tracheostomy, emergency procedure by transtracheal approach",
							"STANDARD_CONCEPT": "S",
							"STANDARD_CONCEPT_CAPTION": "Standard",
							"INVALID_REASON": "V",
							"INVALID_REASON_CAPTION": "Valid",
							"CONCEPT_CODE": "55622001",
							"DOMAIN_ID": "Procedure",
							"VOCABULARY_ID": "SNOMED",
							"CONCEPT_CLASS_ID": "Procedure"
						},
						"isExcluded": false,
						"includeDescendants": true,
						"includeMapped": false
					},
					{
						"concept": {
							"CONCEPT_ID": 2106565,
							"CONCEPT_NAME": "Tracheostomy, emergency procedure; cricothyroid membrane",
							"STANDARD_CONCEPT": "S",
							"STANDARD_CONCEPT_CAPTION": "Standard",
							"INVALID_REASON": "V",
							"INVALID_REASON_CAPTION": "Valid",
							"CONCEPT_CODE": "31605",
							"DOMAIN_ID": "Procedure",
							"VOCABULARY_ID": "CPT4",
							"CONCEPT_CLASS_ID": "CPT4"
						},
						"isExcluded": false,
						"includeDescendants": true,
						"includeMapped": false
					},
					{
						"concept": {
							"CONCEPT_ID": 2106567,
							"CONCEPT_NAME": "Tracheostomy, fenestration procedure with skin flaps",
							"STANDARD_CONCEPT": "S",
							"STANDARD_CONCEPT_CAPTION": "Standard",
							"INVALID_REASON": "V",
							"INVALID_REASON_CAPTION": "Valid",
							"CONCEPT_CODE": "31610",
							"DOMAIN_ID": "Procedure",
							"VOCABULARY_ID": "CPT4",
							"CONCEPT_CLASS_ID": "CPT4"
						},
						"isExcluded": false,
						"includeDescendants": true,
						"includeMapped": false
					},
					{
						"concept": {
							"CONCEPT_ID": 2106562,
							"CONCEPT_NAME": "Tracheostomy, planned (separate procedure)",
							"STANDARD_CONCEPT": "S",
							"STANDARD_CONCEPT_CAPTION": "Standard",
							"INVALID_REASON": "V",
							"INVALID_REASON_CAPTION": "Valid",
							"CONCEPT_CODE": "31600",
							"DOMAIN_ID": "Procedure",
							"VOCABULARY_ID": "CPT4",
							"CONCEPT_CLASS_ID": "CPT4"
						},
						"isExcluded": false,
						"includeDescendants": true,
						"includeMapped": false
					},
					{
						"concept": {
							"CONCEPT_ID": 2106563,
							"CONCEPT_NAME": "Tracheostomy, planned (separate procedure); younger than 2 years",
							"STANDARD_CONCEPT": "S",
							"STANDARD_CONCEPT_CAPTION": "Standard",
							"INVALID_REASON": "V",
							"INVALID_REASON_CAPTION": "Valid",
							"CONCEPT_CODE": "31601",
							"DOMAIN_ID": "Procedure",
							"VOCABULARY_ID": "CPT4",
							"CONCEPT_CLASS_ID": "CPT4"
						},
						"isExcluded": false,
						"includeDescendants": true,
						"includeMapped": false
					},
					{
						"concept": {
							"CONCEPT_ID": 45887989,
							"CONCEPT_NAME": "Transoral approach to skull base, brain stem or upper spinal cord for biopsy, decompression or excision of lesion",
							"STANDARD_CONCEPT": "C",
							"STANDARD_CONCEPT_CAPTION": "Classification",
							"INVALID_REASON": "V",
							"INVALID_REASON_CAPTION": "Valid",
							"CONCEPT_CODE": "1014232",
							"DOMAIN_ID": "Procedure",
							"VOCABULARY_ID": "CPT4",
							"CONCEPT_CLASS_ID": "CPT4 Hierarchy"
						},
						"isExcluded": false,
						"includeDescendants": true,
						"includeMapped": false
					},
					{
						"concept": {
							"CONCEPT_ID": 2110486,
							"CONCEPT_NAME": "Transoral approach to skull base, brain stem or upper spinal cord for biopsy, decompression or excision of lesion; requiring splitting of tongue and/or mandible (including tracheostomy)",
							"STANDARD_CONCEPT": "S",
							"STANDARD_CONCEPT_CAPTION": "Standard",
							"INVALID_REASON": "V",
							"INVALID_REASON_CAPTION": "Valid",
							"CONCEPT_CODE": "61576",
							"DOMAIN_ID": "Procedure",
							"VOCABULARY_ID": "CPT4",
							"CONCEPT_CLASS_ID": "CPT4"
						},
						"isExcluded": true,
						"includeDescendants": true,
						"includeMapped": false
					}
				]
			}
		}
	],
	"QualifiedLimit": {
		"Type": "All"
	},
	"ExpressionLimit": {
		"Type": "All"
	},
	"InclusionRules": [],
	"EndStrategy": {
		"DateOffset": {
			"DateField": "StartDate",
			"Offset": 1
		}
	},
	"CensoringCriteria": [],
	"CollapseSettings": {
		"CollapseType": "ERA",
		"EraPad": 30
	},
	"CensorWindow": {}
}