{
  "ConceptSets": [
    {
      "id": 4,
      "name": "Inpatient Visit",
      "expression": {
        "items": [
          {
            "concept": {
              "CONCEPT_CLASS_ID": "Visit",
              "CONCEPT_CODE": "ERIP",
              "CONCEPT_ID": 262,
              "CONCEPT_NAME": "Emergency Room and Inpatient Visit",
              "DOMAIN_ID": "Visit",
              "INVALID_REASON": "V",
              "INVALID_REASON_CAPTION": "Valid",
              "STANDARD_CONCEPT": "S",
              "STANDARD_CONCEPT_CAPTION": "Standard",
              "VOCABULARY_ID": "Visit"
            },
            "includeDescendants": true
          },
          {
            "concept": {
              "CONCEPT_CLASS_ID": "Visit",
              "CONCEPT_CODE": "IP",
              "CONCEPT_ID": 9201,
              "CONCEPT_NAME": "Inpatient Visit",
              "DOMAIN_ID": "Visit",
              "INVALID_REASON": "V",
              "INVALID_REASON_CAPTION": "Valid",
              "STANDARD_CONCEPT": "S",
              "STANDARD_CONCEPT_CAPTION": "Standard",
              "VOCABULARY_ID": "Visit"
            },
            "includeDescendants": true
          }
        ]
      }
    },
    {
      "id": 5,
      "name": "tracheostomy",
      "expression": {
        "items": [
          {
            "concept": {
              "CONCEPT_CLASS_ID": "Procedure",
              "CONCEPT_CODE": "274969000",
              "CONCEPT_ID": 4166281,
              "CONCEPT_NAME": "Anterior tracheostomy",
              "DOMAIN_ID": "Procedure",
              "INVALID_REASON": "V",
              "INVALID_REASON_CAPTION": "Valid",
              "STANDARD_CONCEPT": "S",
              "STANDARD_CONCEPT_CAPTION": "Standard",
              "VOCABULARY_ID": "SNOMED"
            },
            "includeDescendants": true
          },
          {
            "concept": {
              "CONCEPT_CLASS_ID": "CPT4",
              "CONCEPT_CODE": "31611",
              "CONCEPT_ID": 2106568,
              "CONCEPT_NAME": "Construction of tracheoesophageal fistula and subsequent insertion of an alaryngeal speech prosthesis (eg, voice button, Blom-Singer prosthesis)",
              "DOMAIN_ID": "Procedure",
              "INVALID_REASON": "V",
              "INVALID_REASON_CAPTION": "Valid",
              "STANDARD_CONCEPT": "S",
              "STANDARD_CONCEPT_CAPTION": "Standard",
              "VOCABULARY_ID": "CPT4"
            },
            "includeDescendants": true
          },
          {
            "concept": {
              "CONCEPT_CLASS_ID": "Procedure",
              "CONCEPT_CODE": "287439000",
              "CONCEPT_ID": 4115488,
              "CONCEPT_NAME": "Emergency tracheostomy",
              "DOMAIN_ID": "Procedure",
              "INVALID_REASON": "V",
              "INVALID_REASON_CAPTION": "Valid",
              "STANDARD_CONCEPT": "S",
              "STANDARD_CONCEPT_CAPTION": "Standard",
              "VOCABULARY_ID": "SNOMED"
            },
            "includeDescendants": true
          },
          {
            "concept": {
              "CONCEPT_CLASS_ID": "Procedure",
              "CONCEPT_CODE": "232685002",
              "CONCEPT_ID": 4337047,
              "CONCEPT_NAME": "Insertion of tracheostomy tube",
              "DOMAIN_ID": "Procedure",
              "INVALID_REASON": "V",
              "INVALID_REASON_CAPTION": "Valid",
              "STANDARD_CONCEPT": "S",
              "STANDARD_CONCEPT_CAPTION": "Standard",
              "VOCABULARY_ID": "SNOMED"
            },
            "includeDescendants": true
          },
          {
            "concept": {
              "CONCEPT_CLASS_ID": "Procedure",
              "CONCEPT_CODE": "274970004",
              "CONCEPT_ID": 4168864,
              "CONCEPT_NAME": "Lateral tracheostomy",
              "DOMAIN_ID": "Procedure",
              "INVALID_REASON": "V",
              "INVALID_REASON_CAPTION": "Valid",
              "STANDARD_CONCEPT": "S",
              "STANDARD_CONCEPT_CAPTION": "Standard",
              "VOCABULARY_ID": "SNOMED"
            },
            "includeDescendants": true
          },
          {
            "concept": {
              "CONCEPT_CLASS_ID": "Procedure",
              "CONCEPT_CODE": "52536006",
              "CONCEPT_ID": 4199580,
              "CONCEPT_NAME": "Mediastinal tracheostomy",
              "DOMAIN_ID": "Procedure",
              "INVALID_REASON": "V",
              "INVALID_REASON_CAPTION": "Valid",
              "STANDARD_CONCEPT": "S",
              "STANDARD_CONCEPT_CAPTION": "Standard",
              "VOCABULARY_ID": "SNOMED"
            },
            "includeDescendants": true
          },
          {
            "concept": {
              "CONCEPT_CLASS_ID": "ICD10PCS Hierarchy",
              "CONCEPT_CODE": "0B110F",
              "CONCEPT_ID": 2831237,
              "CONCEPT_NAME": "Medical and Surgical @ Respiratory System @ Bypass @ Trachea @ Open @ Tracheostomy Device",
              "DOMAIN_ID": "Procedure",
              "INVALID_REASON": "V",
              "INVALID_REASON_CAPTION": "Valid",
              "STANDARD_CONCEPT": "S",
              "STANDARD_CONCEPT_CAPTION": "Standard",
              "VOCABULARY_ID": "ICD10PCS"
            },
            "includeDescendants": true
          },
          {
            "concept": {
              "CONCEPT_CLASS_ID": "ICD10PCS Hierarchy",
              "CONCEPT_CODE": "0B113F",
              "CONCEPT_ID": 2836115,
              "CONCEPT_NAME": "Medical and Surgical @ Respiratory System @ Bypass @ Trachea @ Percutaneous @ Tracheostomy Device",
              "DOMAIN_ID": "Procedure",
              "INVALID_REASON": "V",
              "INVALID_REASON_CAPTION": "Valid",
              "STANDARD_CONCEPT": "S",
              "STANDARD_CONCEPT_CAPTION": "Standard",
              "VOCABULARY_ID": "ICD10PCS"
            },
            "includeDescendants": true
          },
          {
            "concept": {
              "CONCEPT_CLASS_ID": "ICD10PCS Hierarchy",
              "CONCEPT_CODE": "0B21XF",
              "CONCEPT_ID": 2794811,
              "CONCEPT_NAME": "Medical and Surgical @ Respiratory System @ Change @ Trachea @ External @ Tracheostomy Device",
              "DOMAIN_ID": "Procedure",
              "INVALID_REASON": "V",
              "INVALID_REASON_CAPTION": "Valid",
              "STANDARD_CONCEPT": "S",
              "STANDARD_CONCEPT_CAPTION": "Standard",
              "VOCABULARY_ID": "ICD10PCS"
            },
            "includeDescendants": true
          },
          {
            "concept": {
              "CONCEPT_CLASS_ID": "ICD10PCS Hierarchy",
              "CONCEPT_CODE": "0BW10F",
              "CONCEPT_ID": 2862930,
              "CONCEPT_NAME": "Medical and Surgical @ Respiratory System @ Revision @ Trachea @ Open @ Tracheostomy Device",
              "DOMAIN_ID": "Procedure",
              "INVALID_REASON": "V",
              "INVALID_REASON_CAPTION": "Valid",
              "STANDARD_CONCEPT": "S",
              "STANDARD_CONCEPT_CAPTION": "Standard",
              "VOCABULARY_ID": "ICD10PCS"
            },
            "includeDescendants": true
          },
          {
            "concept": {
              "CONCEPT_CLASS_ID": "ICD10PCS Hierarchy",
              "CONCEPT_CODE": "0BW13F",
              "CONCEPT_ID": 2870619,
              "CONCEPT_NAME": "Medical and Surgical @ Respiratory System @ Revision @ Trachea @ Percutaneous @ Tracheostomy Device",
              "DOMAIN_ID": "Procedure",
              "INVALID_REASON": "V",
              "INVALID_REASON_CAPTION": "Valid",
              "STANDARD_CONCEPT": "S",
              "STANDARD_CONCEPT_CAPTION": "Standard",
              "VOCABULARY_ID": "ICD10PCS"
            },
            "includeDescendants": true
          },
          {
            "concept": {
              "CONCEPT_CLASS_ID": "ICD10PCS Hierarchy",
              "CONCEPT_CODE": "0BW14F",
              "CONCEPT_ID": 2829384,
              "CONCEPT_NAME": "Medical and Surgical @ Respiratory System @ Revision @ Trachea @ Percutaneous Endoscopic @ Tracheostomy Device",
              "DOMAIN_ID": "Procedure",
              "INVALID_REASON": "V",
              "INVALID_REASON_CAPTION": "Valid",
              "STANDARD_CONCEPT": "S",
              "STANDARD_CONCEPT_CAPTION": "Standard",
              "VOCABULARY_ID": "ICD10PCS"
            },
            "includeDescendants": true
          },
          {
            "concept": {
              "CONCEPT_CLASS_ID": "ICD10PCS Hierarchy",
              "CONCEPT_CODE": "0BW17F",
              "CONCEPT_ID": 2829386,
              "CONCEPT_NAME": "Medical and Surgical @ Respiratory System @ Revision @ Trachea @ Via Natural or Artificial Opening @ Tracheostomy Device",
              "DOMAIN_ID": "Procedure",
              "INVALID_REASON": "V",
              "INVALID_REASON_CAPTION": "Valid",
              "STANDARD_CONCEPT": "S",
              "STANDARD_CONCEPT_CAPTION": "Standard",
              "VOCABULARY_ID": "ICD10PCS"
            },
            "includeDescendants": true
          },
          {
            "concept": {
              "CONCEPT_CLASS_ID": "Procedure",
              "CONCEPT_CODE": "21619009",
              "CONCEPT_ID": 4065590,
              "CONCEPT_NAME": "Permanent tracheostomy",
              "DOMAIN_ID": "Procedure",
              "INVALID_REASON": "V",
              "INVALID_REASON_CAPTION": "Valid",
              "STANDARD_CONCEPT": "S",
              "STANDARD_CONCEPT_CAPTION": "Standard",
              "VOCABULARY_ID": "SNOMED"
            },
            "includeDescendants": true
          },
          {
            "concept": {
              "CONCEPT_CLASS_ID": "ICD10PCS",
              "CONCEPT_CODE": "0BP17FZ",
              "CONCEPT_ID": 2743216,
              "CONCEPT_NAME": "Removal of Tracheostomy Device from Trachea, Via Natural or Artificial Opening",
              "DOMAIN_ID": "Procedure",
              "INVALID_REASON": "V",
              "INVALID_REASON_CAPTION": "Valid",
              "STANDARD_CONCEPT": "S",
              "STANDARD_CONCEPT_CAPTION": "Standard",
              "VOCABULARY_ID": "ICD10PCS"
            },
            "includeDescendants": true
          },
          {
            "concept": {
              "CONCEPT_CLASS_ID": "Procedure",
              "CONCEPT_CODE": "392168001",
              "CONCEPT_ID": 4311023,
              "CONCEPT_NAME": "Revision of stoma of trachea",
              "DOMAIN_ID": "Procedure",
              "INVALID_REASON": "V",
              "INVALID_REASON_CAPTION": "Valid",
              "STANDARD_CONCEPT": "S",
              "STANDARD_CONCEPT_CAPTION": "Standard",
              "VOCABULARY_ID": "SNOMED"
            },
            "includeDescendants": true
          },
          {
            "concept": {
              "CONCEPT_CLASS_ID": "Procedure",
              "CONCEPT_CODE": "43988005",
              "CONCEPT_ID": 4195473,
              "CONCEPT_NAME": "Temporary tracheostomy",
              "DOMAIN_ID": "Procedure",
              "INVALID_REASON": "V",
              "INVALID_REASON_CAPTION": "Valid",
              "STANDARD_CONCEPT": "S",
              "STANDARD_CONCEPT_CAPTION": "Standard",
              "VOCABULARY_ID": "SNOMED"
            },
            "includeDescendants": true
          },
          {
            "concept": {
              "CONCEPT_CLASS_ID": "CPT4",
              "CONCEPT_CODE": "31612",
              "CONCEPT_ID": 2106569,
              "CONCEPT_NAME": "Tracheal puncture, percutaneous with transtracheal aspiration and/or injection",
              "DOMAIN_ID": "Procedure",
              "INVALID_REASON": "V",
              "INVALID_REASON_CAPTION": "Valid",
              "STANDARD_CONCEPT": "S",
              "STANDARD_CONCEPT_CAPTION": "Standard",
              "VOCABULARY_ID": "CPT4"
            },
            "includeDescendants": true
          },
          {
            "concept": {
              "CONCEPT_CLASS_ID": "Procedure",
              "CONCEPT_CODE": "55622001",
              "CONCEPT_ID": 4208093,
              "CONCEPT_NAME": "Tracheostomy, emergency procedure by transtracheal approach",
              "DOMAIN_ID": "Procedure",
              "INVALID_REASON": "V",
              "INVALID_REASON_CAPTION": "Valid",
              "STANDARD_CONCEPT": "S",
              "STANDARD_CONCEPT_CAPTION": "Standard",
              "VOCABULARY_ID": "SNOMED"
            },
            "includeDescendants": true
          },
          {
            "concept": {
              "CONCEPT_CLASS_ID": "CPT4",
              "CONCEPT_CODE": "31605",
              "CONCEPT_ID": 2106565,
              "CONCEPT_NAME": "Tracheostomy, emergency procedure; cricothyroid membrane",
              "DOMAIN_ID": "Procedure",
              "INVALID_REASON": "V",
              "INVALID_REASON_CAPTION": "Valid",
              "STANDARD_CONCEPT": "S",
              "STANDARD_CONCEPT_CAPTION": "Standard",
              "VOCABULARY_ID": "CPT4"
            },
            "includeDescendants": true
          },
          {
            "concept": {
              "CONCEPT_CLASS_ID": "CPT4",
              "CONCEPT_CODE": "31610",
              "CONCEPT_ID": 2106567,
              "CONCEPT_NAME": "Tracheostomy, fenestration procedure with skin flaps",
              "DOMAIN_ID": "Procedure",
              "INVALID_REASON": "V",
              "INVALID_REASON_CAPTION": "Valid",
              "STANDARD_CONCEPT": "S",
              "STANDARD_CONCEPT_CAPTION": "Standard",
              "VOCABULARY_ID": "CPT4"
            },
            "includeDescendants": true
          },
          {
            "concept": {
              "CONCEPT_CLASS_ID": "CPT4",
              "CONCEPT_CODE": "31600",
              "CONCEPT_ID": 2106562,
              "CONCEPT_NAME": "Tracheostomy, planned (separate procedure)",
              "DOMAIN_ID": "Procedure",
              "INVALID_REASON": "V",
              "INVALID_REASON_CAPTION": "Valid",
              "STANDARD_CONCEPT": "S",
              "STANDARD_CONCEPT_CAPTION": "Standard",
              "VOCABULARY_ID": "CPT4"
            },
            "includeDescendants": true
          },
          {
            "concept": {
              "CONCEPT_CLASS_ID": "CPT4",
              "CONCEPT_CODE": "31601",
              "CONCEPT_ID": 2106563,
              "CONCEPT_NAME": "Tracheostomy, planned (separate procedure); younger than 2 years",
              "DOMAIN_ID": "Procedure",
              "INVALID_REASON": "V",
              "INVALID_REASON_CAPTION": "Valid",
              "STANDARD_CONCEPT": "S",
              "STANDARD_CONCEPT_CAPTION": "Standard",
              "VOCABULARY_ID": "CPT4"
            },
            "includeDescendants": true
          },
          {
            "concept": {
              "CONCEPT_CLASS_ID": "CPT4 Hierarchy",
              "CONCEPT_CODE": "1014232",
              "CONCEPT_ID": 45887989,
              "CONCEPT_NAME": "Transoral approach to skull base, brain stem or upper spinal cord for biopsy, decompression or excision of lesion",
              "DOMAIN_ID": "Procedure",
              "INVALID_REASON": "V",
              "INVALID_REASON_CAPTION": "Valid",
              "STANDARD_CONCEPT": "C",
              "STANDARD_CONCEPT_CAPTION": "Classification",
              "VOCABULARY_ID": "CPT4"
            },
            "includeDescendants": true
          },
          {
            "concept": {
              "CONCEPT_CLASS_ID": "CPT4",
              "CONCEPT_CODE": "61576",
              "CONCEPT_ID": 2110486,
              "CONCEPT_NAME": "Transoral approach to skull base, brain stem or upper spinal cord for biopsy, decompression or excision of lesion; requiring splitting of tongue and/or mandible (including tracheostomy)",
              "DOMAIN_ID": "Procedure",
              "INVALID_REASON": "V",
              "INVALID_REASON_CAPTION": "Valid",
              "STANDARD_CONCEPT": "S",
              "STANDARD_CONCEPT_CAPTION": "Standard",
              "VOCABULARY_ID": "CPT4"
            },
            "isExcluded": true,
            "includeDescendants": true
          }
        ]
      }
    }
  ],
  "PrimaryCriteria": {
    "CriteriaList": [
      {
        "ProcedureOccurrence": {
          "CodesetId": 5
        }
      }
    ],
    "ObservationWindow": {
      "PriorDays": 0,
      "PostDays": 0
    },
    "PrimaryCriteriaLimit": {
      "Type": "All"
    }
  },
  "AdditionalCriteria": {
    "Type": "ALL",
    "CriteriaList": [
      {
        "Criteria": {
          "VisitOccurrence": {
            "CodesetId": 4
          }
        },
        "StartWindow": {
          "Start": {
            "Coeff": -1
          },
          "End": {
            "Days": 0,
            "Coeff": 1
          },
          "UseEventEnd": false
        },
        "EndWindow": {
          "Start": {
            "Days": 0,
            "Coeff": -1
          },
          "End": {
            "Coeff": 1
          },
          "UseEventEnd": true
        },
        "Occurrence": {
          "Type": 2,
          "Count": 1
        }
      }
    ],
    "DemographicCriteriaList": [],
    "Groups": []
  },
  "QualifiedLimit": {
    "Type": "All"
  },
  "ExpressionLimit": {
    "Type": "All"
  },
  "InclusionRules": [],
  "EndStrategy": {
    "DateOffset": {
      "DateField": "StartDate",
      "Offset": 1
    }
  },
  "CensoringCriteria": [],
  "CollapseSettings": {
    "CollapseType": "ERA",
    "EraPad": 30
  },
  "CensorWindow": {},
  "cdmVersionRange": ">=5.0.0"
}