{
  "ConceptSets": [
    {
      "id": 4,
      "name": "Inpatient Visit",
      "expression": {
        "items": [
          {
            "concept": {
              "CONCEPT_CLASS_ID": "Visit",
              "CONCEPT_CODE": "ERIP",
              "CONCEPT_ID": 262,
              "CONCEPT_NAME": "Emergency Room and Inpatient Visit",
              "DOMAIN_ID": "Visit",
              "INVALID_REASON": "V",
              "INVALID_REASON_CAPTION": "Valid",
              "STANDARD_CONCEPT": "S",
              "STANDARD_CONCEPT_CAPTION": "Standard",
              "VOCABULARY_ID": "Visit"
            },
            "includeDescendants": true
          },
          {
            "concept": {
              "CONCEPT_CLASS_ID": "Visit",
              "CONCEPT_CODE": "IP",
              "CONCEPT_ID": 9201,
              "CONCEPT_NAME": "Inpatient Visit",
              "DOMAIN_ID": "Visit",
              "INVALID_REASON": "V",
              "INVALID_REASON_CAPTION": "Valid",
              "STANDARD_CONCEPT": "S",
              "STANDARD_CONCEPT_CAPTION": "Standard",
              "VOCABULARY_ID": "Visit"
            },
            "includeDescendants": true
          }
        ]
      }
    },
    {
      "id": 7,
      "name": "Extracorporeal membrane oxygenation (ECMO) procedure",
      "expression": {
        "items": [
          {
            "concept": {
              "CONCEPT_CLASS_ID": "Procedure",
              "CONCEPT_CODE": "232969009",
              "CONCEPT_ID": 4338595,
              "CONCEPT_NAME": "Cardiac support using extracorporeal membrane oxygenation circuitry",
              "DOMAIN_ID": "Procedure",
              "INVALID_REASON": "V",
              "INVALID_REASON_CAPTION": "Valid",
              "STANDARD_CONCEPT": "S",
              "STANDARD_CONCEPT_CAPTION": "Standard",
              "VOCABULARY_ID": "SNOMED"
            }
          },
          {
            "concept": {
              "CONCEPT_CLASS_ID": "ICD10PCS",
              "CONCEPT_CODE": "5A05221",
              "CONCEPT_ID": 2787821,
              "CONCEPT_NAME": "Extracorporeal Hyperbaric Oxygenation, Continuous",
              "DOMAIN_ID": "Procedure",
              "INVALID_REASON": "V",
              "INVALID_REASON_CAPTION": "Valid",
              "STANDARD_CONCEPT": "S",
              "STANDARD_CONCEPT_CAPTION": "Standard",
              "VOCABULARY_ID": "ICD10PCS"
            }
          },
          {
            "concept": {
              "CONCEPT_CLASS_ID": "CPT4 Hierarchy",
              "CONCEPT_CODE": "1021846",
              "CONCEPT_ID": 46257586,
              "CONCEPT_NAME": "Extracorporeal Membrane Oxygenation or Extracorporeal Life Support Services and Procedures",
              "DOMAIN_ID": "Procedure",
              "INVALID_REASON": "V",
              "INVALID_REASON_CAPTION": "Valid",
              "STANDARD_CONCEPT": "C",
              "STANDARD_CONCEPT_CAPTION": "Classification",
              "VOCABULARY_ID": "CPT4"
            },
            "includeDescendants": true
          },
          {
            "concept": {
              "CONCEPT_CLASS_ID": "ICD10PCS",
              "CONCEPT_CODE": "5A1522F",
              "CONCEPT_ID": 1531632,
              "CONCEPT_NAME": "Extracorporeal Oxygenation, Membrane, Central",
              "DOMAIN_ID": "Procedure",
              "INVALID_REASON": "V",
              "INVALID_REASON_CAPTION": "Valid",
              "STANDARD_CONCEPT": "S",
              "STANDARD_CONCEPT_CAPTION": "Standard",
              "VOCABULARY_ID": "ICD10PCS"
            }
          },
          {
            "concept": {
              "CONCEPT_CLASS_ID": "ICD10PCS",
              "CONCEPT_CODE": "5A1522G",
              "CONCEPT_ID": 1531631,
              "CONCEPT_NAME": "Extracorporeal Oxygenation, Membrane, Peripheral Veno-arterial",
              "DOMAIN_ID": "Procedure",
              "INVALID_REASON": "V",
              "INVALID_REASON_CAPTION": "Valid",
              "STANDARD_CONCEPT": "S",
              "STANDARD_CONCEPT_CAPTION": "Standard",
              "VOCABULARY_ID": "ICD10PCS"
            }
          },
          {
            "concept": {
              "CONCEPT_CLASS_ID": "ICD10PCS",
              "CONCEPT_CODE": "5A1522H",
              "CONCEPT_ID": 1531630,
              "CONCEPT_NAME": "Extracorporeal Oxygenation, Membrane, Peripheral Veno-venous",
              "DOMAIN_ID": "Procedure",
              "INVALID_REASON": "V",
              "INVALID_REASON_CAPTION": "Valid",
              "STANDARD_CONCEPT": "S",
              "STANDARD_CONCEPT_CAPTION": "Standard",
              "VOCABULARY_ID": "ICD10PCS"
            }
          },
          {
            "concept": {
              "CONCEPT_CLASS_ID": "ICD10PCS",
              "CONCEPT_CODE": "5A0512C",
              "CONCEPT_ID": 2787820,
              "CONCEPT_NAME": "Extracorporeal Supersaturated Oxygenation, Intermittent",
              "DOMAIN_ID": "Procedure",
              "INVALID_REASON": "V",
              "INVALID_REASON_CAPTION": "Valid",
              "STANDARD_CONCEPT": "S",
              "STANDARD_CONCEPT_CAPTION": "Standard",
              "VOCABULARY_ID": "ICD10PCS"
            }
          },
          {
            "concept": {
              "CONCEPT_CLASS_ID": "Procedure",
              "CONCEPT_CODE": "X58.1",
              "CONCEPT_ID": 44515635,
              "CONCEPT_NAME": "Extracorporeal membrane oxygenation",
              "DOMAIN_ID": "Procedure",
              "INVALID_REASON": "V",
              "INVALID_REASON_CAPTION": "Valid",
              "STANDARD_CONCEPT": "N",
              "STANDARD_CONCEPT_CAPTION": "Non-Standard",
              "VOCABULARY_ID": "OPCS4"
            },
            "includeDescendants": true
          },
          {
            "concept": {
              "CONCEPT_CLASS_ID": "Procedure",
              "CONCEPT_CODE": "233573008",
              "CONCEPT_ID": 4052536,
              "CONCEPT_NAME": "Extracorporeal membrane oxygenation",
              "DOMAIN_ID": "Procedure",
              "INVALID_REASON": "V",
              "INVALID_REASON_CAPTION": "Valid",
              "STANDARD_CONCEPT": "S",
              "STANDARD_CONCEPT_CAPTION": "Standard",
              "VOCABULARY_ID": "SNOMED"
            },
            "includeDescendants": true
          },
          {
            "concept": {
              "CONCEPT_CLASS_ID": "4-dig billing code",
              "CONCEPT_CODE": "39.65",
              "CONCEPT_ID": 2002247,
              "CONCEPT_NAME": "Extracorporeal membrane oxygenation [ECMO]",
              "DOMAIN_ID": "Procedure",
              "INVALID_REASON": "V",
              "INVALID_REASON_CAPTION": "Valid",
              "STANDARD_CONCEPT": "N",
              "STANDARD_CONCEPT_CAPTION": "Non-Standard",
              "VOCABULARY_ID": "ICD9Proc"
            },
            "includeDescendants": true
          },
          {
            "concept": {
              "CONCEPT_CLASS_ID": "Procedure",
              "CONCEPT_CODE": "862791000000106",
              "CONCEPT_ID": 44811012,
              "CONCEPT_NAME": "Fluoroscopy guided percutaneous insertion of cannula for extracorporeal membrane oxygenation",
              "DOMAIN_ID": "Procedure",
              "INVALID_REASON": "V",
              "INVALID_REASON_CAPTION": "Valid",
              "STANDARD_CONCEPT": "S",
              "STANDARD_CONCEPT_CAPTION": "Standard",
              "VOCABULARY_ID": "SNOMED"
            }
          }
        ]
      }
    }
  ],
  "PrimaryCriteria": {
    "CriteriaList": [
      {
        "ProcedureOccurrence": {
          "CodesetId": 7
        }
      }
    ],
    "ObservationWindow": {
      "PriorDays": 0,
      "PostDays": 0
    },
    "PrimaryCriteriaLimit": {
      "Type": "All"
    }
  },
  "AdditionalCriteria": {
    "Type": "ALL",
    "CriteriaList": [
      {
        "Criteria": {
          "VisitOccurrence": {
            "CodesetId": 4
          }
        },
        "StartWindow": {
          "Start": {
            "Coeff": -1
          },
          "End": {
            "Days": 0,
            "Coeff": 1
          },
          "UseEventEnd": false
        },
        "EndWindow": {
          "Start": {
            "Days": 0,
            "Coeff": -1
          },
          "End": {
            "Coeff": 1
          },
          "UseEventEnd": true
        },
        "Occurrence": {
          "Type": 2,
          "Count": 1
        }
      }
    ],
    "DemographicCriteriaList": [],
    "Groups": []
  },
  "QualifiedLimit": {
    "Type": "All"
  },
  "ExpressionLimit": {
    "Type": "All"
  },
  "InclusionRules": [],
  "EndStrategy": {
    "DateOffset": {
      "DateField": "StartDate",
      "Offset": 1
    }
  },
  "CensoringCriteria": [],
  "CollapseSettings": {
    "CollapseType": "ERA",
    "EraPad": 30
  },
  "CensorWindow": {},
  "cdmVersionRange": ">=5.0.0"
}