{
  "ConceptSets": [
    {
    "id":25,
    "name": "BR_FC_v5.1_SFLUGP_OHP_DRUG_COD",
    "expression":
{
  "items": [
    {
      "concept": {
        "CONCEPT_CLASS_ID": "CVX",
        "CONCEPT_CODE": "141",
        "CONCEPT_ID": 40213153,
        "CONCEPT_NAME": "Influenza, seasonal, injectable",
        "DOMAIN_ID": "Drug",
        "INVALID_REASON": "V",
        "INVALID_REASON_CAPTION": "Valid",
        "STANDARD_CONCEPT": "S",
        "STANDARD_CONCEPT_CAPTION": "Standard",
        "VOCABULARY_ID": "CVX"
      },
      "isExcluded": false,
      "includeDescendants": true,
      "includeMapped": false
    },
    {
      "concept": {
        "CONCEPT_CLASS_ID": "HCPCS",
        "CONCEPT_CODE": "Q0034",
        "CONCEPT_ID": 40217694,
        "CONCEPT_NAME": "Admin of influenza vaccine",
        "DOMAIN_ID": "Drug",
        "INVALID_REASON": "V",
        "INVALID_REASON_CAPTION": "Valid",
        "STANDARD_CONCEPT": "S",
        "STANDARD_CONCEPT_CAPTION": "Standard",
        "VOCABULARY_ID": "HCPCS"
      },
      "isExcluded": false,
      "includeDescendants": true,
      "includeMapped": false
    },
    {
      "concept": {
        "CONCEPT_CLASS_ID": "CVX",
        "CONCEPT_CODE": "185",
        "CONCEPT_ID": 40213152,
        "CONCEPT_NAME": "Seasonal, quadrivalent, recombinant, injectable influenza vaccine, preservative free",
        "DOMAIN_ID": "Drug",
        "INVALID_REASON": "V",
        "INVALID_REASON_CAPTION": "Valid",
        "STANDARD_CONCEPT": "S",
        "STANDARD_CONCEPT_CAPTION": "Standard",
        "VOCABULARY_ID": "CVX"
      },
      "isExcluded": false,
      "includeDescendants": true,
      "includeMapped": false
    },
    {
      "concept": {
        "CONCEPT_CLASS_ID": "CVX",
        "CONCEPT_CODE": "168",
        "CONCEPT_ID": 40213157,
        "CONCEPT_NAME": "Seasonal trivalent influenza vaccine, adjuvanted, preservative free",
        "DOMAIN_ID": "Drug",
        "INVALID_REASON": "V",
        "INVALID_REASON_CAPTION": "Valid",
        "STANDARD_CONCEPT": "S",
        "STANDARD_CONCEPT_CAPTION": "Standard",
        "VOCABULARY_ID": "CVX"
      },
      "isExcluded": false,
      "includeDescendants": true,
      "includeMapped": false
    },
    {
      "concept": {
        "CONCEPT_CLASS_ID": "CVX",
        "CONCEPT_CODE": "155",
        "CONCEPT_ID": 40213151,
        "CONCEPT_NAME": "Seasonal, trivalent, recombinant, injectable influenza vaccine, preservative free",
        "DOMAIN_ID": "Drug",
        "INVALID_REASON": "V",
        "INVALID_REASON_CAPTION": "Valid",
        "STANDARD_CONCEPT": "S",
        "STANDARD_CONCEPT_CAPTION": "Standard",
        "VOCABULARY_ID": "CVX"
      },
      "isExcluded": false,
      "includeDescendants": true,
      "includeMapped": false
    },
    {
      "concept": {
        "CONCEPT_CLASS_ID": "ATC 4th",
        "CONCEPT_CODE": "J07BB",
        "CONCEPT_ID": 21601333,
        "CONCEPT_NAME": "Influenza vaccines",
        "DOMAIN_ID": "Drug",
        "INVALID_REASON": "V",
        "INVALID_REASON_CAPTION": "Valid",
        "STANDARD_CONCEPT": "C",
        "STANDARD_CONCEPT_CAPTION": "Classification",
        "VOCABULARY_ID": "ATC"
      },
      "isExcluded": false,
      "includeDescendants": true,
      "includeMapped": false
    }
  ]
}}
  ],
  "PrimaryCriteria": {
    "CriteriaList": [
      {
"DrugEra":{
"CodesetId":25
}
}

    ],
    "ObservationWindow": {
      "PriorDays": 0,
      "PostDays": 0
    },
    "PrimaryCriteriaLimit": {
      "Type": "All"
    }
  },
  "AdditionalCriteria": {
    "Type": "ANY",
    "CriteriaList": [],
    "DemographicCriteriaList": [],
    "Groups": []
  },
  "QualifiedLimit": {
    "Type": "All"
  },
  "ExpressionLimit": {
    "Type": "All"
  },
  "InclusionRules": [],
  "EndStrategy": {
    "DateOffset": {
      "DateField": "StartDate",
      "Offset": 0
    }
  },
  "CensoringCriteria": [],
  "CollapseSettings": {
    "CollapseType": "ERA",
    "EraPad": 0
  },
  "CensorWindow": {},
  "cdmVersionRange": ">=5.0.0"
} 