{
  "ConceptSets": [
    {
    "id":4,
    "name": "BR_FC_v5.1_CKD1AND2ATRISK1_COD",
    "expression":
{
  "items": [
    {
      "concept": {
        "CONCEPT_CLASS_ID": "Clinical Finding",
        "CONCEPT_CODE": "431855005",
        "CONCEPT_ID": 443614,
        "CONCEPT_NAME": "Chronic kidney disease stage 1",
        "DOMAIN_ID": "Condition",
        "INVALID_REASON": "V",
        "INVALID_REASON_CAPTION": "Valid",
        "STANDARD_CONCEPT": "S",
        "STANDARD_CONCEPT_CAPTION": "Standard",
        "VOCABULARY_ID": "SNOMED"
      },
      "isExcluded": false,
      "includeDescendants": true,
      "includeMapped": false
    },
    {
      "concept": {
        "CONCEPT_CLASS_ID": "Clinical Finding",
        "CONCEPT_CODE": "284971000119100",
        "CONCEPT_ID": 46270354,
        "CONCEPT_NAME": "Chronic kidney disease stage 1 due to benign hypertension",
        "DOMAIN_ID": "Condition",
        "INVALID_REASON": "V",
        "INVALID_REASON_CAPTION": "Valid",
        "STANDARD_CONCEPT": "S",
        "STANDARD_CONCEPT_CAPTION": "Standard",
        "VOCABULARY_ID": "SNOMED"
      },
      "isExcluded": false,
      "includeDescendants": true,
      "includeMapped": false
    },
    {
      "concept": {
        "CONCEPT_CLASS_ID": "Clinical Finding",
        "CONCEPT_CODE": "117681000119102",
        "CONCEPT_ID": 44782703,
        "CONCEPT_NAME": "Chronic kidney disease stage 1 due to hypertension",
        "DOMAIN_ID": "Condition",
        "INVALID_REASON": "V",
        "INVALID_REASON_CAPTION": "Valid",
        "STANDARD_CONCEPT": "S",
        "STANDARD_CONCEPT_CAPTION": "Standard",
        "VOCABULARY_ID": "SNOMED"
      },
      "isExcluded": false,
      "includeDescendants": true,
      "includeMapped": false
    },
    {
      "concept": {
        "CONCEPT_CLASS_ID": "Clinical Finding",
        "CONCEPT_CODE": "90721000119101",
        "CONCEPT_ID": 45773576,
        "CONCEPT_NAME": "Chronic kidney disease stage 1 due to type 1 diabetes mellitus",
        "DOMAIN_ID": "Condition",
        "INVALID_REASON": "V",
        "INVALID_REASON_CAPTION": "Valid",
        "STANDARD_CONCEPT": "S",
        "STANDARD_CONCEPT_CAPTION": "Standard",
        "VOCABULARY_ID": "SNOMED"
      },
      "isExcluded": false,
      "includeDescendants": true,
      "includeMapped": false
    },
    {
      "concept": {
        "CONCEPT_CLASS_ID": "Clinical Finding",
        "CONCEPT_CODE": "751000119104",
        "CONCEPT_ID": 43531559,
        "CONCEPT_NAME": "Chronic kidney disease stage 1 due to type 2 diabetes mellitus",
        "DOMAIN_ID": "Condition",
        "INVALID_REASON": "V",
        "INVALID_REASON_CAPTION": "Valid",
        "STANDARD_CONCEPT": "S",
        "STANDARD_CONCEPT_CAPTION": "Standard",
        "VOCABULARY_ID": "SNOMED"
      },
      "isExcluded": false,
      "includeDescendants": true,
      "includeMapped": false
    },
    {
      "concept": {
        "CONCEPT_CLASS_ID": "Clinical Finding",
        "CONCEPT_CODE": "431856006",
        "CONCEPT_ID": 443601,
        "CONCEPT_NAME": "Chronic kidney disease stage 2",
        "DOMAIN_ID": "Condition",
        "INVALID_REASON": "V",
        "INVALID_REASON_CAPTION": "Valid",
        "STANDARD_CONCEPT": "S",
        "STANDARD_CONCEPT_CAPTION": "Standard",
        "VOCABULARY_ID": "SNOMED"
      },
      "isExcluded": false,
      "includeDescendants": true,
      "includeMapped": false
    },
    {
      "concept": {
        "CONCEPT_CLASS_ID": "Clinical Finding",
        "CONCEPT_CODE": "284981000119102",
        "CONCEPT_ID": 46270355,
        "CONCEPT_NAME": "Chronic kidney disease stage 2 due to benign hypertension",
        "DOMAIN_ID": "Condition",
        "INVALID_REASON": "V",
        "INVALID_REASON_CAPTION": "Valid",
        "STANDARD_CONCEPT": "S",
        "STANDARD_CONCEPT_CAPTION": "Standard",
        "VOCABULARY_ID": "SNOMED"
      },
      "isExcluded": false,
      "includeDescendants": true,
      "includeMapped": false
    },
    {
      "concept": {
        "CONCEPT_CLASS_ID": "Clinical Finding",
        "CONCEPT_CODE": "129181000119109",
        "CONCEPT_ID": 44782692,
        "CONCEPT_NAME": "Chronic kidney disease stage 2 due to hypertension",
        "DOMAIN_ID": "Condition",
        "INVALID_REASON": "V",
        "INVALID_REASON_CAPTION": "Valid",
        "STANDARD_CONCEPT": "S",
        "STANDARD_CONCEPT_CAPTION": "Standard",
        "VOCABULARY_ID": "SNOMED"
      },
      "isExcluded": false,
      "includeDescendants": true,
      "includeMapped": false
    },
    {
      "concept": {
        "CONCEPT_CLASS_ID": "Clinical Finding",
        "CONCEPT_CODE": "90731000119103",
        "CONCEPT_ID": 45769901,
        "CONCEPT_NAME": "Chronic kidney disease stage 2 due to type 1 diabetes mellitus",
        "DOMAIN_ID": "Condition",
        "INVALID_REASON": "V",
        "INVALID_REASON_CAPTION": "Valid",
        "STANDARD_CONCEPT": "S",
        "STANDARD_CONCEPT_CAPTION": "Standard",
        "VOCABULARY_ID": "SNOMED"
      },
      "isExcluded": false,
      "includeDescendants": true,
      "includeMapped": false
    },
    {
      "concept": {
        "CONCEPT_CLASS_ID": "Clinical Finding",
        "CONCEPT_CODE": "741000119101",
        "CONCEPT_ID": 43531566,
        "CONCEPT_NAME": "Chronic kidney disease stage 2 due to type 2 diabetes mellitus",
        "DOMAIN_ID": "Condition",
        "INVALID_REASON": "V",
        "INVALID_REASON_CAPTION": "Valid",
        "STANDARD_CONCEPT": "S",
        "STANDARD_CONCEPT_CAPTION": "Standard",
        "VOCABULARY_ID": "SNOMED"
      },
      "isExcluded": false,
      "includeDescendants": true,
      "includeMapped": false
    },
    {
      "concept": {
        "CONCEPT_CLASS_ID": "Clinical Finding",
        "CONCEPT_CODE": "949401000000103",
        "CONCEPT_ID": 46284566,
        "CONCEPT_NAME": "CKD G1A1 - chronic kidney disease with glomerular filtration rate category G1 and albuminuria category A1",
        "DOMAIN_ID": "Condition",
        "INVALID_REASON": "V",
        "INVALID_REASON_CAPTION": "Valid",
        "STANDARD_CONCEPT": "S",
        "STANDARD_CONCEPT_CAPTION": "Standard",
        "VOCABULARY_ID": "SNOMED"
      },
      "isExcluded": false,
      "includeDescendants": true,
      "includeMapped": false
    },
    {
      "concept": {
        "CONCEPT_CLASS_ID": "Clinical Finding",
        "CONCEPT_CODE": "949421000000107",
        "CONCEPT_ID": 46284567,
        "CONCEPT_NAME": "CKD G1A2 - chronic kidney disease with glomerular filtration rate category G1 and albuminuria category A2",
        "DOMAIN_ID": "Condition",
        "INVALID_REASON": "V",
        "INVALID_REASON_CAPTION": "Valid",
        "STANDARD_CONCEPT": "S",
        "STANDARD_CONCEPT_CAPTION": "Standard",
        "VOCABULARY_ID": "SNOMED"
      },
      "isExcluded": false,
      "includeDescendants": true,
      "includeMapped": false
    },
    {
      "concept": {
        "CONCEPT_CLASS_ID": "Clinical Finding",
        "CONCEPT_CODE": "949521000000108",
        "CONCEPT_ID": 46284572,
        "CONCEPT_NAME": "CKD G2A1 - chronic kidney disease with glomerular filtration rate category G2 and albuminuria category A1",
        "DOMAIN_ID": "Condition",
        "INVALID_REASON": "V",
        "INVALID_REASON_CAPTION": "Valid",
        "STANDARD_CONCEPT": "S",
        "STANDARD_CONCEPT_CAPTION": "Standard",
        "VOCABULARY_ID": "SNOMED"
      },
      "isExcluded": false,
      "includeDescendants": true,
      "includeMapped": false
    },
    {
      "concept": {
        "CONCEPT_CLASS_ID": "Clinical Finding",
        "CONCEPT_CODE": "949561000000100",
        "CONCEPT_ID": 46287169,
        "CONCEPT_NAME": "CKD G2A2 - chronic kidney disease with glomerular filtration rate category G2 and albuminuria category A2",
        "DOMAIN_ID": "Condition",
        "INVALID_REASON": "V",
        "INVALID_REASON_CAPTION": "Valid",
        "STANDARD_CONCEPT": "S",
        "STANDARD_CONCEPT_CAPTION": "Standard",
        "VOCABULARY_ID": "SNOMED"
      },
      "isExcluded": false,
      "includeDescendants": true,
      "includeMapped": false
    },
    {
      "concept": {
        "CONCEPT_CLASS_ID": "Clinical Finding",
        "CONCEPT_CODE": "324151000000104",
        "CONCEPT_ID": 44792227,
        "CONCEPT_NAME": "CKD stage 1 without proteinuria",
        "DOMAIN_ID": "Condition",
        "INVALID_REASON": "V",
        "INVALID_REASON_CAPTION": "Valid",
        "STANDARD_CONCEPT": "S",
        "STANDARD_CONCEPT_CAPTION": "Standard",
        "VOCABULARY_ID": "SNOMED"
      },
      "isExcluded": false,
      "includeDescendants": true,
      "includeMapped": false
    },
    {
      "concept": {
        "CONCEPT_CLASS_ID": "Clinical Finding",
        "CONCEPT_CODE": "324121000000109",
        "CONCEPT_ID": 44792226,
        "CONCEPT_NAME": "CKD stage 1 with proteinuria",
        "DOMAIN_ID": "Condition",
        "INVALID_REASON": "V",
        "INVALID_REASON_CAPTION": "Valid",
        "STANDARD_CONCEPT": "S",
        "STANDARD_CONCEPT_CAPTION": "Standard",
        "VOCABULARY_ID": "SNOMED"
      },
      "isExcluded": false,
      "includeDescendants": true,
      "includeMapped": false
    },
    {
      "concept": {
        "CONCEPT_CLASS_ID": "Clinical Finding",
        "CONCEPT_CODE": "324211000000106",
        "CONCEPT_ID": 44792229,
        "CONCEPT_NAME": "CKD stage 2 without proteinuria",
        "DOMAIN_ID": "Condition",
        "INVALID_REASON": "V",
        "INVALID_REASON_CAPTION": "Valid",
        "STANDARD_CONCEPT": "S",
        "STANDARD_CONCEPT_CAPTION": "Standard",
        "VOCABULARY_ID": "SNOMED"
      },
      "isExcluded": false,
      "includeDescendants": true,
      "includeMapped": false
    },
    {
      "concept": {
        "CONCEPT_CLASS_ID": "Clinical Finding",
        "CONCEPT_CODE": "324181000000105",
        "CONCEPT_ID": 44792228,
        "CONCEPT_NAME": "CKD stage 2 with proteinuria",
        "DOMAIN_ID": "Condition",
        "INVALID_REASON": "V",
        "INVALID_REASON_CAPTION": "Valid",
        "STANDARD_CONCEPT": "S",
        "STANDARD_CONCEPT_CAPTION": "Standard",
        "VOCABULARY_ID": "SNOMED"
      },
      "isExcluded": false,
      "includeDescendants": true,
      "includeMapped": false
    },
    {
      "concept": {
        "CONCEPT_CLASS_ID": "Clinical Finding",
        "CONCEPT_CODE": "140131000119102",
        "CONCEPT_ID": 45757447,
        "CONCEPT_NAME": "Hypertension in chronic kidney disease stage 2 due to type 2 diabetes mellitus",
        "DOMAIN_ID": "Condition",
        "INVALID_REASON": "V",
        "INVALID_REASON_CAPTION": "Valid",
        "STANDARD_CONCEPT": "S",
        "STANDARD_CONCEPT_CAPTION": "Standard",
        "VOCABULARY_ID": "SNOMED"
      },
      "isExcluded": false,
      "includeDescendants": true,
      "includeMapped": false
    },
    {
      "concept": {
        "CONCEPT_CLASS_ID": "Clinical Finding",
        "CONCEPT_CODE": "96751000119106",
        "CONCEPT_ID": 44784640,
        "CONCEPT_NAME": "Hypertensive heart AND chronic kidney disease stage 1",
        "DOMAIN_ID": "Condition",
        "INVALID_REASON": "V",
        "INVALID_REASON_CAPTION": "Valid",
        "STANDARD_CONCEPT": "S",
        "STANDARD_CONCEPT_CAPTION": "Standard",
        "VOCABULARY_ID": "SNOMED"
      },
      "isExcluded": false,
      "includeDescendants": true,
      "includeMapped": false
    },
    {
      "concept": {
        "CONCEPT_CLASS_ID": "Clinical Finding",
        "CONCEPT_CODE": "96741000119109",
        "CONCEPT_ID": 43021836,
        "CONCEPT_NAME": "Hypertensive heart AND chronic kidney disease stage 2",
        "DOMAIN_ID": "Condition",
        "INVALID_REASON": "V",
        "INVALID_REASON_CAPTION": "Valid",
        "STANDARD_CONCEPT": "S",
        "STANDARD_CONCEPT_CAPTION": "Standard",
        "VOCABULARY_ID": "SNOMED"
      },
      "isExcluded": false,
      "includeDescendants": true,
      "includeMapped": false
    },
    {
      "concept": {
        "CONCEPT_CLASS_ID": "Clinical Finding",
        "CONCEPT_CODE": "285851000119102",
        "CONCEPT_ID": 43021853,
        "CONCEPT_NAME": "Malignant hypertensive chronic kidney disease stage 1",
        "DOMAIN_ID": "Condition",
        "INVALID_REASON": "V",
        "INVALID_REASON_CAPTION": "Valid",
        "STANDARD_CONCEPT": "S",
        "STANDARD_CONCEPT_CAPTION": "Standard",
        "VOCABULARY_ID": "SNOMED"
      },
      "isExcluded": false,
      "includeDescendants": true,
      "includeMapped": false
    },
    {
      "concept": {
        "CONCEPT_CLASS_ID": "Clinical Finding",
        "CONCEPT_CODE": "285861000119100",
        "CONCEPT_ID": 43021854,
        "CONCEPT_NAME": "Malignant hypertensive chronic kidney disease stage 2",
        "DOMAIN_ID": "Condition",
        "INVALID_REASON": "V",
        "INVALID_REASON_CAPTION": "Valid",
        "STANDARD_CONCEPT": "S",
        "STANDARD_CONCEPT_CAPTION": "Standard",
        "VOCABULARY_ID": "SNOMED"
      },
      "isExcluded": false,
      "includeDescendants": true,
      "includeMapped": false
    }
  ]
}}
  ],
  "PrimaryCriteria": {
    "CriteriaList": [
      {
"ConditionOccurrence":{
"CodesetId":4
}
}

    ],
    "ObservationWindow": {
      "PriorDays": 0,
      "PostDays": 0
    },
    "PrimaryCriteriaLimit": {
      "Type": "All"
    }
  },
  "AdditionalCriteria": {
    "Type": "ANY",
    "CriteriaList": [],
    "DemographicCriteriaList": [],
    "Groups": []
  },
  "QualifiedLimit": {
    "Type": "All"
  },
  "ExpressionLimit": {
    "Type": "All"
  },
  "InclusionRules": [],
  "EndStrategy": {
    "DateOffset": {
      "DateField": "StartDate",
      "Offset": 0
    }
  },
  "CensoringCriteria": [],
  "CollapseSettings": {
    "CollapseType": "ERA",
    "EraPad": 0
  },
  "CensorWindow": {},
  "cdmVersionRange": ">=5.0.0"
} 