{
  "ConceptSets": [
    {
    "id":18,
    "name": "BR_FC_v5.1_IMTRTATRISK1_DRUGS_COD",
    "expression":
{
  "items": [
    {
      "concept": {
        "CONCEPT_CLASS_ID": "ATC 3rd",
        "CONCEPT_CODE": "L04A",
        "CONCEPT_ID": 21603891,
        "CONCEPT_NAME": "IMMUNOSUPPRESSANTS",
        "DOMAIN_ID": "Drug",
        "INVALID_REASON": "V",
        "INVALID_REASON_CAPTION": "Valid",
        "STANDARD_CONCEPT": "C",
        "STANDARD_CONCEPT_CAPTION": "Classification",
        "VOCABULARY_ID": "ATC"
      },
      "isExcluded": false,
      "includeDescendants": true,
      "includeMapped": false
    }
  ]
}}
  ],
  "PrimaryCriteria": {
    "CriteriaList": [
      {
"DrugEra":{
"CodesetId":18
}
}

    ],
    "ObservationWindow": {
      "PriorDays": 0,
      "PostDays": 0
    },
    "PrimaryCriteriaLimit": {
      "Type": "All"
    }
  },
  "AdditionalCriteria": {
    "Type": "ANY",
    "CriteriaList": [],
    "DemographicCriteriaList": [],
    "Groups": []
  },
  "QualifiedLimit": {
    "Type": "All"
  },
  "ExpressionLimit": {
    "Type": "All"
  },
  "InclusionRules": [],
  "EndStrategy": {
    "DateOffset": {
      "DateField": "StartDate",
      "Offset": 0
    }
  },
  "CensoringCriteria": [],
  "CollapseSettings": {
    "CollapseType": "ERA",
    "EraPad": 0
  },
  "CensorWindow": {},
  "cdmVersionRange": ">=5.0.0"
} 