{
  "ConceptSets": [
    {
    "id":7,
    "name": "BR_FC_v5.1_CLDATRISK1_COD",
    "expression":
{
  "items": [
    {
      "concept": {
        "CONCEPT_CLASS_ID": "Clinical Finding",
        "CONCEPT_CODE": "123717006",
        "CONCEPT_ID": 4048083,
        "CONCEPT_NAME": "Advanced cirrhosis",
        "DOMAIN_ID": "Condition",
        "INVALID_REASON": "V",
        "INVALID_REASON_CAPTION": "Valid",
        "STANDARD_CONCEPT": "S",
        "STANDARD_CONCEPT_CAPTION": "Standard",
        "VOCABULARY_ID": "SNOMED"
      },
      "isExcluded": false,
      "includeDescendants": true,
      "includeMapped": false
    },
    {
      "concept": {
        "CONCEPT_CLASS_ID": "Clinical Finding",
        "CONCEPT_CODE": "420054005",
        "CONCEPT_ID": 196463,
        "CONCEPT_NAME": "Alcoholic cirrhosis",
        "DOMAIN_ID": "Condition",
        "INVALID_REASON": "V",
        "INVALID_REASON_CAPTION": "Valid",
        "STANDARD_CONCEPT": "S",
        "STANDARD_CONCEPT_CAPTION": "Standard",
        "VOCABULARY_ID": "SNOMED"
      },
      "isExcluded": false,
      "includeDescendants": true,
      "includeMapped": false
    },
    {
      "concept": {
        "CONCEPT_CLASS_ID": "Clinical Finding",
        "CONCEPT_CODE": "765482002",
        "CONCEPT_ID": 35623150,
        "CONCEPT_NAME": "Alcoholic steatohepatitis",
        "DOMAIN_ID": "Condition",
        "INVALID_REASON": "V",
        "INVALID_REASON_CAPTION": "Valid",
        "STANDARD_CONCEPT": "S",
        "STANDARD_CONCEPT_CAPTION": "Standard",
        "VOCABULARY_ID": "SNOMED"
      },
      "isExcluded": false,
      "includeDescendants": true,
      "includeMapped": false
    },
    {
      "concept": {
        "CONCEPT_CLASS_ID": "Clinical Finding",
        "CONCEPT_CODE": "204782009",
        "CONCEPT_ID": 4005460,
        "CONCEPT_NAME": "Atresia of hepatic ducts",
        "DOMAIN_ID": "Condition",
        "INVALID_REASON": "V",
        "INVALID_REASON_CAPTION": "Valid",
        "STANDARD_CONCEPT": "S",
        "STANDARD_CONCEPT_CAPTION": "Standard",
        "VOCABULARY_ID": "SNOMED"
      },
      "isExcluded": false,
      "includeDescendants": true,
      "includeMapped": false
    },
    {
      "concept": {
        "CONCEPT_CLASS_ID": "Clinical Finding",
        "CONCEPT_CODE": "408335007",
        "CONCEPT_ID": 200762,
        "CONCEPT_NAME": "Autoimmune hepatitis",
        "DOMAIN_ID": "Condition",
        "INVALID_REASON": "V",
        "INVALID_REASON_CAPTION": "Valid",
        "STANDARD_CONCEPT": "S",
        "STANDARD_CONCEPT_CAPTION": "Standard",
        "VOCABULARY_ID": "SNOMED"
      },
      "isExcluded": false,
      "includeDescendants": true,
      "includeMapped": false
    },
    {
      "concept": {
        "CONCEPT_CLASS_ID": "Clinical Finding",
        "CONCEPT_CODE": "721711009",
        "CONCEPT_ID": 36715923,
        "CONCEPT_NAME": "Autoimmune hepatitis type 1",
        "DOMAIN_ID": "Condition",
        "INVALID_REASON": "V",
        "INVALID_REASON_CAPTION": "Valid",
        "STANDARD_CONCEPT": "S",
        "STANDARD_CONCEPT_CAPTION": "Standard",
        "VOCABULARY_ID": "SNOMED"
      },
      "isExcluded": false,
      "includeDescendants": true,
      "includeMapped": false
    },
    {
      "concept": {
        "CONCEPT_CLASS_ID": "Clinical Finding",
        "CONCEPT_CODE": "721712002",
        "CONCEPT_ID": 36717496,
        "CONCEPT_NAME": "Autoimmune hepatitis type 2",
        "DOMAIN_ID": "Condition",
        "INVALID_REASON": "V",
        "INVALID_REASON_CAPTION": "Valid",
        "STANDARD_CONCEPT": "S",
        "STANDARD_CONCEPT_CAPTION": "Standard",
        "VOCABULARY_ID": "SNOMED"
      },
      "isExcluded": false,
      "includeDescendants": true,
      "includeMapped": false
    },
    {
      "concept": {
        "CONCEPT_CLASS_ID": "Clinical Finding",
        "CONCEPT_CODE": "721713007",
        "CONCEPT_ID": 36715924,
        "CONCEPT_NAME": "Autoimmune hepatitis type 3",
        "DOMAIN_ID": "Condition",
        "INVALID_REASON": "V",
        "INVALID_REASON_CAPTION": "Valid",
        "STANDARD_CONCEPT": "S",
        "STANDARD_CONCEPT_CAPTION": "Standard",
        "VOCABULARY_ID": "SNOMED"
      },
      "isExcluded": false,
      "includeDescendants": true,
      "includeMapped": false
    },
    {
      "concept": {
        "CONCEPT_CLASS_ID": "Clinical Finding",
        "CONCEPT_CODE": "197303009",
        "CONCEPT_ID": 4055212,
        "CONCEPT_NAME": "Bacterial portal cirrhosis",
        "DOMAIN_ID": "Condition",
        "INVALID_REASON": "V",
        "INVALID_REASON_CAPTION": "Valid",
        "STANDARD_CONCEPT": "S",
        "STANDARD_CONCEPT_CAPTION": "Standard",
        "VOCABULARY_ID": "SNOMED"
      },
      "isExcluded": false,
      "includeDescendants": true,
      "includeMapped": false
    },
    {
      "concept": {
        "CONCEPT_CLASS_ID": "Clinical Finding",
        "CONCEPT_CODE": "31155007",
        "CONCEPT_ID": 4150383,
        "CONCEPT_NAME": "Benign recurrent intrahepatic cholestasis",
        "DOMAIN_ID": "Condition",
        "INVALID_REASON": "V",
        "INVALID_REASON_CAPTION": "Valid",
        "STANDARD_CONCEPT": "S",
        "STANDARD_CONCEPT_CAPTION": "Standard",
        "VOCABULARY_ID": "SNOMED"
      },
      "isExcluded": false,
      "includeDescendants": true,
      "includeMapped": false
    },
    {
      "concept": {
        "CONCEPT_CLASS_ID": "Clinical Finding",
        "CONCEPT_CODE": "717156002",
        "CONCEPT_ID": 37397117,
        "CONCEPT_NAME": "Biliary atresia with splenic malformation syndrome",
        "DOMAIN_ID": "Condition",
        "INVALID_REASON": "V",
        "INVALID_REASON_CAPTION": "Valid",
        "STANDARD_CONCEPT": "S",
        "STANDARD_CONCEPT_CAPTION": "Standard",
        "VOCABULARY_ID": "SNOMED"
      },
      "isExcluded": false,
      "includeDescendants": true,
      "includeMapped": false
    },
    {
      "concept": {
        "CONCEPT_CLASS_ID": "Clinical Finding",
        "CONCEPT_CODE": "1761006",
        "CONCEPT_ID": 192675,
        "CONCEPT_NAME": "Biliary cirrhosis",
        "DOMAIN_ID": "Condition",
        "INVALID_REASON": "V",
        "INVALID_REASON_CAPTION": "Valid",
        "STANDARD_CONCEPT": "S",
        "STANDARD_CONCEPT_CAPTION": "Standard",
        "VOCABULARY_ID": "SNOMED"
      },
      "isExcluded": false,
      "includeDescendants": true,
      "includeMapped": false
    },
    {
      "concept": {
        "CONCEPT_CLASS_ID": "Clinical Finding",
        "CONCEPT_CODE": "197310003",
        "CONCEPT_ID": 4059289,
        "CONCEPT_NAME": "Biliary cirrhosis of children",
        "DOMAIN_ID": "Condition",
        "INVALID_REASON": "V",
        "INVALID_REASON_CAPTION": "Valid",
        "STANDARD_CONCEPT": "S",
        "STANDARD_CONCEPT_CAPTION": "Standard",
        "VOCABULARY_ID": "SNOMED"
      },
      "isExcluded": false,
      "includeDescendants": true,
      "includeMapped": false
    },
    {
      "concept": {
        "CONCEPT_CLASS_ID": "Clinical Finding",
        "CONCEPT_CODE": "197296006",
        "CONCEPT_ID": 4058681,
        "CONCEPT_NAME": "Capsular portal cirrhosis",
        "DOMAIN_ID": "Condition",
        "INVALID_REASON": "V",
        "INVALID_REASON_CAPTION": "Valid",
        "STANDARD_CONCEPT": "S",
        "STANDARD_CONCEPT_CAPTION": "Standard",
        "VOCABULARY_ID": "SNOMED"
      },
      "isExcluded": false,
      "includeDescendants": true,
      "includeMapped": false
    },
    {
      "concept": {
        "CONCEPT_CLASS_ID": "Clinical Finding",
        "CONCEPT_CODE": "74669004",
        "CONCEPT_ID": 4252074,
        "CONCEPT_NAME": "Cardiac cirrhosis",
        "DOMAIN_ID": "Condition",
        "INVALID_REASON": "V",
        "INVALID_REASON_CAPTION": "Valid",
        "STANDARD_CONCEPT": "S",
        "STANDARD_CONCEPT_CAPTION": "Standard",
        "VOCABULARY_ID": "SNOMED"
      },
      "isExcluded": false,
      "includeDescendants": true,
      "includeMapped": false
    },
    {
      "concept": {
        "CONCEPT_CLASS_ID": "Clinical Finding",
        "CONCEPT_CODE": "266470007",
        "CONCEPT_ID": 4141628,
        "CONCEPT_NAME": "Cardiac portal cirrhosis",
        "DOMAIN_ID": "Condition",
        "INVALID_REASON": "V",
        "INVALID_REASON_CAPTION": "Valid",
        "STANDARD_CONCEPT": "S",
        "STANDARD_CONCEPT_CAPTION": "Standard",
        "VOCABULARY_ID": "SNOMED"
      },
      "isExcluded": false,
      "includeDescendants": true,
      "includeMapped": false
    },
    {
      "concept": {
        "CONCEPT_CLASS_ID": "Clinical Finding",
        "CONCEPT_CODE": "123606000",
        "CONCEPT_ID": 4049282,
        "CONCEPT_NAME": "Cholangiolitic cirrhosis",
        "DOMAIN_ID": "Condition",
        "INVALID_REASON": "V",
        "INVALID_REASON_CAPTION": "Valid",
        "STANDARD_CONCEPT": "S",
        "STANDARD_CONCEPT_CAPTION": "Standard",
        "VOCABULARY_ID": "SNOMED"
      },
      "isExcluded": false,
      "includeDescendants": true,
      "includeMapped": false
    },
    {
      "concept": {
        "CONCEPT_CLASS_ID": "Clinical Finding",
        "CONCEPT_CODE": "197284004",
        "CONCEPT_ID": 4026125,
        "CONCEPT_NAME": "Chronic active hepatitis",
        "DOMAIN_ID": "Condition",
        "INVALID_REASON": "V",
        "INVALID_REASON_CAPTION": "Valid",
        "STANDARD_CONCEPT": "S",
        "STANDARD_CONCEPT_CAPTION": "Standard",
        "VOCABULARY_ID": "SNOMED"
      },
      "isExcluded": false,
      "includeDescendants": true,
      "includeMapped": false
    },
    {
      "concept": {
        "CONCEPT_CLASS_ID": "Clinical Finding",
        "CONCEPT_CODE": "708198006",
        "CONCEPT_ID": 45769525,
        "CONCEPT_NAME": "Chronic active hepatitis C",
        "DOMAIN_ID": "Condition",
        "INVALID_REASON": "V",
        "INVALID_REASON_CAPTION": "Valid",
        "STANDARD_CONCEPT": "S",
        "STANDARD_CONCEPT_CAPTION": "Standard",
        "VOCABULARY_ID": "SNOMED"
      },
      "isExcluded": false,
      "includeDescendants": true,
      "includeMapped": false
    },
    {
      "concept": {
        "CONCEPT_CLASS_ID": "Clinical Finding",
        "CONCEPT_CODE": "50167007",
        "CONCEPT_ID": 4173584,
        "CONCEPT_NAME": "Chronic active type B viral hepatitis",
        "DOMAIN_ID": "Condition",
        "INVALID_REASON": "V",
        "INVALID_REASON_CAPTION": "Valid",
        "STANDARD_CONCEPT": "S",
        "STANDARD_CONCEPT_CAPTION": "Standard",
        "VOCABULARY_ID": "SNOMED"
      },
      "isExcluded": false,
      "includeDescendants": true,
      "includeMapped": false
    },
    {
      "concept": {
        "CONCEPT_CLASS_ID": "Clinical Finding",
        "CONCEPT_CODE": "66870002",
        "CONCEPT_ID": 4283078,
        "CONCEPT_NAME": "Chronic active viral hepatitis",
        "DOMAIN_ID": "Condition",
        "INVALID_REASON": "V",
        "INVALID_REASON_CAPTION": "Valid",
        "STANDARD_CONCEPT": "S",
        "STANDARD_CONCEPT_CAPTION": "Standard",
        "VOCABULARY_ID": "SNOMED"
      },
      "isExcluded": false,
      "includeDescendants": true,
      "includeMapped": false
    },
    {
      "concept": {
        "CONCEPT_CLASS_ID": "Clinical Finding",
        "CONCEPT_CODE": "1116000",
        "CONCEPT_ID": 4009793,
        "CONCEPT_NAME": "Chronic aggressive type B viral hepatitis",
        "DOMAIN_ID": "Condition",
        "INVALID_REASON": "V",
        "INVALID_REASON_CAPTION": "Valid",
        "STANDARD_CONCEPT": "S",
        "STANDARD_CONCEPT_CAPTION": "Standard",
        "VOCABULARY_ID": "SNOMED"
      },
      "isExcluded": false,
      "includeDescendants": true,
      "includeMapped": false
    },
    {
      "concept": {
        "CONCEPT_CLASS_ID": "Clinical Finding",
        "CONCEPT_CODE": "89789003",
        "CONCEPT_ID": 4232466,
        "CONCEPT_NAME": "Chronic aggressive viral hepatitis",
        "DOMAIN_ID": "Condition",
        "INVALID_REASON": "V",
        "INVALID_REASON_CAPTION": "Valid",
        "STANDARD_CONCEPT": "S",
        "STANDARD_CONCEPT_CAPTION": "Standard",
        "VOCABULARY_ID": "SNOMED"
      },
      "isExcluded": false,
      "includeDescendants": true,
      "includeMapped": false
    },
    {
      "concept": {
        "CONCEPT_CLASS_ID": "Clinical Finding",
        "CONCEPT_CODE": "307757001",
        "CONCEPT_ID": 4146181,
        "CONCEPT_NAME": "Chronic alcoholic hepatitis",
        "DOMAIN_ID": "Condition",
        "INVALID_REASON": "V",
        "INVALID_REASON_CAPTION": "Valid",
        "STANDARD_CONCEPT": "S",
        "STANDARD_CONCEPT_CAPTION": "Standard",
        "VOCABULARY_ID": "SNOMED"
      },
      "isExcluded": false,
      "includeDescendants": true,
      "includeMapped": false
    },
    {
      "concept": {
        "CONCEPT_CLASS_ID": "Clinical Finding",
        "CONCEPT_CODE": "713181003",
        "CONCEPT_ID": 37017009,
        "CONCEPT_NAME": "Chronic alcoholic liver disease",
        "DOMAIN_ID": "Condition",
        "INVALID_REASON": "V",
        "INVALID_REASON_CAPTION": "Valid",
        "STANDARD_CONCEPT": "S",
        "STANDARD_CONCEPT_CAPTION": "Standard",
        "VOCABULARY_ID": "SNOMED"
      },
      "isExcluded": false,
      "includeDescendants": true,
      "includeMapped": false
    },
    {
      "concept": {
        "CONCEPT_CLASS_ID": "Clinical Finding",
        "CONCEPT_CODE": "76783007",
        "CONCEPT_ID": 200763,
        "CONCEPT_NAME": "Chronic hepatitis",
        "DOMAIN_ID": "Condition",
        "INVALID_REASON": "V",
        "INVALID_REASON_CAPTION": "Valid",
        "STANDARD_CONCEPT": "S",
        "STANDARD_CONCEPT_CAPTION": "Standard",
        "VOCABULARY_ID": "SNOMED"
      },
      "isExcluded": false,
      "includeDescendants": true,
      "includeMapped": false
    },
    {
      "concept": {
        "CONCEPT_CLASS_ID": "Clinical Finding",
        "CONCEPT_CODE": "128302006",
        "CONCEPT_ID": 198964,
        "CONCEPT_NAME": "Chronic hepatitis C",
        "DOMAIN_ID": "Condition",
        "INVALID_REASON": "V",
        "INVALID_REASON_CAPTION": "Valid",
        "STANDARD_CONCEPT": "S",
        "STANDARD_CONCEPT_CAPTION": "Standard",
        "VOCABULARY_ID": "SNOMED"
      },
      "isExcluded": false,
      "includeDescendants": true,
      "includeMapped": false
    },
    {
      "concept": {
        "CONCEPT_CLASS_ID": "Clinical Finding",
        "CONCEPT_CODE": "768127002",
        "CONCEPT_ID": 35625141,
        "CONCEPT_NAME": "Chronic hepatitis C caused by Hepatitis C virus genotype 1",
        "DOMAIN_ID": "Condition",
        "INVALID_REASON": "V",
        "INVALID_REASON_CAPTION": "Valid",
        "STANDARD_CONCEPT": "S",
        "STANDARD_CONCEPT_CAPTION": "Standard",
        "VOCABULARY_ID": "SNOMED"
      },
      "isExcluded": false,
      "includeDescendants": true,
      "includeMapped": false
    },
    {
      "concept": {
        "CONCEPT_CLASS_ID": "Clinical Finding",
        "CONCEPT_CODE": "768289009",
        "CONCEPT_ID": 35625296,
        "CONCEPT_NAME": "Chronic hepatitis C caused by Hepatitis C virus genotype 1a",
        "DOMAIN_ID": "Condition",
        "INVALID_REASON": "V",
        "INVALID_REASON_CAPTION": "Valid",
        "STANDARD_CONCEPT": "S",
        "STANDARD_CONCEPT_CAPTION": "Standard",
        "VOCABULARY_ID": "SNOMED"
      },
      "isExcluded": false,
      "includeDescendants": true,
      "includeMapped": false
    },
    {
      "concept": {
        "CONCEPT_CLASS_ID": "Clinical Finding",
        "CONCEPT_CODE": "768288001",
        "CONCEPT_ID": 35625295,
        "CONCEPT_NAME": "Chronic hepatitis C caused by Hepatitis C virus genotype 1b",
        "DOMAIN_ID": "Condition",
        "INVALID_REASON": "V",
        "INVALID_REASON_CAPTION": "Valid",
        "STANDARD_CONCEPT": "S",
        "STANDARD_CONCEPT_CAPTION": "Standard",
        "VOCABULARY_ID": "SNOMED"
      },
      "isExcluded": false,
      "includeDescendants": true,
      "includeMapped": false
    },
    {
      "concept": {
        "CONCEPT_CLASS_ID": "Clinical Finding",
        "CONCEPT_CODE": "768125005",
        "CONCEPT_ID": 35625139,
        "CONCEPT_NAME": "Chronic hepatitis C caused by Hepatitis C virus genotype 2",
        "DOMAIN_ID": "Condition",
        "INVALID_REASON": "V",
        "INVALID_REASON_CAPTION": "Valid",
        "STANDARD_CONCEPT": "S",
        "STANDARD_CONCEPT_CAPTION": "Standard",
        "VOCABULARY_ID": "SNOMED"
      },
      "isExcluded": false,
      "includeDescendants": true,
      "includeMapped": false
    },
    {
      "concept": {
        "CONCEPT_CLASS_ID": "Clinical Finding",
        "CONCEPT_CODE": "768006009",
        "CONCEPT_ID": 35625040,
        "CONCEPT_NAME": "Chronic hepatitis C caused by Hepatitis C virus genotype 3",
        "DOMAIN_ID": "Condition",
        "INVALID_REASON": "V",
        "INVALID_REASON_CAPTION": "Valid",
        "STANDARD_CONCEPT": "S",
        "STANDARD_CONCEPT_CAPTION": "Standard",
        "VOCABULARY_ID": "SNOMED"
      },
      "isExcluded": false,
      "includeDescendants": true,
      "includeMapped": false
    },
    {
      "concept": {
        "CONCEPT_CLASS_ID": "Clinical Finding",
        "CONCEPT_CODE": "768126006",
        "CONCEPT_ID": 35625140,
        "CONCEPT_NAME": "Chronic hepatitis C caused by Hepatitis C virus genotype 4",
        "DOMAIN_ID": "Condition",
        "INVALID_REASON": "V",
        "INVALID_REASON_CAPTION": "Valid",
        "STANDARD_CONCEPT": "S",
        "STANDARD_CONCEPT_CAPTION": "Standard",
        "VOCABULARY_ID": "SNOMED"
      },
      "isExcluded": false,
      "includeDescendants": true,
      "includeMapped": false
    },
    {
      "concept": {
        "CONCEPT_CLASS_ID": "Clinical Finding",
        "CONCEPT_CODE": "767810006",
        "CONCEPT_ID": 35624867,
        "CONCEPT_NAME": "Chronic hepatitis C caused by hepatitis C virus genotype 5",
        "DOMAIN_ID": "Condition",
        "INVALID_REASON": "V",
        "INVALID_REASON_CAPTION": "Valid",
        "STANDARD_CONCEPT": "S",
        "STANDARD_CONCEPT_CAPTION": "Standard",
        "VOCABULARY_ID": "SNOMED"
      },
      "isExcluded": false,
      "includeDescendants": true,
      "includeMapped": false
    },
    {
      "concept": {
        "CONCEPT_CLASS_ID": "Clinical Finding",
        "CONCEPT_CODE": "767809001",
        "CONCEPT_ID": 35624866,
        "CONCEPT_NAME": "Chronic hepatitis C caused by hepatitis C virus genotype 6",
        "DOMAIN_ID": "Condition",
        "INVALID_REASON": "V",
        "INVALID_REASON_CAPTION": "Valid",
        "STANDARD_CONCEPT": "S",
        "STANDARD_CONCEPT_CAPTION": "Standard",
        "VOCABULARY_ID": "SNOMED"
      },
      "isExcluded": false,
      "includeDescendants": true,
      "includeMapped": false
    },
    {
      "concept": {
        "CONCEPT_CLASS_ID": "Clinical Finding",
        "CONCEPT_CODE": "703866000",
        "CONCEPT_ID": 45766656,
        "CONCEPT_NAME": "Chronic hepatitis C with stage 2 fibrosis",
        "DOMAIN_ID": "Condition",
        "INVALID_REASON": "V",
        "INVALID_REASON_CAPTION": "Valid",
        "STANDARD_CONCEPT": "S",
        "STANDARD_CONCEPT_CAPTION": "Standard",
        "VOCABULARY_ID": "SNOMED"
      },
      "isExcluded": false,
      "includeDescendants": true,
      "includeMapped": false
    },
    {
      "concept": {
        "CONCEPT_CLASS_ID": "Clinical Finding",
        "CONCEPT_CODE": "347891000119103",
        "CONCEPT_ID": 45757726,
        "CONCEPT_NAME": "Chronic hepatitis C with stage 3 fibrosis",
        "DOMAIN_ID": "Condition",
        "INVALID_REASON": "V",
        "INVALID_REASON_CAPTION": "Valid",
        "STANDARD_CONCEPT": "S",
        "STANDARD_CONCEPT_CAPTION": "Standard",
        "VOCABULARY_ID": "SNOMED"
      },
      "isExcluded": false,
      "includeDescendants": true,
      "includeMapped": false
    },
    {
      "concept": {
        "CONCEPT_CLASS_ID": "Clinical Finding",
        "CONCEPT_CODE": "450880008",
        "CONCEPT_ID": 42872885,
        "CONCEPT_NAME": "Chronic hepatitis E",
        "DOMAIN_ID": "Condition",
        "INVALID_REASON": "V",
        "INVALID_REASON_CAPTION": "Valid",
        "STANDARD_CONCEPT": "S",
        "STANDARD_CONCEPT_CAPTION": "Standard",
        "VOCABULARY_ID": "SNOMED"
      },
      "isExcluded": false,
      "includeDescendants": true,
      "includeMapped": false
    },
    {
      "concept": {
        "CONCEPT_CLASS_ID": "Clinical Finding",
        "CONCEPT_CODE": "328383001",
        "CONCEPT_ID": 4212540,
        "CONCEPT_NAME": "Chronic liver disease",
        "DOMAIN_ID": "Condition",
        "INVALID_REASON": "V",
        "INVALID_REASON_CAPTION": "Valid",
        "STANDARD_CONCEPT": "S",
        "STANDARD_CONCEPT_CAPTION": "Standard",
        "VOCABULARY_ID": "SNOMED"
      },
      "isExcluded": false,
      "includeDescendants": true,
      "includeMapped": false
    },
    {
      "concept": {
        "CONCEPT_CLASS_ID": "Clinical Finding",
        "CONCEPT_CODE": "57339008",
        "CONCEPT_ID": 4238978,
        "CONCEPT_NAME": "Chronic lobular hepatitis",
        "DOMAIN_ID": "Condition",
        "INVALID_REASON": "V",
        "INVALID_REASON_CAPTION": "Valid",
        "STANDARD_CONCEPT": "S",
        "STANDARD_CONCEPT_CAPTION": "Standard",
        "VOCABULARY_ID": "SNOMED"
      },
      "isExcluded": false,
      "includeDescendants": true,
      "includeMapped": false
    },
    {
      "concept": {
        "CONCEPT_CLASS_ID": "Clinical Finding",
        "CONCEPT_CODE": "9843006",
        "CONCEPT_ID": 4322067,
        "CONCEPT_NAME": "Chronic lymphocytic cholangitis-cholangiohepatitis",
        "DOMAIN_ID": "Condition",
        "INVALID_REASON": "V",
        "INVALID_REASON_CAPTION": "Valid",
        "STANDARD_CONCEPT": "S",
        "STANDARD_CONCEPT_CAPTION": "Standard",
        "VOCABULARY_ID": "SNOMED"
      },
      "isExcluded": false,
      "includeDescendants": true,
      "includeMapped": false
    },
    {
      "concept": {
        "CONCEPT_CLASS_ID": "Clinical Finding",
        "CONCEPT_CODE": "79720007",
        "CONCEPT_ID": 201613,
        "CONCEPT_NAME": "Chronic nonalcoholic liver disease",
        "DOMAIN_ID": "Condition",
        "INVALID_REASON": "V",
        "INVALID_REASON_CAPTION": "Valid",
        "STANDARD_CONCEPT": "S",
        "STANDARD_CONCEPT_CAPTION": "Standard",
        "VOCABULARY_ID": "SNOMED"
      },
      "isExcluded": false,
      "includeDescendants": true,
      "includeMapped": false
    },
    {
      "concept": {
        "CONCEPT_CLASS_ID": "Clinical Finding",
        "CONCEPT_CODE": "34736002",
        "CONCEPT_ID": 200451,
        "CONCEPT_NAME": "Chronic passive congestion of liver",
        "DOMAIN_ID": "Condition",
        "INVALID_REASON": "V",
        "INVALID_REASON_CAPTION": "Valid",
        "STANDARD_CONCEPT": "S",
        "STANDARD_CONCEPT_CAPTION": "Standard",
        "VOCABULARY_ID": "SNOMED"
      },
      "isExcluded": false,
      "includeDescendants": true,
      "includeMapped": false
    },
    {
      "concept": {
        "CONCEPT_CLASS_ID": "Clinical Finding",
        "CONCEPT_CODE": "41889008",
        "CONCEPT_ID": 199867,
        "CONCEPT_NAME": "Chronic persistent hepatitis",
        "DOMAIN_ID": "Condition",
        "INVALID_REASON": "V",
        "INVALID_REASON_CAPTION": "Valid",
        "STANDARD_CONCEPT": "S",
        "STANDARD_CONCEPT_CAPTION": "Standard",
        "VOCABULARY_ID": "SNOMED"
      },
      "isExcluded": false,
      "includeDescendants": true,
      "includeMapped": false
    },
    {
      "concept": {
        "CONCEPT_CLASS_ID": "Clinical Finding",
        "CONCEPT_CODE": "38662009",
        "CONCEPT_ID": 4296554,
        "CONCEPT_NAME": "Chronic persistent type B viral hepatitis",
        "DOMAIN_ID": "Condition",
        "INVALID_REASON": "V",
        "INVALID_REASON_CAPTION": "Valid",
        "STANDARD_CONCEPT": "S",
        "STANDARD_CONCEPT_CAPTION": "Standard",
        "VOCABULARY_ID": "SNOMED"
      },
      "isExcluded": false,
      "includeDescendants": true,
      "includeMapped": false
    },
    {
      "concept": {
        "CONCEPT_CLASS_ID": "Clinical Finding",
        "CONCEPT_CODE": "60037002",
        "CONCEPT_ID": 4247138,
        "CONCEPT_NAME": "Chronic persistent viral hepatitis",
        "DOMAIN_ID": "Condition",
        "INVALID_REASON": "V",
        "INVALID_REASON_CAPTION": "Valid",
        "STANDARD_CONCEPT": "S",
        "STANDARD_CONCEPT_CAPTION": "Standard",
        "VOCABULARY_ID": "SNOMED"
      },
      "isExcluded": false,
      "includeDescendants": true,
      "includeMapped": false
    },
    {
      "concept": {
        "CONCEPT_CLASS_ID": "Clinical Finding",
        "CONCEPT_CODE": "61977001",
        "CONCEPT_ID": 194574,
        "CONCEPT_NAME": "Chronic type B viral hepatitis",
        "DOMAIN_ID": "Condition",
        "INVALID_REASON": "V",
        "INVALID_REASON_CAPTION": "Valid",
        "STANDARD_CONCEPT": "S",
        "STANDARD_CONCEPT_CAPTION": "Standard",
        "VOCABULARY_ID": "SNOMED"
      },
      "isExcluded": false,
      "includeDescendants": true,
      "includeMapped": false
    },
    {
      "concept": {
        "CONCEPT_CLASS_ID": "Clinical Finding",
        "CONCEPT_CODE": "10295004",
        "CONCEPT_ID": 4012113,
        "CONCEPT_NAME": "Chronic viral hepatitis",
        "DOMAIN_ID": "Condition",
        "INVALID_REASON": "V",
        "INVALID_REASON_CAPTION": "Valid",
        "STANDARD_CONCEPT": "S",
        "STANDARD_CONCEPT_CAPTION": "Standard",
        "VOCABULARY_ID": "SNOMED"
      },
      "isExcluded": false,
      "includeDescendants": true,
      "includeMapped": false
    },
    {
      "concept": {
        "CONCEPT_CLASS_ID": "Clinical Finding",
        "CONCEPT_CODE": "235869004",
        "CONCEPT_ID": 192240,
        "CONCEPT_NAME": "Chronic viral hepatitis B with hepatitis D",
        "DOMAIN_ID": "Condition",
        "INVALID_REASON": "V",
        "INVALID_REASON_CAPTION": "Valid",
        "STANDARD_CONCEPT": "S",
        "STANDARD_CONCEPT_CAPTION": "Standard",
        "VOCABULARY_ID": "SNOMED"
      },
      "isExcluded": false,
      "includeDescendants": true,
      "includeMapped": false
    },
    {
      "concept": {
        "CONCEPT_CLASS_ID": "Clinical Finding",
        "CONCEPT_CODE": "186639003",
        "CONCEPT_ID": 439674,
        "CONCEPT_NAME": "Chronic viral hepatitis B without delta-agent",
        "DOMAIN_ID": "Condition",
        "INVALID_REASON": "V",
        "INVALID_REASON_CAPTION": "Valid",
        "STANDARD_CONCEPT": "S",
        "STANDARD_CONCEPT_CAPTION": "Standard",
        "VOCABULARY_ID": "SNOMED"
      },
      "isExcluded": false,
      "includeDescendants": true,
      "includeMapped": false
    },
    {
      "concept": {
        "CONCEPT_CLASS_ID": "Clinical Finding",
        "CONCEPT_CODE": "735451005",
        "CONCEPT_ID": 42536529,
        "CONCEPT_NAME": "Chronic viral hepatitis D",
        "DOMAIN_ID": "Condition",
        "INVALID_REASON": "V",
        "INVALID_REASON_CAPTION": "Valid",
        "STANDARD_CONCEPT": "S",
        "STANDARD_CONCEPT_CAPTION": "Standard",
        "VOCABULARY_ID": "SNOMED"
      },
      "isExcluded": false,
      "includeDescendants": true,
      "includeMapped": false
    },
    {
      "concept": {
        "CONCEPT_CLASS_ID": "Clinical Finding",
        "CONCEPT_CODE": "81675001",
        "CONCEPT_ID": 4218737,
        "CONCEPT_NAME": "Chronic yellow atrophy of liver",
        "DOMAIN_ID": "Condition",
        "INVALID_REASON": "V",
        "INVALID_REASON_CAPTION": "Valid",
        "STANDARD_CONCEPT": "S",
        "STANDARD_CONCEPT_CAPTION": "Standard",
        "VOCABULARY_ID": "SNOMED"
      },
      "isExcluded": false,
      "includeDescendants": true,
      "includeMapped": false
    },
    {
      "concept": {
        "CONCEPT_CLASS_ID": "Clinical Finding",
        "CONCEPT_CODE": "197279005",
        "CONCEPT_ID": 4059284,
        "CONCEPT_NAME": "Cirrhosis and chronic liver disease",
        "DOMAIN_ID": "Condition",
        "INVALID_REASON": "V",
        "INVALID_REASON_CAPTION": "Valid",
        "STANDARD_CONCEPT": "S",
        "STANDARD_CONCEPT_CAPTION": "Standard",
        "VOCABULARY_ID": "SNOMED"
      },
      "isExcluded": false,
      "includeDescendants": true,
      "includeMapped": false
    },
    {
      "concept": {
        "CONCEPT_CLASS_ID": "Clinical Finding",
        "CONCEPT_CODE": "776981000000103",
        "CONCEPT_ID": 44805713,
        "CONCEPT_NAME": "Cirrhosis associated with cystic fibrosis",
        "DOMAIN_ID": "Condition",
        "INVALID_REASON": "V",
        "INVALID_REASON_CAPTION": "Valid",
        "STANDARD_CONCEPT": "S",
        "STANDARD_CONCEPT_CAPTION": "Standard",
        "VOCABULARY_ID": "SNOMED"
      },
      "isExcluded": false,
      "includeDescendants": true,
      "includeMapped": false
    },
    {
      "concept": {
        "CONCEPT_CLASS_ID": "Clinical Finding",
        "CONCEPT_CODE": "266468003",
        "CONCEPT_ID": 194692,
        "CONCEPT_NAME": "Cirrhosis - non-alcoholic",
        "DOMAIN_ID": "Condition",
        "INVALID_REASON": "V",
        "INVALID_REASON_CAPTION": "Valid",
        "STANDARD_CONCEPT": "S",
        "STANDARD_CONCEPT_CAPTION": "Standard",
        "VOCABULARY_ID": "SNOMED"
      },
      "isExcluded": false,
      "includeDescendants": true,
      "includeMapped": false
    },
    {
      "concept": {
        "CONCEPT_CLASS_ID": "Clinical Finding",
        "CONCEPT_CODE": "19943007",
        "CONCEPT_ID": 4064161,
        "CONCEPT_NAME": "Cirrhosis of liver",
        "DOMAIN_ID": "Condition",
        "INVALID_REASON": "V",
        "INVALID_REASON_CAPTION": "Valid",
        "STANDARD_CONCEPT": "S",
        "STANDARD_CONCEPT_CAPTION": "Standard",
        "VOCABULARY_ID": "SNOMED"
      },
      "isExcluded": false,
      "includeDescendants": true,
      "includeMapped": false
    },
    {
      "concept": {
        "CONCEPT_CLASS_ID": "Clinical Finding",
        "CONCEPT_CODE": "725939009",
        "CONCEPT_ID": 37111265,
        "CONCEPT_NAME": "Cirrhosis of liver caused by amiodarone",
        "DOMAIN_ID": "Condition",
        "INVALID_REASON": "V",
        "INVALID_REASON_CAPTION": "Valid",
        "STANDARD_CONCEPT": "S",
        "STANDARD_CONCEPT_CAPTION": "Standard",
        "VOCABULARY_ID": "SNOMED"
      },
      "isExcluded": false,
      "includeDescendants": true,
      "includeMapped": false
    },
    {
      "concept": {
        "CONCEPT_CLASS_ID": "Clinical Finding",
        "CONCEPT_CODE": "725938001",
        "CONCEPT_ID": 37117933,
        "CONCEPT_NAME": "Cirrhosis of liver caused by methotrexate",
        "DOMAIN_ID": "Condition",
        "INVALID_REASON": "V",
        "INVALID_REASON_CAPTION": "Valid",
        "STANDARD_CONCEPT": "S",
        "STANDARD_CONCEPT_CAPTION": "Standard",
        "VOCABULARY_ID": "SNOMED"
      },
      "isExcluded": false,
      "includeDescendants": true,
      "includeMapped": false
    },
    {
      "concept": {
        "CONCEPT_CLASS_ID": "Clinical Finding",
        "CONCEPT_CODE": "725940006",
        "CONCEPT_ID": 37111266,
        "CONCEPT_NAME": "Cirrhosis of liver caused by methyldopa",
        "DOMAIN_ID": "Condition",
        "INVALID_REASON": "V",
        "INVALID_REASON_CAPTION": "Valid",
        "STANDARD_CONCEPT": "S",
        "STANDARD_CONCEPT_CAPTION": "Standard",
        "VOCABULARY_ID": "SNOMED"
      },
      "isExcluded": false,
      "includeDescendants": true,
      "includeMapped": false
    },
    {
      "concept": {
        "CONCEPT_CLASS_ID": "Clinical Finding",
        "CONCEPT_CODE": "831000119103",
        "CONCEPT_ID": 43531723,
        "CONCEPT_NAME": "Cirrhosis of liver due to chronic hepatitis C",
        "DOMAIN_ID": "Condition",
        "INVALID_REASON": "V",
        "INVALID_REASON_CAPTION": "Valid",
        "STANDARD_CONCEPT": "S",
        "STANDARD_CONCEPT_CAPTION": "Standard",
        "VOCABULARY_ID": "SNOMED"
      },
      "isExcluded": false,
      "includeDescendants": true,
      "includeMapped": false
    },
    {
      "concept": {
        "CONCEPT_CLASS_ID": "Clinical Finding",
        "CONCEPT_CODE": "103611000119102",
        "CONCEPT_ID": 45772057,
        "CONCEPT_NAME": "Cirrhosis of liver due to hepatitis B",
        "DOMAIN_ID": "Condition",
        "INVALID_REASON": "V",
        "INVALID_REASON_CAPTION": "Valid",
        "STANDARD_CONCEPT": "S",
        "STANDARD_CONCEPT_CAPTION": "Standard",
        "VOCABULARY_ID": "SNOMED"
      },
      "isExcluded": false,
      "includeDescendants": true,
      "includeMapped": false
    },
    {
      "concept": {
        "CONCEPT_CLASS_ID": "Clinical Finding",
        "CONCEPT_CODE": "735733008",
        "CONCEPT_ID": 42539566,
        "CONCEPT_NAME": "Cirrhosis of liver with primary sclerosing cholangitis",
        "DOMAIN_ID": "Condition",
        "INVALID_REASON": "V",
        "INVALID_REASON_CAPTION": "Valid",
        "STANDARD_CONCEPT": "S",
        "STANDARD_CONCEPT_CAPTION": "Standard",
        "VOCABULARY_ID": "SNOMED"
      },
      "isExcluded": false,
      "includeDescendants": true,
      "includeMapped": false
    },
    {
      "concept": {
        "CONCEPT_CLASS_ID": "Clinical Finding",
        "CONCEPT_CODE": "271440004",
        "CONCEPT_ID": 4153294,
        "CONCEPT_NAME": "Cirrhosis secondary to cholestasis",
        "DOMAIN_ID": "Condition",
        "INVALID_REASON": "V",
        "INVALID_REASON_CAPTION": "Valid",
        "STANDARD_CONCEPT": "S",
        "STANDARD_CONCEPT_CAPTION": "Standard",
        "VOCABULARY_ID": "SNOMED"
      },
      "isExcluded": false,
      "includeDescendants": true,
      "includeMapped": false
    },
    {
      "concept": {
        "CONCEPT_CLASS_ID": "Clinical Finding",
        "CONCEPT_CODE": "725416005",
        "CONCEPT_ID": 37110890,
        "CONCEPT_NAME": "Cirrhotic cardiomyopathy",
        "DOMAIN_ID": "Condition",
        "INVALID_REASON": "V",
        "INVALID_REASON_CAPTION": "Valid",
        "STANDARD_CONCEPT": "S",
        "STANDARD_CONCEPT_CAPTION": "Standard",
        "VOCABULARY_ID": "SNOMED"
      },
      "isExcluded": false,
      "includeDescendants": true,
      "includeMapped": false
    },
    {
      "concept": {
        "CONCEPT_CLASS_ID": "Clinical Finding",
        "CONCEPT_CODE": "37688005",
        "CONCEPT_ID": 4292401,
        "CONCEPT_NAME": "Clonorchiasis with biliary cirrhosis",
        "DOMAIN_ID": "Condition",
        "INVALID_REASON": "V",
        "INVALID_REASON_CAPTION": "Valid",
        "STANDARD_CONCEPT": "S",
        "STANDARD_CONCEPT_CAPTION": "Standard",
        "VOCABULARY_ID": "SNOMED"
      },
      "isExcluded": false,
      "includeDescendants": true,
      "includeMapped": false
    },
    {
      "concept": {
        "CONCEPT_CLASS_ID": "Clinical Finding",
        "CONCEPT_CODE": "1287007",
        "CONCEPT_ID": 4030120,
        "CONCEPT_NAME": "Congenital absence of bile duct",
        "DOMAIN_ID": "Condition",
        "INVALID_REASON": "V",
        "INVALID_REASON_CAPTION": "Valid",
        "STANDARD_CONCEPT": "S",
        "STANDARD_CONCEPT_CAPTION": "Standard",
        "VOCABULARY_ID": "SNOMED"
      },
      "isExcluded": false,
      "includeDescendants": true,
      "includeMapped": false
    },
    {
      "concept": {
        "CONCEPT_CLASS_ID": "Clinical Finding",
        "CONCEPT_CODE": "204781002",
        "CONCEPT_ID": 4002477,
        "CONCEPT_NAME": "Congenital absence of hepatic ducts",
        "DOMAIN_ID": "Condition",
        "INVALID_REASON": "V",
        "INVALID_REASON_CAPTION": "Valid",
        "STANDARD_CONCEPT": "S",
        "STANDARD_CONCEPT_CAPTION": "Standard",
        "VOCABULARY_ID": "SNOMED"
      },
      "isExcluded": false,
      "includeDescendants": true,
      "includeMapped": false
    },
    {
      "concept": {
        "CONCEPT_CLASS_ID": "Clinical Finding",
        "CONCEPT_CODE": "82821008",
        "CONCEPT_ID": 4220532,
        "CONCEPT_NAME": "Congenital atresia of extrahepatic bile duct",
        "DOMAIN_ID": "Condition",
        "INVALID_REASON": "V",
        "INVALID_REASON_CAPTION": "Valid",
        "STANDARD_CONCEPT": "S",
        "STANDARD_CONCEPT_CAPTION": "Standard",
        "VOCABULARY_ID": "SNOMED"
      },
      "isExcluded": false,
      "includeDescendants": true,
      "includeMapped": false
    },
    {
      "concept": {
        "CONCEPT_CLASS_ID": "Clinical Finding",
        "CONCEPT_CODE": "77480004",
        "CONCEPT_ID": 196796,
        "CONCEPT_NAME": "Congenital biliary atresia",
        "DOMAIN_ID": "Condition",
        "INVALID_REASON": "V",
        "INVALID_REASON_CAPTION": "Valid",
        "STANDARD_CONCEPT": "S",
        "STANDARD_CONCEPT_CAPTION": "Standard",
        "VOCABULARY_ID": "SNOMED"
      },
      "isExcluded": false,
      "includeDescendants": true,
      "includeMapped": false
    },
    {
      "concept": {
        "CONCEPT_CLASS_ID": "Clinical Finding",
        "CONCEPT_CODE": "45256007",
        "CONCEPT_ID": 4163687,
        "CONCEPT_NAME": "Cruveilhier-Baumgarten syndrome",
        "DOMAIN_ID": "Condition",
        "INVALID_REASON": "V",
        "INVALID_REASON_CAPTION": "Valid",
        "STANDARD_CONCEPT": "S",
        "STANDARD_CONCEPT_CAPTION": "Standard",
        "VOCABULARY_ID": "SNOMED"
      },
      "isExcluded": false,
      "includeDescendants": true,
      "includeMapped": false
    },
    {
      "concept": {
        "CONCEPT_CLASS_ID": "Clinical Finding",
        "CONCEPT_CODE": "89580002",
        "CONCEPT_ID": 4232955,
        "CONCEPT_NAME": "Cryptogenic cirrhosis",
        "DOMAIN_ID": "Condition",
        "INVALID_REASON": "V",
        "INVALID_REASON_CAPTION": "Valid",
        "STANDARD_CONCEPT": "S",
        "STANDARD_CONCEPT_CAPTION": "Standard",
        "VOCABULARY_ID": "SNOMED"
      },
      "isExcluded": false,
      "includeDescendants": true,
      "includeMapped": false
    },
    {
      "concept": {
        "CONCEPT_CLASS_ID": "Clinical Finding",
        "CONCEPT_CODE": "716203000",
        "CONCEPT_ID": 37396401,
        "CONCEPT_NAME": "Decompensated cirrhosis of liver",
        "DOMAIN_ID": "Condition",
        "INVALID_REASON": "V",
        "INVALID_REASON_CAPTION": "Valid",
        "STANDARD_CONCEPT": "S",
        "STANDARD_CONCEPT_CAPTION": "Standard",
        "VOCABULARY_ID": "SNOMED"
      },
      "isExcluded": false,
      "includeDescendants": true,
      "includeMapped": false
    },
    {
      "concept": {
        "CONCEPT_CLASS_ID": "Clinical Finding",
        "CONCEPT_CODE": "197293003",
        "CONCEPT_ID": 4055210,
        "CONCEPT_NAME": "Diffuse nodular cirrhosis",
        "DOMAIN_ID": "Condition",
        "INVALID_REASON": "V",
        "INVALID_REASON_CAPTION": "Valid",
        "STANDARD_CONCEPT": "S",
        "STANDARD_CONCEPT_CAPTION": "Standard",
        "VOCABULARY_ID": "SNOMED"
      },
      "isExcluded": false,
      "includeDescendants": true,
      "includeMapped": false
    },
    {
      "concept": {
        "CONCEPT_CLASS_ID": "Clinical Finding",
        "CONCEPT_CODE": "235889003",
        "CONCEPT_ID": 4342774,
        "CONCEPT_NAME": "Drug-induced chronic hepatitis",
        "DOMAIN_ID": "Condition",
        "INVALID_REASON": "V",
        "INVALID_REASON_CAPTION": "Valid",
        "STANDARD_CONCEPT": "S",
        "STANDARD_CONCEPT_CAPTION": "Standard",
        "VOCABULARY_ID": "SNOMED"
      },
      "isExcluded": false,
      "includeDescendants": true,
      "includeMapped": false
    },
    {
      "concept": {
        "CONCEPT_CLASS_ID": "Clinical Finding",
        "CONCEPT_CODE": "425413006",
        "CONCEPT_ID": 4143008,
        "CONCEPT_NAME": "Drug-induced cirrhosis of liver",
        "DOMAIN_ID": "Condition",
        "INVALID_REASON": "V",
        "INVALID_REASON_CAPTION": "Valid",
        "STANDARD_CONCEPT": "S",
        "STANDARD_CONCEPT_CAPTION": "Standard",
        "VOCABULARY_ID": "SNOMED"
      },
      "isExcluded": false,
      "includeDescendants": true,
      "includeMapped": false
    },
    {
      "concept": {
        "CONCEPT_CLASS_ID": "Clinical Finding",
        "CONCEPT_CODE": "371139006",
        "CONCEPT_ID": 4159158,
        "CONCEPT_NAME": "Early cirrhosis",
        "DOMAIN_ID": "Condition",
        "INVALID_REASON": "V",
        "INVALID_REASON_CAPTION": "Valid",
        "STANDARD_CONCEPT": "S",
        "STANDARD_CONCEPT_CAPTION": "Standard",
        "VOCABULARY_ID": "SNOMED"
      },
      "isExcluded": false,
      "includeDescendants": true,
      "includeMapped": false
    },
    {
      "concept": {
        "CONCEPT_CLASS_ID": "Clinical Finding",
        "CONCEPT_CODE": "197294009",
        "CONCEPT_ID": 4058680,
        "CONCEPT_NAME": "Fatty portal cirrhosis",
        "DOMAIN_ID": "Condition",
        "INVALID_REASON": "V",
        "INVALID_REASON_CAPTION": "Valid",
        "STANDARD_CONCEPT": "S",
        "STANDARD_CONCEPT_CAPTION": "Standard",
        "VOCABULARY_ID": "SNOMED"
      },
      "isExcluded": false,
      "includeDescendants": true,
      "includeMapped": false
    },
    {
      "concept": {
        "CONCEPT_CLASS_ID": "Clinical Finding",
        "CONCEPT_CODE": "76301009",
        "CONCEPT_ID": 4294539,
        "CONCEPT_NAME": "Florid cirrhosis",
        "DOMAIN_ID": "Condition",
        "INVALID_REASON": "V",
        "INVALID_REASON_CAPTION": "Valid",
        "STANDARD_CONCEPT": "S",
        "STANDARD_CONCEPT_CAPTION": "Standard",
        "VOCABULARY_ID": "SNOMED"
      },
      "isExcluded": false,
      "includeDescendants": true,
      "includeMapped": false
    },
    {
      "concept": {
        "CONCEPT_CLASS_ID": "Clinical Finding",
        "CONCEPT_CODE": "536002",
        "CONCEPT_ID": 4203601,
        "CONCEPT_NAME": "Glissonian cirrhosis",
        "DOMAIN_ID": "Condition",
        "INVALID_REASON": "V",
        "INVALID_REASON_CAPTION": "Valid",
        "STANDARD_CONCEPT": "S",
        "STANDARD_CONCEPT_CAPTION": "Standard",
        "VOCABULARY_ID": "SNOMED"
      },
      "isExcluded": false,
      "includeDescendants": true,
      "includeMapped": false
    },
    {
      "concept": {
        "CONCEPT_CLASS_ID": "Clinical Finding",
        "CONCEPT_CODE": "1092801000119102",
        "CONCEPT_ID": 46273476,
        "CONCEPT_NAME": "Hepatic ascites co-occurrent with chronic active hepatitis due to toxic liver disease",
        "DOMAIN_ID": "Condition",
        "INVALID_REASON": "V",
        "INVALID_REASON_CAPTION": "Valid",
        "STANDARD_CONCEPT": "S",
        "STANDARD_CONCEPT_CAPTION": "Standard",
        "VOCABULARY_ID": "SNOMED"
      },
      "isExcluded": false,
      "includeDescendants": true,
      "includeMapped": false
    },
    {
      "concept": {
        "CONCEPT_CLASS_ID": "Clinical Finding",
        "CONCEPT_CODE": "235901004",
        "CONCEPT_ID": 4340948,
        "CONCEPT_NAME": "Hepatic fibrosis with hepatic sclerosis",
        "DOMAIN_ID": "Condition",
        "INVALID_REASON": "V",
        "INVALID_REASON_CAPTION": "Valid",
        "STANDARD_CONCEPT": "S",
        "STANDARD_CONCEPT_CAPTION": "Standard",
        "VOCABULARY_ID": "SNOMED"
      },
      "isExcluded": false,
      "includeDescendants": true,
      "includeMapped": false
    },
    {
      "concept": {
        "CONCEPT_CLASS_ID": "Clinical Finding",
        "CONCEPT_CODE": "235899008",
        "CONCEPT_ID": 4340394,
        "CONCEPT_NAME": "Hepatic sclerosis",
        "DOMAIN_ID": "Condition",
        "INVALID_REASON": "V",
        "INVALID_REASON_CAPTION": "Valid",
        "STANDARD_CONCEPT": "S",
        "STANDARD_CONCEPT_CAPTION": "Standard",
        "VOCABULARY_ID": "SNOMED"
      },
      "isExcluded": false,
      "includeDescendants": true,
      "includeMapped": false
    },
    {
      "concept": {
        "CONCEPT_CLASS_ID": "Clinical Finding",
        "CONCEPT_CODE": "73475009",
        "CONCEPT_ID": 4248427,
        "CONCEPT_NAME": "Hepatogenous chronic copper poisoning",
        "DOMAIN_ID": "Condition",
        "INVALID_REASON": "V",
        "INVALID_REASON_CAPTION": "Valid",
        "STANDARD_CONCEPT": "S",
        "STANDARD_CONCEPT_CAPTION": "Standard",
        "VOCABULARY_ID": "SNOMED"
      },
      "isExcluded": false,
      "includeDescendants": true,
      "includeMapped": false
    },
    {
      "concept": {
        "CONCEPT_CLASS_ID": "Clinical Finding",
        "CONCEPT_CODE": "235897005",
        "CONCEPT_ID": 4340946,
        "CONCEPT_NAME": "Hypoxia-associated cirrhosis",
        "DOMAIN_ID": "Condition",
        "INVALID_REASON": "V",
        "INVALID_REASON_CAPTION": "Valid",
        "STANDARD_CONCEPT": "S",
        "STANDARD_CONCEPT_CAPTION": "Standard",
        "VOCABULARY_ID": "SNOMED"
      },
      "isExcluded": false,
      "includeDescendants": true,
      "includeMapped": false
    },
    {
      "concept": {
        "CONCEPT_CLASS_ID": "Clinical Finding",
        "CONCEPT_CODE": "235916001",
        "CONCEPT_ID": 4341659,
        "CONCEPT_NAME": "Ichthyosis congenita with biliary atresia",
        "DOMAIN_ID": "Condition",
        "INVALID_REASON": "V",
        "INVALID_REASON_CAPTION": "Valid",
        "STANDARD_CONCEPT": "S",
        "STANDARD_CONCEPT_CAPTION": "Standard",
        "VOCABULARY_ID": "SNOMED"
      },
      "isExcluded": false,
      "includeDescendants": true,
      "includeMapped": false
    },
    {
      "concept": {
        "CONCEPT_CLASS_ID": "Clinical Finding",
        "CONCEPT_CODE": "715864007",
        "CONCEPT_ID": 37396157,
        "CONCEPT_NAME": "Idiopathic copper associated cirrhosis of liver",
        "DOMAIN_ID": "Condition",
        "INVALID_REASON": "V",
        "INVALID_REASON_CAPTION": "Valid",
        "STANDARD_CONCEPT": "S",
        "STANDARD_CONCEPT_CAPTION": "Standard",
        "VOCABULARY_ID": "SNOMED"
      },
      "isExcluded": false,
      "includeDescendants": true,
      "includeMapped": false
    },
    {
      "concept": {
        "CONCEPT_CLASS_ID": "Clinical Finding",
        "CONCEPT_CODE": "6183001",
        "CONCEPT_ID": 4268006,
        "CONCEPT_NAME": "Indian childhood cirrhosis",
        "DOMAIN_ID": "Condition",
        "INVALID_REASON": "V",
        "INVALID_REASON_CAPTION": "Valid",
        "STANDARD_CONCEPT": "S",
        "STANDARD_CONCEPT_CAPTION": "Standard",
        "VOCABULARY_ID": "SNOMED"
      },
      "isExcluded": false,
      "includeDescendants": true,
      "includeMapped": false
    },
    {
      "concept": {
        "CONCEPT_CLASS_ID": "Clinical Finding",
        "CONCEPT_CODE": "235896001",
        "CONCEPT_ID": 4340393,
        "CONCEPT_NAME": "Infectious cirrhosis",
        "DOMAIN_ID": "Condition",
        "INVALID_REASON": "V",
        "INVALID_REASON_CAPTION": "Valid",
        "STANDARD_CONCEPT": "S",
        "STANDARD_CONCEPT_CAPTION": "Standard",
        "VOCABULARY_ID": "SNOMED"
      },
      "isExcluded": false,
      "includeDescendants": true,
      "includeMapped": false
    },
    {
      "concept": {
        "CONCEPT_CLASS_ID": "Clinical Finding",
        "CONCEPT_CODE": "253807009",
        "CONCEPT_ID": 4109620,
        "CONCEPT_NAME": "Intrahepatic biliary atresia",
        "DOMAIN_ID": "Condition",
        "INVALID_REASON": "V",
        "INVALID_REASON_CAPTION": "Valid",
        "STANDARD_CONCEPT": "S",
        "STANDARD_CONCEPT_CAPTION": "Standard",
        "VOCABULARY_ID": "SNOMED"
      },
      "isExcluded": false,
      "includeDescendants": true,
      "includeMapped": false
    },
    {
      "concept": {
        "CONCEPT_CLASS_ID": "Clinical Finding",
        "CONCEPT_CODE": "235902006",
        "CONCEPT_ID": 4342776,
        "CONCEPT_NAME": "Intrahepatic phlebosclerosis and fibrosis",
        "DOMAIN_ID": "Condition",
        "INVALID_REASON": "V",
        "INVALID_REASON_CAPTION": "Valid",
        "STANDARD_CONCEPT": "S",
        "STANDARD_CONCEPT_CAPTION": "Standard",
        "VOCABULARY_ID": "SNOMED"
      },
      "isExcluded": false,
      "includeDescendants": true,
      "includeMapped": false
    },
    {
      "concept": {
        "CONCEPT_CLASS_ID": "Clinical Finding",
        "CONCEPT_CODE": "266471006",
        "CONCEPT_ID": 4144116,
        "CONCEPT_NAME": "Juvenile portal cirrhosis",
        "DOMAIN_ID": "Condition",
        "INVALID_REASON": "V",
        "INVALID_REASON_CAPTION": "Valid",
        "STANDARD_CONCEPT": "S",
        "STANDARD_CONCEPT_CAPTION": "Standard",
        "VOCABULARY_ID": "SNOMED"
      },
      "isExcluded": false,
      "includeDescendants": true,
      "includeMapped": false
    },
    {
      "concept": {
        "CONCEPT_CLASS_ID": "Clinical Finding",
        "CONCEPT_CODE": "235895002",
        "CONCEPT_ID": 4340392,
        "CONCEPT_NAME": "Laennec's cirrhosis, non-alcoholic",
        "DOMAIN_ID": "Condition",
        "INVALID_REASON": "V",
        "INVALID_REASON_CAPTION": "Valid",
        "STANDARD_CONCEPT": "S",
        "STANDARD_CONCEPT_CAPTION": "Standard",
        "VOCABULARY_ID": "SNOMED"
      },
      "isExcluded": false,
      "includeDescendants": true,
      "includeMapped": false
    },
    {
      "concept": {
        "CONCEPT_CLASS_ID": "Clinical Finding",
        "CONCEPT_CODE": "123716002",
        "CONCEPT_ID": 4049419,
        "CONCEPT_NAME": "Latent cirrhosis",
        "DOMAIN_ID": "Condition",
        "INVALID_REASON": "V",
        "INVALID_REASON_CAPTION": "Valid",
        "STANDARD_CONCEPT": "S",
        "STANDARD_CONCEPT_CAPTION": "Standard",
        "VOCABULARY_ID": "SNOMED"
      },
      "isExcluded": false,
      "includeDescendants": true,
      "includeMapped": false
    },
    {
      "concept": {
        "CONCEPT_CLASS_ID": "Clinical Finding",
        "CONCEPT_CODE": "735732003",
        "CONCEPT_ID": 42536741,
        "CONCEPT_NAME": "Liver disease co-occurrent and due to mitochondrial disorder",
        "DOMAIN_ID": "Condition",
        "INVALID_REASON": "V",
        "INVALID_REASON_CAPTION": "Valid",
        "STANDARD_CONCEPT": "S",
        "STANDARD_CONCEPT_CAPTION": "Standard",
        "VOCABULARY_ID": "SNOMED"
      },
      "isExcluded": false,
      "includeDescendants": true,
      "includeMapped": false
    },
    {
      "concept": {
        "CONCEPT_CLASS_ID": "Clinical Finding",
        "CONCEPT_CODE": "314963000",
        "CONCEPT_ID": 4200888,
        "CONCEPT_NAME": "Local recurrence of malignant tumor of liver",
        "DOMAIN_ID": "Condition",
        "INVALID_REASON": "V",
        "INVALID_REASON_CAPTION": "Valid",
        "STANDARD_CONCEPT": "S",
        "STANDARD_CONCEPT_CAPTION": "Standard",
        "VOCABULARY_ID": "SNOMED"
      },
      "isExcluded": false,
      "includeDescendants": true,
      "includeMapped": false
    },
    {
      "concept": {
        "CONCEPT_CLASS_ID": "Clinical Finding",
        "CONCEPT_CODE": "19682006",
        "CONCEPT_ID": 4057084,
        "CONCEPT_NAME": "Lupus hepatitis",
        "DOMAIN_ID": "Condition",
        "INVALID_REASON": "V",
        "INVALID_REASON_CAPTION": "Valid",
        "STANDARD_CONCEPT": "S",
        "STANDARD_CONCEPT_CAPTION": "Standard",
        "VOCABULARY_ID": "SNOMED"
      },
      "isExcluded": false,
      "includeDescendants": true,
      "includeMapped": false
    },
    {
      "concept": {
        "CONCEPT_CLASS_ID": "Clinical Finding",
        "CONCEPT_CODE": "43904005",
        "CONCEPT_ID": 4184779,
        "CONCEPT_NAME": "Macronodular cirrhosis",
        "DOMAIN_ID": "Condition",
        "INVALID_REASON": "V",
        "INVALID_REASON_CAPTION": "Valid",
        "STANDARD_CONCEPT": "S",
        "STANDARD_CONCEPT_CAPTION": "Standard",
        "VOCABULARY_ID": "SNOMED"
      },
      "isExcluded": false,
      "includeDescendants": true,
      "includeMapped": false
    },
    {
      "concept": {
        "CONCEPT_CLASS_ID": "Clinical Finding",
        "CONCEPT_CODE": "21861000",
        "CONCEPT_ID": 4071022,
        "CONCEPT_NAME": "Micronodular cirrhosis",
        "DOMAIN_ID": "Condition",
        "INVALID_REASON": "V",
        "INVALID_REASON_CAPTION": "Valid",
        "STANDARD_CONCEPT": "S",
        "STANDARD_CONCEPT_CAPTION": "Standard",
        "VOCABULARY_ID": "SNOMED"
      },
      "isExcluded": false,
      "includeDescendants": true,
      "includeMapped": false
    },
    {
      "concept": {
        "CONCEPT_CLASS_ID": "Clinical Finding",
        "CONCEPT_CODE": "15999000",
        "CONCEPT_ID": 4050640,
        "CONCEPT_NAME": "Mixed micro and macronodular cirrhosis",
        "DOMAIN_ID": "Condition",
        "INVALID_REASON": "V",
        "INVALID_REASON_CAPTION": "Valid",
        "STANDARD_CONCEPT": "S",
        "STANDARD_CONCEPT_CAPTION": "Standard",
        "VOCABULARY_ID": "SNOMED"
      },
      "isExcluded": false,
      "includeDescendants": true,
      "includeMapped": false
    },
    {
      "concept": {
        "CONCEPT_CLASS_ID": "Clinical Finding",
        "CONCEPT_CODE": "266469006",
        "CONCEPT_ID": 4148254,
        "CONCEPT_NAME": "Multilobular portal cirrhosis",
        "DOMAIN_ID": "Condition",
        "INVALID_REASON": "V",
        "INVALID_REASON_CAPTION": "Valid",
        "STANDARD_CONCEPT": "S",
        "STANDARD_CONCEPT_CAPTION": "Standard",
        "VOCABULARY_ID": "SNOMED"
      },
      "isExcluded": false,
      "includeDescendants": true,
      "includeMapped": false
    },
    {
      "concept": {
        "CONCEPT_CLASS_ID": "Clinical Finding",
        "CONCEPT_CODE": "699189004",
        "CONCEPT_ID": 44783142,
        "CONCEPT_NAME": "North American Indian childhood cirrhosis",
        "DOMAIN_ID": "Condition",
        "INVALID_REASON": "V",
        "INVALID_REASON_CAPTION": "Valid",
        "STANDARD_CONCEPT": "S",
        "STANDARD_CONCEPT_CAPTION": "Standard",
        "VOCABULARY_ID": "SNOMED"
      },
      "isExcluded": false,
      "includeDescendants": true,
      "includeMapped": false
    },
    {
      "concept": {
        "CONCEPT_CLASS_ID": "Clinical Finding",
        "CONCEPT_CODE": "123605001",
        "CONCEPT_ID": 4048057,
        "CONCEPT_NAME": "Nutritional cirrhosis",
        "DOMAIN_ID": "Condition",
        "INVALID_REASON": "V",
        "INVALID_REASON_CAPTION": "Valid",
        "STANDARD_CONCEPT": "S",
        "STANDARD_CONCEPT_CAPTION": "Standard",
        "VOCABULARY_ID": "SNOMED"
      },
      "isExcluded": false,
      "includeDescendants": true,
      "includeMapped": false
    },
    {
      "concept": {
        "CONCEPT_CLASS_ID": "Clinical Finding",
        "CONCEPT_CODE": "109819003",
        "CONCEPT_ID": 4003673,
        "CONCEPT_NAME": "Obstructive biliary cirrhosis",
        "DOMAIN_ID": "Condition",
        "INVALID_REASON": "V",
        "INVALID_REASON_CAPTION": "Valid",
        "STANDARD_CONCEPT": "S",
        "STANDARD_CONCEPT_CAPTION": "Standard",
        "VOCABULARY_ID": "SNOMED"
      },
      "isExcluded": false,
      "includeDescendants": true,
      "includeMapped": false
    },
    {
      "concept": {
        "CONCEPT_CLASS_ID": "Clinical Finding",
        "CONCEPT_CODE": "713966008",
        "CONCEPT_ID": 37017654,
        "CONCEPT_NAME": "Occult chronic type B viral hepatitis",
        "DOMAIN_ID": "Condition",
        "INVALID_REASON": "V",
        "INVALID_REASON_CAPTION": "Valid",
        "STANDARD_CONCEPT": "S",
        "STANDARD_CONCEPT_CAPTION": "Standard",
        "VOCABULARY_ID": "SNOMED"
      },
      "isExcluded": false,
      "includeDescendants": true,
      "includeMapped": false
    },
    {
      "concept": {
        "CONCEPT_CLASS_ID": "Clinical Finding",
        "CONCEPT_CODE": "33144001",
        "CONCEPT_ID": 4140536,
        "CONCEPT_NAME": "Parasitic cirrhosis",
        "DOMAIN_ID": "Condition",
        "INVALID_REASON": "V",
        "INVALID_REASON_CAPTION": "Valid",
        "STANDARD_CONCEPT": "S",
        "STANDARD_CONCEPT_CAPTION": "Standard",
        "VOCABULARY_ID": "SNOMED"
      },
      "isExcluded": false,
      "includeDescendants": true,
      "includeMapped": false
    },
    {
      "concept": {
        "CONCEPT_CLASS_ID": "Clinical Finding",
        "CONCEPT_CODE": "197299004",
        "CONCEPT_ID": 4059285,
        "CONCEPT_NAME": "Pigmentary portal cirrhosis",
        "DOMAIN_ID": "Condition",
        "INVALID_REASON": "V",
        "INVALID_REASON_CAPTION": "Valid",
        "STANDARD_CONCEPT": "S",
        "STANDARD_CONCEPT_CAPTION": "Standard",
        "VOCABULARY_ID": "SNOMED"
      },
      "isExcluded": false,
      "includeDescendants": true,
      "includeMapped": false
    },
    {
      "concept": {
        "CONCEPT_CLASS_ID": "Clinical Finding",
        "CONCEPT_CODE": "78208005",
        "CONCEPT_ID": 4300060,
        "CONCEPT_NAME": "Pigment cirrhosis",
        "DOMAIN_ID": "Condition",
        "INVALID_REASON": "V",
        "INVALID_REASON_CAPTION": "Valid",
        "STANDARD_CONCEPT": "S",
        "STANDARD_CONCEPT_CAPTION": "Standard",
        "VOCABULARY_ID": "SNOMED"
      },
      "isExcluded": false,
      "includeDescendants": true,
      "includeMapped": false
    },
    {
      "concept": {
        "CONCEPT_CLASS_ID": "Clinical Finding",
        "CONCEPT_CODE": "419728003",
        "CONCEPT_ID": 4304584,
        "CONCEPT_NAME": "Portal cirrhosis",
        "DOMAIN_ID": "Condition",
        "INVALID_REASON": "V",
        "INVALID_REASON_CAPTION": "Valid",
        "STANDARD_CONCEPT": "S",
        "STANDARD_CONCEPT_CAPTION": "Standard",
        "VOCABULARY_ID": "SNOMED"
      },
      "isExcluded": false,
      "includeDescendants": true,
      "includeMapped": false
    },
    {
      "concept": {
        "CONCEPT_CLASS_ID": "Clinical Finding",
        "CONCEPT_CODE": "27156006",
        "CONCEPT_ID": 4098583,
        "CONCEPT_NAME": "Posthepatitic cirrhosis",
        "DOMAIN_ID": "Condition",
        "INVALID_REASON": "V",
        "INVALID_REASON_CAPTION": "Valid",
        "STANDARD_CONCEPT": "S",
        "STANDARD_CONCEPT_CAPTION": "Standard",
        "VOCABULARY_ID": "SNOMED"
      },
      "isExcluded": false,
      "includeDescendants": true,
      "includeMapped": false
    },
    {
      "concept": {
        "CONCEPT_CLASS_ID": "Clinical Finding",
        "CONCEPT_CODE": "86454000",
        "CONCEPT_ID": 4313567,
        "CONCEPT_NAME": "Postnecrotic cirrhosis",
        "DOMAIN_ID": "Condition",
        "INVALID_REASON": "V",
        "INVALID_REASON_CAPTION": "Valid",
        "STANDARD_CONCEPT": "S",
        "STANDARD_CONCEPT_CAPTION": "Standard",
        "VOCABULARY_ID": "SNOMED"
      },
      "isExcluded": false,
      "includeDescendants": true,
      "includeMapped": false
    },
    {
      "concept": {
        "CONCEPT_CLASS_ID": "Clinical Finding",
        "CONCEPT_CODE": "31712002",
        "CONCEPT_ID": 4135822,
        "CONCEPT_NAME": "Primary biliary cholangitis",
        "DOMAIN_ID": "Condition",
        "INVALID_REASON": "V",
        "INVALID_REASON_CAPTION": "Valid",
        "STANDARD_CONCEPT": "S",
        "STANDARD_CONCEPT_CAPTION": "Standard",
        "VOCABULARY_ID": "SNOMED"
      },
      "isExcluded": false,
      "includeDescendants": true,
      "includeMapped": false
    },
    {
      "concept": {
        "CONCEPT_CLASS_ID": "Clinical Finding",
        "CONCEPT_CODE": "197286002",
        "CONCEPT_ID": 4026126,
        "CONCEPT_NAME": "Recurrent hepatitis",
        "DOMAIN_ID": "Condition",
        "INVALID_REASON": "V",
        "INVALID_REASON_CAPTION": "Valid",
        "STANDARD_CONCEPT": "S",
        "STANDARD_CONCEPT_CAPTION": "Standard",
        "VOCABULARY_ID": "SNOMED"
      },
      "isExcluded": false,
      "includeDescendants": true,
      "includeMapped": false
    },
    {
      "concept": {
        "CONCEPT_CLASS_ID": "Clinical Finding",
        "CONCEPT_CODE": "715401008",
        "CONCEPT_ID": 37399445,
        "CONCEPT_NAME": "Reynolds syndrome",
        "DOMAIN_ID": "Condition",
        "INVALID_REASON": "V",
        "INVALID_REASON_CAPTION": "Valid",
        "STANDARD_CONCEPT": "S",
        "STANDARD_CONCEPT_CAPTION": "Standard",
        "VOCABULARY_ID": "SNOMED"
      },
      "isExcluded": false,
      "includeDescendants": true,
      "includeMapped": false
    },
    {
      "concept": {
        "CONCEPT_CLASS_ID": "Clinical Finding",
        "CONCEPT_CODE": "12368000",
        "CONCEPT_ID": 4046123,
        "CONCEPT_NAME": "Secondary biliary cirrhosis",
        "DOMAIN_ID": "Condition",
        "INVALID_REASON": "V",
        "INVALID_REASON_CAPTION": "Valid",
        "STANDARD_CONCEPT": "S",
        "STANDARD_CONCEPT_CAPTION": "Standard",
        "VOCABULARY_ID": "SNOMED"
      },
      "isExcluded": false,
      "includeDescendants": true,
      "includeMapped": false
    },
    {
      "concept": {
        "CONCEPT_CLASS_ID": "Clinical Finding",
        "CONCEPT_CODE": "16070004",
        "CONCEPT_ID": 4053079,
        "CONCEPT_NAME": "Syphilitic cirrhosis",
        "DOMAIN_ID": "Condition",
        "INVALID_REASON": "V",
        "INVALID_REASON_CAPTION": "Valid",
        "STANDARD_CONCEPT": "S",
        "STANDARD_CONCEPT_CAPTION": "Standard",
        "VOCABULARY_ID": "SNOMED"
      },
      "isExcluded": false,
      "includeDescendants": true,
      "includeMapped": false
    },
    {
      "concept": {
        "CONCEPT_CLASS_ID": "Clinical Finding",
        "CONCEPT_CODE": "197305002",
        "CONCEPT_ID": 4058682,
        "CONCEPT_NAME": "Syphilitic portal cirrhosis",
        "DOMAIN_ID": "Condition",
        "INVALID_REASON": "V",
        "INVALID_REASON_CAPTION": "Valid",
        "STANDARD_CONCEPT": "S",
        "STANDARD_CONCEPT_CAPTION": "Standard",
        "VOCABULARY_ID": "SNOMED"
      },
      "isExcluded": false,
      "includeDescendants": true,
      "includeMapped": false
    },
    {
      "concept": {
        "CONCEPT_CLASS_ID": "Clinical Finding",
        "CONCEPT_CODE": "123604002",
        "CONCEPT_ID": 4046016,
        "CONCEPT_NAME": "Toxic cirrhosis",
        "DOMAIN_ID": "Condition",
        "INVALID_REASON": "V",
        "INVALID_REASON_CAPTION": "Valid",
        "STANDARD_CONCEPT": "S",
        "STANDARD_CONCEPT_CAPTION": "Standard",
        "VOCABULARY_ID": "SNOMED"
      },
      "isExcluded": false,
      "includeDescendants": true,
      "includeMapped": false
    },
    {
      "concept": {
        "CONCEPT_CLASS_ID": "Clinical Finding",
        "CONCEPT_CODE": "197361008",
        "CONCEPT_ID": 4059299,
        "CONCEPT_NAME": "Toxic liver disease with chronic active hepatitis",
        "DOMAIN_ID": "Condition",
        "INVALID_REASON": "V",
        "INVALID_REASON_CAPTION": "Valid",
        "STANDARD_CONCEPT": "S",
        "STANDARD_CONCEPT_CAPTION": "Standard",
        "VOCABULARY_ID": "SNOMED"
      },
      "isExcluded": false,
      "includeDescendants": true,
      "includeMapped": false
    },
    {
      "concept": {
        "CONCEPT_CLASS_ID": "Clinical Finding",
        "CONCEPT_CODE": "197360009",
        "CONCEPT_ID": 4055225,
        "CONCEPT_NAME": "Toxic liver disease with chronic lobular hepatitis",
        "DOMAIN_ID": "Condition",
        "INVALID_REASON": "V",
        "INVALID_REASON_CAPTION": "Valid",
        "STANDARD_CONCEPT": "S",
        "STANDARD_CONCEPT_CAPTION": "Standard",
        "VOCABULARY_ID": "SNOMED"
      },
      "isExcluded": false,
      "includeDescendants": true,
      "includeMapped": false
    },
    {
      "concept": {
        "CONCEPT_CLASS_ID": "Clinical Finding",
        "CONCEPT_CODE": "197359004",
        "CONCEPT_ID": 4059298,
        "CONCEPT_NAME": "Toxic liver disease with chronic persistent hepatitis",
        "DOMAIN_ID": "Condition",
        "INVALID_REASON": "V",
        "INVALID_REASON_CAPTION": "Valid",
        "STANDARD_CONCEPT": "S",
        "STANDARD_CONCEPT_CAPTION": "Standard",
        "VOCABULARY_ID": "SNOMED"
      },
      "isExcluded": false,
      "includeDescendants": true,
      "includeMapped": false
    },
    {
      "concept": {
        "CONCEPT_CLASS_ID": "Clinical Finding",
        "CONCEPT_CODE": "197362001",
        "CONCEPT_ID": 4058695,
        "CONCEPT_NAME": "Toxic liver disease with fibrosis and cirrhosis of liver",
        "DOMAIN_ID": "Condition",
        "INVALID_REASON": "V",
        "INVALID_REASON_CAPTION": "Valid",
        "STANDARD_CONCEPT": "S",
        "STANDARD_CONCEPT_CAPTION": "Standard",
        "VOCABULARY_ID": "SNOMED"
      },
      "isExcluded": false,
      "includeDescendants": true,
      "includeMapped": false
    },
    {
      "concept": {
        "CONCEPT_CLASS_ID": "Clinical Finding",
        "CONCEPT_CODE": "197301006",
        "CONCEPT_ID": 4059287,
        "CONCEPT_NAME": "Toxic portal cirrhosis",
        "DOMAIN_ID": "Condition",
        "INVALID_REASON": "V",
        "INVALID_REASON_CAPTION": "Valid",
        "STANDARD_CONCEPT": "S",
        "STANDARD_CONCEPT_CAPTION": "Standard",
        "VOCABULARY_ID": "SNOMED"
      },
      "isExcluded": false,
      "includeDescendants": true,
      "includeMapped": false
    },
    {
      "concept": {
        "CONCEPT_CLASS_ID": "Clinical Finding",
        "CONCEPT_CODE": "737297006",
        "CONCEPT_ID": 42537742,
        "CONCEPT_NAME": "Transplanted liver present",
        "DOMAIN_ID": "Condition",
        "INVALID_REASON": "V",
        "INVALID_REASON_CAPTION": "Valid",
        "STANDARD_CONCEPT": "S",
        "STANDARD_CONCEPT_CAPTION": "Standard",
        "VOCABULARY_ID": "SNOMED"
      },
      "isExcluded": false,
      "includeDescendants": true,
      "includeMapped": false
    },
    {
      "concept": {
        "CONCEPT_CLASS_ID": "Clinical Finding",
        "CONCEPT_CODE": "197291001",
        "CONCEPT_ID": 4055209,
        "CONCEPT_NAME": "Unilobular portal cirrhosis",
        "DOMAIN_ID": "Condition",
        "INVALID_REASON": "V",
        "INVALID_REASON_CAPTION": "Valid",
        "STANDARD_CONCEPT": "S",
        "STANDARD_CONCEPT_CAPTION": "Standard",
        "VOCABULARY_ID": "SNOMED"
      },
      "isExcluded": false,
      "includeDescendants": true,
      "includeMapped": false
    }
  ]
}}
  ],
  "PrimaryCriteria": {
    "CriteriaList": [
      {
"ConditionOccurrence":{
"CodesetId":7
}
}

    ],
    "ObservationWindow": {
      "PriorDays": 0,
      "PostDays": 0
    },
    "PrimaryCriteriaLimit": {
      "Type": "All"
    }
  },
  "AdditionalCriteria": {
    "Type": "ANY",
    "CriteriaList": [],
    "DemographicCriteriaList": [],
    "Groups": []
  },
  "QualifiedLimit": {
    "Type": "All"
  },
  "ExpressionLimit": {
    "Type": "All"
  },
  "InclusionRules": [],
  "EndStrategy": {
    "DateOffset": {
      "DateField": "StartDate",
      "Offset": 0
    }
  },
  "CensoringCriteria": [],
  "CollapseSettings": {
    "CollapseType": "ERA",
    "EraPad": 0
  },
  "CensorWindow": {},
  "cdmVersionRange": ">=5.0.0"
} 