{
  "ConceptSets": [
    {
    "id":23,
    "name": "BR_FC_v5.1_PREGATRISK1_COD",
    "expression":
{
  "items": [
    {
      "concept": {
        "CONCEPT_CLASS_ID": "Clinical Finding",
        "CONCEPT_CODE": "169488004",
        "CONCEPT_ID": 4061672,
        "CONCEPT_NAME": "IUD failure - pregnant",
        "DOMAIN_ID": "Observation",
        "INVALID_REASON": "V",
        "INVALID_REASON_CAPTION": "Valid",
        "STANDARD_CONCEPT": "S",
        "STANDARD_CONCEPT_CAPTION": "Standard",
        "VOCABULARY_ID": "SNOMED"
      },
      "isExcluded": false,
      "includeDescendants": true,
      "includeMapped": false
    },
    {
      "concept": {
        "CONCEPT_CLASS_ID": "Clinical Finding",
        "CONCEPT_CODE": "169566002",
        "CONCEPT_ID": 4060237,
        "CONCEPT_NAME": "Pregnancy unplanned but wanted",
        "DOMAIN_ID": "Condition",
        "INVALID_REASON": "V",
        "INVALID_REASON_CAPTION": "Valid",
        "STANDARD_CONCEPT": "S",
        "STANDARD_CONCEPT_CAPTION": "Standard",
        "VOCABULARY_ID": "SNOMED"
      },
      "isExcluded": false,
      "includeDescendants": true,
      "includeMapped": false
    },
    {
      "concept": {
        "CONCEPT_CLASS_ID": "Clinical Finding",
        "CONCEPT_CODE": "77386006",
        "CONCEPT_ID": 4299535,
        "CONCEPT_NAME": "Pregnant",
        "DOMAIN_ID": "Condition",
        "INVALID_REASON": "V",
        "INVALID_REASON_CAPTION": "Valid",
        "STANDARD_CONCEPT": "S",
        "STANDARD_CONCEPT_CAPTION": "Standard",
        "VOCABULARY_ID": "SNOMED"
      },
      "isExcluded": false,
      "includeDescendants": true,
      "includeMapped": false
    },
    {
      "concept": {
        "CONCEPT_CLASS_ID": "Clinical Finding",
        "CONCEPT_CODE": "169561007",
        "CONCEPT_ID": 4059982,
        "CONCEPT_NAME": "Pregnant - blood test confirms",
        "DOMAIN_ID": "Condition",
        "INVALID_REASON": "V",
        "INVALID_REASON_CAPTION": "Valid",
        "STANDARD_CONCEPT": "S",
        "STANDARD_CONCEPT_CAPTION": "Standard",
        "VOCABULARY_ID": "SNOMED"
      },
      "isExcluded": false,
      "includeDescendants": true,
      "includeMapped": false
    },
    {
      "concept": {
        "CONCEPT_CLASS_ID": "Clinical Finding",
        "CONCEPT_CODE": "169501005",
        "CONCEPT_ID": 4061676,
        "CONCEPT_NAME": "Pregnant, diaphragm failure",
        "DOMAIN_ID": "Observation",
        "INVALID_REASON": "V",
        "INVALID_REASON_CAPTION": "Valid",
        "STANDARD_CONCEPT": "S",
        "STANDARD_CONCEPT_CAPTION": "Standard",
        "VOCABULARY_ID": "SNOMED"
      },
      "isExcluded": false,
      "includeDescendants": true,
      "includeMapped": false
    },
    {
      "concept": {
        "CONCEPT_CLASS_ID": "Clinical Finding",
        "CONCEPT_CODE": "169564004",
        "CONCEPT_ID": 4061784,
        "CONCEPT_NAME": "Pregnant - on abdominal palpation",
        "DOMAIN_ID": "Condition",
        "INVALID_REASON": "V",
        "INVALID_REASON_CAPTION": "Valid",
        "STANDARD_CONCEPT": "S",
        "STANDARD_CONCEPT_CAPTION": "Standard",
        "VOCABULARY_ID": "SNOMED"
      },
      "isExcluded": false,
      "includeDescendants": true,
      "includeMapped": false
    },
    {
      "concept": {
        "CONCEPT_CLASS_ID": "Clinical Finding",
        "CONCEPT_CODE": "169563005",
        "CONCEPT_ID": 4061686,
        "CONCEPT_NAME": "Pregnant - on history",
        "DOMAIN_ID": "Condition",
        "INVALID_REASON": "V",
        "INVALID_REASON_CAPTION": "Valid",
        "STANDARD_CONCEPT": "S",
        "STANDARD_CONCEPT_CAPTION": "Standard",
        "VOCABULARY_ID": "SNOMED"
      },
      "isExcluded": false,
      "includeDescendants": true,
      "includeMapped": false
    },
    {
      "concept": {
        "CONCEPT_CLASS_ID": "Clinical Finding",
        "CONCEPT_CODE": "169565003",
        "CONCEPT_ID": 4059984,
        "CONCEPT_NAME": "Pregnant - planned",
        "DOMAIN_ID": "Condition",
        "INVALID_REASON": "V",
        "INVALID_REASON_CAPTION": "Valid",
        "STANDARD_CONCEPT": "S",
        "STANDARD_CONCEPT_CAPTION": "Standard",
        "VOCABULARY_ID": "SNOMED"
      },
      "isExcluded": false,
      "includeDescendants": true,
      "includeMapped": false
    },
    {
      "concept": {
        "CONCEPT_CLASS_ID": "Clinical Finding",
        "CONCEPT_CODE": "169508004",
        "CONCEPT_ID": 4061411,
        "CONCEPT_NAME": "Pregnant, sheath failure",
        "DOMAIN_ID": "Observation",
        "INVALID_REASON": "V",
        "INVALID_REASON_CAPTION": "Valid",
        "STANDARD_CONCEPT": "S",
        "STANDARD_CONCEPT_CAPTION": "Standard",
        "VOCABULARY_ID": "SNOMED"
      },
      "isExcluded": false,
      "includeDescendants": true,
      "includeMapped": false
    },
    {
      "concept": {
        "CONCEPT_CLASS_ID": "Clinical Finding",
        "CONCEPT_CODE": "169560008",
        "CONCEPT_ID": 4059981,
        "CONCEPT_NAME": "Pregnant - urine test confirms",
        "DOMAIN_ID": "Condition",
        "INVALID_REASON": "V",
        "INVALID_REASON_CAPTION": "Valid",
        "STANDARD_CONCEPT": "S",
        "STANDARD_CONCEPT_CAPTION": "Standard",
        "VOCABULARY_ID": "SNOMED"
      },
      "isExcluded": false,
      "includeDescendants": true,
      "includeMapped": false
    },
    {
      "concept": {
        "CONCEPT_CLASS_ID": "Clinical Finding",
        "CONCEPT_CODE": "169562000",
        "CONCEPT_ID": 4059983,
        "CONCEPT_NAME": "Pregnant - V.E. confirms",
        "DOMAIN_ID": "Condition",
        "INVALID_REASON": "V",
        "INVALID_REASON_CAPTION": "Valid",
        "STANDARD_CONCEPT": "S",
        "STANDARD_CONCEPT_CAPTION": "Standard",
        "VOCABULARY_ID": "SNOMED"
      },
      "isExcluded": false,
      "includeDescendants": true,
      "includeMapped": false
    }
  ]
}}
  ],
  "PrimaryCriteria": {
    "CriteriaList": [
      {
"ConditionOccurrence":{
"CodesetId":23
}
}

    ],
    "ObservationWindow": {
      "PriorDays": 0,
      "PostDays": 0
    },
    "PrimaryCriteriaLimit": {
      "Type": "All"
    }
  },
  "AdditionalCriteria": {
    "Type": "ANY",
    "CriteriaList": [],
    "DemographicCriteriaList": [],
    "Groups": []
  },
  "QualifiedLimit": {
    "Type": "All"
  },
  "ExpressionLimit": {
    "Type": "All"
  },
  "InclusionRules": [],
  "EndStrategy": {
    "DateOffset": {
      "DateField": "StartDate",
      "Offset": 0
    }
  },
  "CensoringCriteria": [],
  "CollapseSettings": {
    "CollapseType": "ERA",
    "EraPad": 0
  },
  "CensorWindow": {},
  "cdmVersionRange": ">=5.0.0"
} 