{
  "ConceptSets": [
    {
    "id":19,
    "name": "BR_FC_v5.1_INTGP_OHP_COD",
    "expression":
{
  "items": [
    {
      "concept": {
        "CONCEPT_CLASS_ID": "Procedure",
        "CONCEPT_CODE": "884861000000100",
        "CONCEPT_ID": 44809850,
        "CONCEPT_NAME": "Administration of first intranasal seasonal influenza vaccination",
        "DOMAIN_ID": "Procedure",
        "INVALID_REASON": "V",
        "INVALID_REASON_CAPTION": "Valid",
        "STANDARD_CONCEPT": "S",
        "STANDARD_CONCEPT_CAPTION": "Standard",
        "VOCABULARY_ID": "SNOMED"
      },
      "isExcluded": false,
      "includeDescendants": true,
      "includeMapped": false
    },
    {
      "concept": {
        "CONCEPT_CLASS_ID": "Procedure",
        "CONCEPT_CODE": "884881000000109",
        "CONCEPT_ID": 44809851,
        "CONCEPT_NAME": "Administration of second intranasal seasonal influenza vaccination",
        "DOMAIN_ID": "Procedure",
        "INVALID_REASON": "V",
        "INVALID_REASON_CAPTION": "Valid",
        "STANDARD_CONCEPT": "S",
        "STANDARD_CONCEPT_CAPTION": "Standard",
        "VOCABULARY_ID": "SNOMED"
      },
      "isExcluded": false,
      "includeDescendants": true,
      "includeMapped": false
    },
    {
      "concept": {
        "CONCEPT_CLASS_ID": "Context-dependent",
        "CONCEPT_CODE": "955661000000102",
        "CONCEPT_ID": 46284830,
        "CONCEPT_NAME": "First intranasal seasonal influenza vaccination given by other healthcare provider",
        "DOMAIN_ID": "Observation",
        "INVALID_REASON": "V",
        "INVALID_REASON_CAPTION": "Valid",
        "STANDARD_CONCEPT": "S",
        "STANDARD_CONCEPT_CAPTION": "Standard",
        "VOCABULARY_ID": "SNOMED"
      },
      "isExcluded": false,
      "includeDescendants": true,
      "includeMapped": false
    },
    {
      "concept": {
        "CONCEPT_CLASS_ID": "Context-dependent",
        "CONCEPT_CODE": "1037311000000106",
        "CONCEPT_ID": 37394692,
        "CONCEPT_NAME": "First intranasal seasonal influenza vaccination given by pharmacist",
        "DOMAIN_ID": "Observation",
        "INVALID_REASON": "V",
        "INVALID_REASON_CAPTION": "Valid",
        "STANDARD_CONCEPT": "S",
        "STANDARD_CONCEPT_CAPTION": "Standard",
        "VOCABULARY_ID": "SNOMED"
      },
      "isExcluded": false,
      "includeDescendants": true,
      "includeMapped": false
    },
    {
      "concept": {
        "CONCEPT_CLASS_ID": "Context-dependent",
        "CONCEPT_CODE": "955681000000106",
        "CONCEPT_ID": 46284831,
        "CONCEPT_NAME": "Second intranasal seasonal influenza vaccination given by other healthcare provider",
        "DOMAIN_ID": "Observation",
        "INVALID_REASON": "V",
        "INVALID_REASON_CAPTION": "Valid",
        "STANDARD_CONCEPT": "S",
        "STANDARD_CONCEPT_CAPTION": "Standard",
        "VOCABULARY_ID": "SNOMED"
      },
      "isExcluded": false,
      "includeDescendants": true,
      "includeMapped": false
    },
    {
      "concept": {
        "CONCEPT_CLASS_ID": "Context-dependent",
        "CONCEPT_CODE": "1037331000000103",
        "CONCEPT_ID": 37394693,
        "CONCEPT_NAME": "Second intranasal seasonal influenza vaccination given by pharmacist",
        "DOMAIN_ID": "Observation",
        "INVALID_REASON": "V",
        "INVALID_REASON_CAPTION": "Valid",
        "STANDARD_CONCEPT": "S",
        "STANDARD_CONCEPT_CAPTION": "Standard",
        "VOCABULARY_ID": "SNOMED"
      },
      "isExcluded": false,
      "includeDescendants": true,
      "includeMapped": false
    },
    {
      "concept": {
        "CONCEPT_CLASS_ID": "CVX",
        "CONCEPT_CODE": "111",
        "CONCEPT_ID": 40213149,
        "CONCEPT_NAME": "influenza virus vaccine, live, attenuated, for intranasal use",
        "DOMAIN_ID": "Drug",
        "INVALID_REASON": "V",
        "INVALID_REASON_CAPTION": "Valid",
        "STANDARD_CONCEPT": "S",
        "STANDARD_CONCEPT_CAPTION": "Standard",
        "VOCABULARY_ID": "CVX"
      },
      "isExcluded": false,
      "includeDescendants": true,
      "includeMapped": false
    }
  ]
}}
  ],
  "PrimaryCriteria": {
    "CriteriaList": [
      {
"ConditionOccurrence":{
"CodesetId":19
}
}

    ],
    "ObservationWindow": {
      "PriorDays": 0,
      "PostDays": 0
    },
    "PrimaryCriteriaLimit": {
      "Type": "All"
    }
  },
  "AdditionalCriteria": {
    "Type": "ANY",
    "CriteriaList": [],
    "DemographicCriteriaList": [],
    "Groups": []
  },
  "QualifiedLimit": {
    "Type": "All"
  },
  "ExpressionLimit": {
    "Type": "All"
  },
  "InclusionRules": [],
  "EndStrategy": {
    "DateOffset": {
      "DateField": "StartDate",
      "Offset": 0
    }
  },
  "CensoringCriteria": [],
  "CollapseSettings": {
    "CollapseType": "ERA",
    "EraPad": 0
  },
  "CensorWindow": {},
  "cdmVersionRange": ">=5.0.0"
} 