{
  "ConceptSets": [
    {
    "id":27,
    "name": "SPL_HighRiskShielding_Flag",
    "expression":
{
  "items": [
    {
      "concept": {
        "CONCEPT_CLASS_ID": "Clinical Finding",
        "CONCEPT_CODE": "1300561000000107",
        "CONCEPT_ID": 703447,
        "CONCEPT_NAME": "High risk category for developing complication from COVID-19 infection",
        "DOMAIN_ID": "Condition",
        "INVALID_REASON": "V",
        "INVALID_REASON_CAPTION": "Valid",
        "STANDARD_CONCEPT": "S",
        "STANDARD_CONCEPT_CAPTION": "Standard",
        "VOCABULARY_ID": "SNOMED"
      },
      "isExcluded": false,
      "includeDescendants": true,
      "includeMapped": false
    },
    {
      "concept": {
        "CONCEPT_CLASS_ID": "Procedure",
        "CONCEPT_CODE": "1321151000000102",
        "CONCEPT_ID": 703426,
        "CONCEPT_NAME": "Reverse self-isolation of uninfected subject to prevent exposure to contagion",
        "DOMAIN_ID": "Visit",
        "INVALID_REASON": "V",
        "INVALID_REASON_CAPTION": "Valid",
        "STANDARD_CONCEPT": "N",
        "STANDARD_CONCEPT_CAPTION": "Non-Standard",
        "VOCABULARY_ID": "SNOMED"
      },
      "isExcluded": false,
      "includeDescendants": true,
      "includeMapped": false
    },
    {
      "concept": {
        "CONCEPT_CLASS_ID": "Procedure",
        "CONCEPT_CODE": "1321141000000100",
        "CONCEPT_ID": 703427,
        "CONCEPT_NAME": "Shielding of household to prevent exposure of uninfected subject to contagion",
        "DOMAIN_ID": "Visit",
        "INVALID_REASON": "V",
        "INVALID_REASON_CAPTION": "Valid",
        "STANDARD_CONCEPT": "N",
        "STANDARD_CONCEPT_CAPTION": "Non-Standard",
        "VOCABULARY_ID": "SNOMED"
      },
      "isExcluded": false,
      "includeDescendants": true,
      "includeMapped": false
    }
  ]
}}
  ],
  "PrimaryCriteria": {
    "CriteriaList": [
      {
"ConditionOccurrence":{
"CodesetId":27
}
}

    ],
    "ObservationWindow": {
      "PriorDays": 0,
      "PostDays": 0
    },
    "PrimaryCriteriaLimit": {
      "Type": "All"
    }
  },
  "AdditionalCriteria": {
    "Type": "ANY",
    "CriteriaList": [],
    "DemographicCriteriaList": [],
    "Groups": []
  },
  "QualifiedLimit": {
    "Type": "All"
  },
  "ExpressionLimit": {
    "Type": "All"
  },
  "InclusionRules": [],
  "EndStrategy": {
    "DateOffset": {
      "DateField": "StartDate",
      "Offset": 0
    }
  },
  "CensoringCriteria": [],
  "CollapseSettings": {
    "CollapseType": "ERA",
    "EraPad": 0
  },
  "CensorWindow": {},
  "cdmVersionRange": ">=5.0.0"
} 