{
  "ConceptSets": [
    {
    "id":34,
    "name": "SPL_Drug_COPD_LAMA",
    "expression":
{
  "items": [
    {
      "concept": {
        "CONCEPT_CLASS_ID": "Ingredient",
        "CONCEPT_CODE": "1303098",
        "CONCEPT_ID": 42873639,
        "CONCEPT_NAME": "aclidinium",
        "DOMAIN_ID": "Drug",
        "INVALID_REASON": "V",
        "INVALID_REASON_CAPTION": "Valid",
        "STANDARD_CONCEPT": "S",
        "STANDARD_CONCEPT_CAPTION": "Standard",
        "VOCABULARY_ID": "RxNorm"
      },
      "isExcluded": false,
      "includeDescendants": true,
      "includeMapped": false
    },
    {
      "concept": {
        "CONCEPT_CLASS_ID": "Ingredient",
        "CONCEPT_CODE": "1546438",
        "CONCEPT_ID": 45775571,
        "CONCEPT_NAME": "glycopyrronium",
        "DOMAIN_ID": "Drug",
        "INVALID_REASON": "V",
        "INVALID_REASON_CAPTION": "Valid",
        "STANDARD_CONCEPT": "S",
        "STANDARD_CONCEPT_CAPTION": "Standard",
        "VOCABULARY_ID": "RxNorm"
      },
      "isExcluded": false,
      "includeDescendants": true,
      "includeMapped": false
    },
    {
      "concept": {
        "CONCEPT_CLASS_ID": "Ingredient",
        "CONCEPT_CODE": "69120",
        "CONCEPT_ID": 1106776,
        "CONCEPT_NAME": "tiotropium",
        "DOMAIN_ID": "Drug",
        "INVALID_REASON": "V",
        "INVALID_REASON_CAPTION": "Valid",
        "STANDARD_CONCEPT": "S",
        "STANDARD_CONCEPT_CAPTION": "Standard",
        "VOCABULARY_ID": "RxNorm"
      },
      "isExcluded": false,
      "includeDescendants": true,
      "includeMapped": false
    },
    {
      "concept": {
        "CONCEPT_CLASS_ID": "Ingredient",
        "CONCEPT_CODE": "1487514",
        "CONCEPT_ID": 44785907,
        "CONCEPT_NAME": "umeclidinium",
        "DOMAIN_ID": "Drug",
        "INVALID_REASON": "V",
        "INVALID_REASON_CAPTION": "Valid",
        "STANDARD_CONCEPT": "S",
        "STANDARD_CONCEPT_CAPTION": "Standard",
        "VOCABULARY_ID": "RxNorm"
      },
      "isExcluded": false,
      "includeDescendants": true,
      "includeMapped": false
    }
  ]
}}
  ],
  "PrimaryCriteria": {
    "CriteriaList": [
      {
"DrugEra":{
"CodesetId":34
}
}

    ],
    "ObservationWindow": {
      "PriorDays": 0,
      "PostDays": 0
    },
    "PrimaryCriteriaLimit": {
      "Type": "All"
    }
  },
  "AdditionalCriteria": {
    "Type": "ANY",
    "CriteriaList": [],
    "DemographicCriteriaList": [],
    "Groups": []
  },
  "QualifiedLimit": {
    "Type": "All"
  },
  "ExpressionLimit": {
    "Type": "All"
  },
  "InclusionRules": [],
  "EndStrategy": {
    "DateOffset": {
      "DateField": "StartDate",
      "Offset": 0
    }
  },
  "CensoringCriteria": [],
  "CollapseSettings": {
    "CollapseType": "ERA",
    "EraPad": 0
  },
  "CensorWindow": {},
  "cdmVersionRange": ">=5.0.0"
} 