{
  "ConceptSets": [
    {
    "id":31,
    "name": "SPL_Drug_Asthma_Prednisolon",
    "expression":
{
  "items": [
    {
      "concept": {
        "CONCEPT_CLASS_ID": "Clinical Drug Form",
        "CONCEPT_CODE": "373575",
        "CONCEPT_ID": 40073454,
        "CONCEPT_NAME": "prednisolone Oral Solution",
        "DOMAIN_ID": "Drug",
        "INVALID_REASON": "V",
        "INVALID_REASON_CAPTION": "Valid",
        "STANDARD_CONCEPT": "S",
        "STANDARD_CONCEPT_CAPTION": "Standard",
        "VOCABULARY_ID": "RxNorm"
      },
      "isExcluded": false,
      "includeDescendants": true,
      "includeMapped": false
    },
    {
      "concept": {
        "CONCEPT_CLASS_ID": "Clinical Drug Form",
        "CONCEPT_CODE": "373578",
        "CONCEPT_ID": 40073458,
        "CONCEPT_NAME": "prednisolone Oral Tablet",
        "DOMAIN_ID": "Drug",
        "INVALID_REASON": "V",
        "INVALID_REASON_CAPTION": "Valid",
        "STANDARD_CONCEPT": "S",
        "STANDARD_CONCEPT_CAPTION": "Standard",
        "VOCABULARY_ID": "RxNorm"
      },
      "isExcluded": false,
      "includeDescendants": true,
      "includeMapped": false
    }
  ]
}}
  ],
  "PrimaryCriteria": {
    "CriteriaList": [
      {
"DrugEra":{
"CodesetId":31
}
}

    ],
    "ObservationWindow": {
      "PriorDays": 0,
      "PostDays": 0
    },
    "PrimaryCriteriaLimit": {
      "Type": "All"
    }
  },
  "AdditionalCriteria": {
    "Type": "ANY",
    "CriteriaList": [],
    "DemographicCriteriaList": [],
    "Groups": []
  },
  "QualifiedLimit": {
    "Type": "All"
  },
  "ExpressionLimit": {
    "Type": "All"
  },
  "InclusionRules": [],
  "EndStrategy": {
    "DateOffset": {
      "DateField": "StartDate",
      "Offset": 0
    }
  },
  "CensoringCriteria": [],
  "CollapseSettings": {
    "CollapseType": "ERA",
    "EraPad": 0
  },
  "CensorWindow": {},
  "cdmVersionRange": ">=5.0.0"
} 