{
  "ConceptSets": [
    {
    "id":32,
    "name": "SPL_Drug_COPD_ICS",
    "expression":
{
  "items": [
    {
      "concept": {
        "CONCEPT_CLASS_ID": "ATC 5th",
        "CONCEPT_CODE": "R03BA01",
        "CONCEPT_ID": 21603284,
        "CONCEPT_NAME": "beclometasone; inhalant",
        "DOMAIN_ID": "Drug",
        "INVALID_REASON": "V",
        "INVALID_REASON_CAPTION": "Valid",
        "STANDARD_CONCEPT": "C",
        "STANDARD_CONCEPT_CAPTION": "Classification",
        "VOCABULARY_ID": "ATC"
      },
      "isExcluded": false,
      "includeDescendants": true,
      "includeMapped": false
    },
    {
      "concept": {
        "CONCEPT_CLASS_ID": "ATC 5th",
        "CONCEPT_CODE": "R03BA02",
        "CONCEPT_ID": 21603285,
        "CONCEPT_NAME": "budesonide; inhalant",
        "DOMAIN_ID": "Drug",
        "INVALID_REASON": "V",
        "INVALID_REASON_CAPTION": "Valid",
        "STANDARD_CONCEPT": "C",
        "STANDARD_CONCEPT_CAPTION": "Classification",
        "VOCABULARY_ID": "ATC"
      },
      "isExcluded": false,
      "includeDescendants": true,
      "includeMapped": false
    },
    {
      "concept": {
        "CONCEPT_CLASS_ID": "Clinical Dose Group",
        "CONCEPT_CODE": "1163128",
        "CONCEPT_ID": 36219571,
        "CONCEPT_NAME": "ciclesonide Inhalant Product",
        "DOMAIN_ID": "Drug",
        "INVALID_REASON": "V",
        "INVALID_REASON_CAPTION": "Valid",
        "STANDARD_CONCEPT": "C",
        "STANDARD_CONCEPT_CAPTION": "Classification",
        "VOCABULARY_ID": "RxNorm"
      },
      "isExcluded": false,
      "includeDescendants": true,
      "includeMapped": false
    },
    {
      "concept": {
        "CONCEPT_CLASS_ID": "Clinical Dose Group",
        "CONCEPT_CODE": "1165655",
        "CONCEPT_ID": 36220587,
        "CONCEPT_NAME": "fluticasone Inhalant Product",
        "DOMAIN_ID": "Drug",
        "INVALID_REASON": "V",
        "INVALID_REASON_CAPTION": "Valid",
        "STANDARD_CONCEPT": "C",
        "STANDARD_CONCEPT_CAPTION": "Classification",
        "VOCABULARY_ID": "RxNorm"
      },
      "isExcluded": false,
      "includeDescendants": true,
      "includeMapped": false
    },
    {
      "concept": {
        "CONCEPT_CLASS_ID": "Clinical Dose Group",
        "CONCEPT_CODE": "1165391",
        "CONCEPT_ID": 36219415,
        "CONCEPT_NAME": "mometasone Inhalant Product",
        "DOMAIN_ID": "Drug",
        "INVALID_REASON": "V",
        "INVALID_REASON_CAPTION": "Valid",
        "STANDARD_CONCEPT": "C",
        "STANDARD_CONCEPT_CAPTION": "Classification",
        "VOCABULARY_ID": "RxNorm"
      },
      "isExcluded": false,
      "includeDescendants": true,
      "includeMapped": false
    }
  ]
}}
  ],
  "PrimaryCriteria": {
    "CriteriaList": [
      {
"DrugEra":{
"CodesetId":32
}
}

    ],
    "ObservationWindow": {
      "PriorDays": 0,
      "PostDays": 0
    },
    "PrimaryCriteriaLimit": {
      "Type": "All"
    }
  },
  "AdditionalCriteria": {
    "Type": "ANY",
    "CriteriaList": [],
    "DemographicCriteriaList": [],
    "Groups": []
  },
  "QualifiedLimit": {
    "Type": "All"
  },
  "ExpressionLimit": {
    "Type": "All"
  },
  "InclusionRules": [],
  "EndStrategy": {
    "DateOffset": {
      "DateField": "StartDate",
      "Offset": 0
    }
  },
  "CensoringCriteria": [],
  "CollapseSettings": {
    "CollapseType": "ERA",
    "EraPad": 0
  },
  "CensorWindow": {},
  "cdmVersionRange": ">=5.0.0"
} 