{
  "ConceptSets": [
    {
    "id":36,
    "name": "SPL_Drug_Immunosupressant",
    "expression":
{
  "items": [
    {
      "concept": {
        "CONCEPT_CLASS_ID": "Ingredient",
        "CONCEPT_CODE": "1256",
        "CONCEPT_ID": 19014878,
        "CONCEPT_NAME": "azathioprine",
        "DOMAIN_ID": "Drug",
        "INVALID_REASON": "V",
        "INVALID_REASON_CAPTION": "Valid",
        "STANDARD_CONCEPT": "S",
        "STANDARD_CONCEPT_CAPTION": "Standard",
        "VOCABULARY_ID": "RxNorm"
      },
      "isExcluded": false,
      "includeDescendants": true,
      "includeMapped": false
    },
    {
      "concept": {
        "CONCEPT_CLASS_ID": "Ingredient",
        "CONCEPT_CODE": "68149",
        "CONCEPT_ID": 19003999,
        "CONCEPT_NAME": "mycophenolate mofetil",
        "DOMAIN_ID": "Drug",
        "INVALID_REASON": "V",
        "INVALID_REASON_CAPTION": "Valid",
        "STANDARD_CONCEPT": "S",
        "STANDARD_CONCEPT_CAPTION": "Standard",
        "VOCABULARY_ID": "RxNorm"
      },
      "isExcluded": false,
      "includeDescendants": true,
      "includeMapped": false
    },
    {
      "concept": {
        "CONCEPT_CLASS_ID": "Ingredient",
        "CONCEPT_CODE": "7145",
        "CONCEPT_ID": 19012565,
        "CONCEPT_NAME": "mycophenolic acid",
        "DOMAIN_ID": "Drug",
        "INVALID_REASON": "V",
        "INVALID_REASON_CAPTION": "Valid",
        "STANDARD_CONCEPT": "S",
        "STANDARD_CONCEPT_CAPTION": "Standard",
        "VOCABULARY_ID": "RxNorm"
      },
      "isExcluded": false,
      "includeDescendants": true,
      "includeMapped": false
    },
    {
      "concept": {
        "CONCEPT_CLASS_ID": "ATC 5th",
        "CONCEPT_CODE": "L04AD01",
        "CONCEPT_ID": 21603924,
        "CONCEPT_NAME": "ciclosporin; systemic",
        "DOMAIN_ID": "Drug",
        "INVALID_REASON": "V",
        "INVALID_REASON_CAPTION": "Valid",
        "STANDARD_CONCEPT": "C",
        "STANDARD_CONCEPT_CAPTION": "Classification",
        "VOCABULARY_ID": "ATC"
      },
      "isExcluded": false,
      "includeDescendants": true,
      "includeMapped": false
    },
    {
      "concept": {
        "CONCEPT_CLASS_ID": "Ingredient",
        "CONCEPT_CODE": "35302",
        "CONCEPT_ID": 19034726,
        "CONCEPT_NAME": "sirolimus",
        "DOMAIN_ID": "Drug",
        "INVALID_REASON": "V",
        "INVALID_REASON_CAPTION": "Valid",
        "STANDARD_CONCEPT": "S",
        "STANDARD_CONCEPT_CAPTION": "Standard",
        "VOCABULARY_ID": "RxNorm"
      },
      "isExcluded": false,
      "includeDescendants": true,
      "includeMapped": false
    },
    {
      "concept": {
        "CONCEPT_CLASS_ID": "Ingredient",
        "CONCEPT_CODE": "42316",
        "CONCEPT_ID": 950637,
        "CONCEPT_NAME": "tacrolimus",
        "DOMAIN_ID": "Drug",
        "INVALID_REASON": "V",
        "INVALID_REASON_CAPTION": "Valid",
        "STANDARD_CONCEPT": "S",
        "STANDARD_CONCEPT_CAPTION": "Standard",
        "VOCABULARY_ID": "RxNorm"
      },
      "isExcluded": false,
      "includeDescendants": true,
      "includeMapped": false
    },
    {
      "concept": {
        "CONCEPT_CLASS_ID": "Ingredient",
        "CONCEPT_CODE": "121191",
        "CONCEPT_ID": 1314273,
        "CONCEPT_NAME": "rituximab",
        "DOMAIN_ID": "Drug",
        "INVALID_REASON": "V",
        "INVALID_REASON_CAPTION": "Valid",
        "STANDARD_CONCEPT": "S",
        "STANDARD_CONCEPT_CAPTION": "Standard",
        "VOCABULARY_ID": "RxNorm"
      },
      "isExcluded": false,
      "includeDescendants": true,
      "includeMapped": false
    },
    {
      "concept": {
        "CONCEPT_CLASS_ID": "Ingredient",
        "CONCEPT_CODE": "44157",
        "CONCEPT_ID": 19054825,
        "CONCEPT_NAME": "cladribine",
        "DOMAIN_ID": "Drug",
        "INVALID_REASON": "V",
        "INVALID_REASON_CAPTION": "Valid",
        "STANDARD_CONCEPT": "S",
        "STANDARD_CONCEPT_CAPTION": "Standard",
        "VOCABULARY_ID": "RxNorm"
      },
      "isExcluded": false,
      "includeDescendants": true,
      "includeMapped": false
    },
    {
      "concept": {
        "CONCEPT_CLASS_ID": "Ingredient",
        "CONCEPT_CODE": "1424911",
        "CONCEPT_ID": 43532299,
        "CONCEPT_NAME": "dabrafenib",
        "DOMAIN_ID": "Drug",
        "INVALID_REASON": "V",
        "INVALID_REASON_CAPTION": "Valid",
        "STANDARD_CONCEPT": "S",
        "STANDARD_CONCEPT_CAPTION": "Standard",
        "VOCABULARY_ID": "RxNorm"
      },
      "isExcluded": false,
      "includeDescendants": true,
      "includeMapped": false
    },
    {
      "concept": {
        "CONCEPT_CLASS_ID": "Ingredient",
        "CONCEPT_CODE": "1373478",
        "CONCEPT_ID": 43526424,
        "CONCEPT_NAME": "dimethyl fumarate",
        "DOMAIN_ID": "Drug",
        "INVALID_REASON": "V",
        "INVALID_REASON_CAPTION": "Valid",
        "STANDARD_CONCEPT": "S",
        "STANDARD_CONCEPT_CAPTION": "Standard",
        "VOCABULARY_ID": "RxNorm"
      },
      "isExcluded": false,
      "includeDescendants": true,
      "includeMapped": false
    },
    {
      "concept": {
        "CONCEPT_CLASS_ID": "Ingredient",
        "CONCEPT_CODE": "1012892",
        "CONCEPT_ID": 40226579,
        "CONCEPT_NAME": "fingolimod",
        "DOMAIN_ID": "Drug",
        "INVALID_REASON": "V",
        "INVALID_REASON_CAPTION": "Valid",
        "STANDARD_CONCEPT": "S",
        "STANDARD_CONCEPT_CAPTION": "Standard",
        "VOCABULARY_ID": "RxNorm"
      },
      "isExcluded": false,
      "includeDescendants": true,
      "includeMapped": false
    },
    {
      "concept": {
        "CONCEPT_CLASS_ID": "Ingredient",
        "CONCEPT_CODE": "214582",
        "CONCEPT_ID": 751889,
        "CONCEPT_NAME": "glatiramer",
        "DOMAIN_ID": "Drug",
        "INVALID_REASON": "V",
        "INVALID_REASON_CAPTION": "Valid",
        "STANDARD_CONCEPT": "S",
        "STANDARD_CONCEPT_CAPTION": "Standard",
        "VOCABULARY_ID": "RxNorm"
      },
      "isExcluded": false,
      "includeDescendants": true,
      "includeMapped": false
    },
    {
      "concept": {
        "CONCEPT_CLASS_ID": "ATC 5th",
        "CONCEPT_CODE": "L03AB04",
        "CONCEPT_ID": 21603861,
        "CONCEPT_NAME": "interferon alfa-2a; parenteral",
        "DOMAIN_ID": "Drug",
        "INVALID_REASON": "V",
        "INVALID_REASON_CAPTION": "Valid",
        "STANDARD_CONCEPT": "C",
        "STANDARD_CONCEPT_CAPTION": "Classification",
        "VOCABULARY_ID": "ATC"
      },
      "isExcluded": false,
      "includeDescendants": true,
      "includeMapped": false
    },
    {
      "concept": {
        "CONCEPT_CLASS_ID": "ATC 5th",
        "CONCEPT_CODE": "L03AB05",
        "CONCEPT_ID": 21603862,
        "CONCEPT_NAME": "interferon alfa-2b; parenteral",
        "DOMAIN_ID": "Drug",
        "INVALID_REASON": "V",
        "INVALID_REASON_CAPTION": "Valid",
        "STANDARD_CONCEPT": "C",
        "STANDARD_CONCEPT_CAPTION": "Classification",
        "VOCABULARY_ID": "ATC"
      },
      "isExcluded": false,
      "includeDescendants": true,
      "includeMapped": false
    },
    {
      "concept": {
        "CONCEPT_CLASS_ID": "ATC 5th",
        "CONCEPT_CODE": "L03AB06",
        "CONCEPT_ID": 21603863,
        "CONCEPT_NAME": "interferon alfa-n1; parenteral",
        "DOMAIN_ID": "Drug",
        "INVALID_REASON": "V",
        "INVALID_REASON_CAPTION": "Valid",
        "STANDARD_CONCEPT": "C",
        "STANDARD_CONCEPT_CAPTION": "Classification",
        "VOCABULARY_ID": "ATC"
      },
      "isExcluded": false,
      "includeDescendants": true,
      "includeMapped": false
    },
    {
      "concept": {
        "CONCEPT_CLASS_ID": "ATC 5th",
        "CONCEPT_CODE": "L03AB01",
        "CONCEPT_ID": 21603858,
        "CONCEPT_NAME": "interferon alfa natural; parenteral",
        "DOMAIN_ID": "Drug",
        "INVALID_REASON": "V",
        "INVALID_REASON_CAPTION": "Valid",
        "STANDARD_CONCEPT": "C",
        "STANDARD_CONCEPT_CAPTION": "Classification",
        "VOCABULARY_ID": "ATC"
      },
      "isExcluded": false,
      "includeDescendants": true,
      "includeMapped": false
    },
    {
      "concept": {
        "CONCEPT_CLASS_ID": "ATC 5th",
        "CONCEPT_CODE": "L03AB07",
        "CONCEPT_ID": 21603864,
        "CONCEPT_NAME": "interferon beta-1a; parenteral",
        "DOMAIN_ID": "Drug",
        "INVALID_REASON": "V",
        "INVALID_REASON_CAPTION": "Valid",
        "STANDARD_CONCEPT": "C",
        "STANDARD_CONCEPT_CAPTION": "Classification",
        "VOCABULARY_ID": "ATC"
      },
      "isExcluded": false,
      "includeDescendants": true,
      "includeMapped": false
    },
    {
      "concept": {
        "CONCEPT_CLASS_ID": "ATC 5th",
        "CONCEPT_CODE": "L03AB08",
        "CONCEPT_ID": 21603865,
        "CONCEPT_NAME": "interferon beta-1b; parenteral",
        "DOMAIN_ID": "Drug",
        "INVALID_REASON": "V",
        "INVALID_REASON_CAPTION": "Valid",
        "STANDARD_CONCEPT": "C",
        "STANDARD_CONCEPT_CAPTION": "Classification",
        "VOCABULARY_ID": "ATC"
      },
      "isExcluded": false,
      "includeDescendants": true,
      "includeMapped": false
    },
    {
      "concept": {
        "CONCEPT_CLASS_ID": "ATC 5th",
        "CONCEPT_CODE": "L03AB02",
        "CONCEPT_ID": 21603859,
        "CONCEPT_NAME": "interferon beta natural; parenteral",
        "DOMAIN_ID": "Drug",
        "INVALID_REASON": "V",
        "INVALID_REASON_CAPTION": "Valid",
        "STANDARD_CONCEPT": "C",
        "STANDARD_CONCEPT_CAPTION": "Classification",
        "VOCABULARY_ID": "ATC"
      },
      "isExcluded": false,
      "includeDescendants": true,
      "includeMapped": false
    },
    {
      "concept": {
        "CONCEPT_CLASS_ID": "ATC 5th",
        "CONCEPT_CODE": "L03AB61",
        "CONCEPT_ID": 21603870,
        "CONCEPT_NAME": "peginterferon alfa-2a, combinations",
        "DOMAIN_ID": "Drug",
        "INVALID_REASON": "V",
        "INVALID_REASON_CAPTION": "Valid",
        "STANDARD_CONCEPT": "C",
        "STANDARD_CONCEPT_CAPTION": "Classification",
        "VOCABULARY_ID": "ATC"
      },
      "isExcluded": false,
      "includeDescendants": true,
      "includeMapped": false
    },
    {
      "concept": {
        "CONCEPT_CLASS_ID": "ATC 5th",
        "CONCEPT_CODE": "L03AB11",
        "CONCEPT_ID": 21603868,
        "CONCEPT_NAME": "peginterferon alfa-2a; parenteral",
        "DOMAIN_ID": "Drug",
        "INVALID_REASON": "V",
        "INVALID_REASON_CAPTION": "Valid",
        "STANDARD_CONCEPT": "C",
        "STANDARD_CONCEPT_CAPTION": "Classification",
        "VOCABULARY_ID": "ATC"
      },
      "isExcluded": false,
      "includeDescendants": true,
      "includeMapped": false
    },
    {
      "concept": {
        "CONCEPT_CLASS_ID": "ATC 5th",
        "CONCEPT_CODE": "L03AB60",
        "CONCEPT_ID": 21603869,
        "CONCEPT_NAME": "peginterferon alfa-2b, combinations",
        "DOMAIN_ID": "Drug",
        "INVALID_REASON": "V",
        "INVALID_REASON_CAPTION": "Valid",
        "STANDARD_CONCEPT": "C",
        "STANDARD_CONCEPT_CAPTION": "Classification",
        "VOCABULARY_ID": "ATC"
      },
      "isExcluded": false,
      "includeDescendants": true,
      "includeMapped": false
    },
    {
      "concept": {
        "CONCEPT_CLASS_ID": "ATC 5th",
        "CONCEPT_CODE": "L03AB10",
        "CONCEPT_ID": 21603867,
        "CONCEPT_NAME": "peginterferon alfa-2b; parenteral",
        "DOMAIN_ID": "Drug",
        "INVALID_REASON": "V",
        "INVALID_REASON_CAPTION": "Valid",
        "STANDARD_CONCEPT": "C",
        "STANDARD_CONCEPT_CAPTION": "Classification",
        "VOCABULARY_ID": "ATC"
      },
      "isExcluded": false,
      "includeDescendants": true,
      "includeMapped": false
    },
    {
      "concept": {
        "CONCEPT_CLASS_ID": "ATC 5th",
        "CONCEPT_CODE": "L03AB13",
        "CONCEPT_ID": 45893190,
        "CONCEPT_NAME": "peginterferon beta-1a; parenteral",
        "DOMAIN_ID": "Drug",
        "INVALID_REASON": "V",
        "INVALID_REASON_CAPTION": "Valid",
        "STANDARD_CONCEPT": "C",
        "STANDARD_CONCEPT_CAPTION": "Classification",
        "VOCABULARY_ID": "ATC"
      },
      "isExcluded": false,
      "includeDescendants": true,
      "includeMapped": false
    },
    {
      "concept": {
        "CONCEPT_CLASS_ID": "Ingredient",
        "CONCEPT_CODE": "342369",
        "CONCEPT_ID": 19026972,
        "CONCEPT_NAME": "lenalidomide",
        "DOMAIN_ID": "Drug",
        "INVALID_REASON": "V",
        "INVALID_REASON_CAPTION": "Valid",
        "STANDARD_CONCEPT": "S",
        "STANDARD_CONCEPT_CAPTION": "Standard",
        "VOCABULARY_ID": "RxNorm"
      },
      "isExcluded": false,
      "includeDescendants": true,
      "includeMapped": false
    },
    {
      "concept": {
        "CONCEPT_CLASS_ID": "Ingredient",
        "CONCEPT_CODE": "1310520",
        "CONCEPT_ID": 42900584,
        "CONCEPT_NAME": "teriflunomide",
        "DOMAIN_ID": "Drug",
        "INVALID_REASON": "V",
        "INVALID_REASON_CAPTION": "Valid",
        "STANDARD_CONCEPT": "S",
        "STANDARD_CONCEPT_CAPTION": "Standard",
        "VOCABULARY_ID": "RxNorm"
      },
      "isExcluded": false,
      "includeDescendants": true,
      "includeMapped": false
    },
    {
      "concept": {
        "CONCEPT_CLASS_ID": "Ingredient",
        "CONCEPT_CODE": "10432",
        "CONCEPT_ID": 19137042,
        "CONCEPT_NAME": "thalidomide",
        "DOMAIN_ID": "Drug",
        "INVALID_REASON": "V",
        "INVALID_REASON_CAPTION": "Valid",
        "STANDARD_CONCEPT": "S",
        "STANDARD_CONCEPT_CAPTION": "Standard",
        "VOCABULARY_ID": "RxNorm"
      },
      "isExcluded": false,
      "includeDescendants": true,
      "includeMapped": false
    }
  ]
}}
  ],
  "PrimaryCriteria": {
    "CriteriaList": [
      {
"DrugEra":{
"CodesetId":36
}
}

    ],
    "ObservationWindow": {
      "PriorDays": 0,
      "PostDays": 0
    },
    "PrimaryCriteriaLimit": {
      "Type": "All"
    }
  },
  "AdditionalCriteria": {
    "Type": "ANY",
    "CriteriaList": [],
    "DemographicCriteriaList": [],
    "Groups": []
  },
  "QualifiedLimit": {
    "Type": "All"
  },
  "ExpressionLimit": {
    "Type": "All"
  },
  "InclusionRules": [],
  "EndStrategy": {
    "DateOffset": {
      "DateField": "StartDate",
      "Offset": 0
    }
  },
  "CensoringCriteria": [],
  "CollapseSettings": {
    "CollapseType": "ERA",
    "EraPad": 0
  },
  "CensorWindow": {},
  "cdmVersionRange": ">=5.0.0"
} 