{
  "ConceptSets": [
    {
      "id": 29,
      "name": "SPL_Drug_Asthma_LABA",
      "expression": {
        "items": [
          {
            "concept": {
              "CONCEPT_CLASS_ID": "Ingredient",
              "CONCEPT_CODE": "18751",
              "CONCEPT_ID": 19034275,
              "CONCEPT_NAME": "bambuterol",
              "DOMAIN_ID": "Drug",
              "INVALID_REASON": "V",
              "INVALID_REASON_CAPTION": "Valid",
              "STANDARD_CONCEPT": "S",
              "STANDARD_CONCEPT_CAPTION": "Standard",
              "VOCABULARY_ID": "RxNorm"
            },
            "includeDescendants": true
          },
          {
            "concept": {
              "CONCEPT_CLASS_ID": "Ingredient",
              "CONCEPT_CODE": "25255",
              "CONCEPT_ID": 1196677,
              "CONCEPT_NAME": "formoterol",
              "DOMAIN_ID": "Drug",
              "INVALID_REASON": "V",
              "INVALID_REASON_CAPTION": "Valid",
              "STANDARD_CONCEPT": "S",
              "STANDARD_CONCEPT_CAPTION": "Standard",
              "VOCABULARY_ID": "RxNorm"
            },
            "includeDescendants": true
          },
          {
            "concept": {
              "CONCEPT_CLASS_ID": "Ingredient",
              "CONCEPT_CODE": "36117",
              "CONCEPT_ID": 1137529,
              "CONCEPT_NAME": "salmeterol",
              "DOMAIN_ID": "Drug",
              "INVALID_REASON": "V",
              "INVALID_REASON_CAPTION": "Valid",
              "STANDARD_CONCEPT": "S",
              "STANDARD_CONCEPT_CAPTION": "Standard",
              "VOCABULARY_ID": "RxNorm"
            },
            "includeDescendants": true
          },
          {
            "concept": {
              "CONCEPT_CLASS_ID": "Ingredient",
              "CONCEPT_CODE": "1424884",
              "CONCEPT_ID": 43532539,
              "CONCEPT_NAME": "vilanterol",
              "DOMAIN_ID": "Drug",
              "INVALID_REASON": "V",
              "INVALID_REASON_CAPTION": "Valid",
              "STANDARD_CONCEPT": "S",
              "STANDARD_CONCEPT_CAPTION": "Standard",
              "VOCABULARY_ID": "RxNorm"
            },
            "includeDescendants": true
          }
        ]
      }
    }
  ],
  "PrimaryCriteria": {
    "CriteriaList": [
      {
        "DrugEra": {
          "CodesetId": 29
        }
      }
    ],
    "ObservationWindow": {
      "PriorDays": 0,
      "PostDays": 0
    },
    "PrimaryCriteriaLimit": {
      "Type": "All"
    }
  },
  "AdditionalCriteria": {
    "Type": "ANY",
    "CriteriaList": [],
    "DemographicCriteriaList": [],
    "Groups": []
  },
  "QualifiedLimit": {
    "Type": "All"
  },
  "ExpressionLimit": {
    "Type": "All"
  },
  "InclusionRules": [],
  "EndStrategy": {
    "DateOffset": {
      "DateField": "StartDate",
      "Offset": 0
    }
  },
  "CensoringCriteria": [],
  "CollapseSettings": {
    "CollapseType": "ERA",
    "EraPad": 0
  },
  "CensorWindow": {},
  "cdmVersionRange": ">=5.0.0"
}