{
  "ConceptSets": [
    {
      "id": 27,
      "name": "High risk",
      "expression": {
        "items": [
          {
            "concept": {
              "CONCEPT_CLASS_ID": "Clinical Finding",
              "CONCEPT_CODE": "1300561000000107",
              "CONCEPT_ID": 703447,
              "CONCEPT_NAME": "High risk category for developing complication from COVID-19 infection",
              "DOMAIN_ID": "Condition",
              "INVALID_REASON": "V",
              "INVALID_REASON_CAPTION": "Valid",
              "STANDARD_CONCEPT": "S",
              "STANDARD_CONCEPT_CAPTION": "Standard",
              "VOCABULARY_ID": "SNOMED"
            },
            "includeDescendants": true
          },
          {
            "concept": {
              "CONCEPT_CLASS_ID": "Procedure",
              "CONCEPT_CODE": "1321151000000102",
              "CONCEPT_ID": 703426,
              "CONCEPT_NAME": "Reverse self-isolation of uninfected subject to prevent exposure to contagion",
              "DOMAIN_ID": "Visit",
              "INVALID_REASON": "V",
              "INVALID_REASON_CAPTION": "Valid",
              "STANDARD_CONCEPT": "N",
              "STANDARD_CONCEPT_CAPTION": "Non-Standard",
              "VOCABULARY_ID": "SNOMED"
            },
            "includeDescendants": true
          },
          {
            "concept": {
              "CONCEPT_CLASS_ID": "Procedure",
              "CONCEPT_CODE": "1321141000000100",
              "CONCEPT_ID": 703427,
              "CONCEPT_NAME": "Shielding of household to prevent exposure of uninfected subject to contagion",
              "DOMAIN_ID": "Visit",
              "INVALID_REASON": "V",
              "INVALID_REASON_CAPTION": "Valid",
              "STANDARD_CONCEPT": "N",
              "STANDARD_CONCEPT_CAPTION": "Non-Standard",
              "VOCABULARY_ID": "SNOMED"
            },
            "includeDescendants": true
          }
        ]
      }
    },
    {
      "id": 28,
      "name": "Low/Moderate risk",
      "expression": {
        "items": [
          {
            "concept": {
              "CONCEPT_CLASS_ID": "Clinical Finding",
              "CONCEPT_CODE": "1300591000000101",
              "CONCEPT_ID": 703445,
              "CONCEPT_NAME": "Low risk category for developing complication from COVID-19 infection",
              "DOMAIN_ID": "Condition",
              "INVALID_REASON": "V",
              "INVALID_REASON_CAPTION": "Valid",
              "STANDARD_CONCEPT": "S",
              "STANDARD_CONCEPT_CAPTION": "Standard",
              "VOCABULARY_ID": "SNOMED"
            },
            "includeDescendants": true
          },
          {
            "concept": {
              "CONCEPT_CLASS_ID": "Clinical Finding",
              "CONCEPT_CODE": "1300571000000100",
              "CONCEPT_ID": 703446,
              "CONCEPT_NAME": "Moderate risk category for developing complication from COVID-19 infection",
              "DOMAIN_ID": "Condition",
              "INVALID_REASON": "V",
              "INVALID_REASON_CAPTION": "Valid",
              "STANDARD_CONCEPT": "S",
              "STANDARD_CONCEPT_CAPTION": "Standard",
              "VOCABULARY_ID": "SNOMED"
            },
            "includeDescendants": true
          }
        ]
      }
    }
  ],
  "PrimaryCriteria": {
    "CriteriaList": [
      {
        "ConditionOccurrence": {
          "CodesetId": 27,
          "OccurrenceStartDate": {
            "Value": "2021-01-28",
            "Op": "lt"
          }
        }
      }
    ],
    "ObservationWindow": {
      "PriorDays": 0,
      "PostDays": 0
    },
    "PrimaryCriteriaLimit": {
      "Type": "All"
    }
  },
  "QualifiedLimit": {
    "Type": "All"
  },
  "ExpressionLimit": {
    "Type": "All"
  },
  "InclusionRules": [
    {
      "name": "no low/moderate after",
      "expression": {
        "Type": "ALL",
        "CriteriaList": [
          {
            "Criteria": {
              "ConditionOccurrence": {
                "CodesetId": 28,
                "OccurrenceStartDate": {
                  "Value": "2021-01-28",
                  "Op": "lt"
                }
              }
            },
            "StartWindow": {
              "Start": {
                "Days": 1,
                "Coeff": 1
              },
              "End": {
                "Coeff": 1
              },
              "UseEventEnd": false
            },
            "Occurrence": {
              "Type": 0,
              "Count": 0
            }
          }
        ],
        "DemographicCriteriaList": [],
        "Groups": []
      }
    }
  ],
  "EndStrategy": {
    "DateOffset": {
      "DateField": "StartDate",
      "Offset": 0
    }
  },
  "CensoringCriteria": [],
  "CollapseSettings": {
    "CollapseType": "ERA",
    "EraPad": 0
  },
  "CensorWindow": {},
  "cdmVersionRange": ">=5.0.0"
}