{
 "cdmVersionRange": ">=5.0.0",
"PrimaryCriteria": {
 "CriteriaList": [
 {
 "ConditionOccurrence": {
 "CodesetId":                        6,
"ConditionTypeExclude": false 
} 
} 
],
"ObservationWindow": {
 "PriorDays":                        0,
"PostDays":                        0 
},
"PrimaryCriteriaLimit": {
 "Type": "All" 
} 
},
"ConceptSets": [
 {
 "id":                        6,
"name": "[Long COVID] Blurred Vision - V3",
"expression": {
 "items": [
 {
 "concept": {
 "CONCEPT_ID":                  4023310,
"CONCEPT_NAME": "Blindness AND/OR vision impairment level",
"STANDARD_CONCEPT": "S",
"STANDARD_CONCEPT_CAPTION": "Standard",
"INVALID_REASON": "V",
"INVALID_REASON_CAPTION": "Valid",
"CONCEPT_CODE": "105597003",
"DOMAIN_ID": "Condition",
"VOCABULARY_ID": "SNOMED",
"CONCEPT_CLASS_ID": "Clinical Finding" 
},
"isExcluded": false,
"includeDescendants": true,
"includeMapped": false 
},
{
 "concept": {
 "CONCEPT_ID":                   373474,
"CONCEPT_NAME": "Diplopia",
"STANDARD_CONCEPT": "S",
"STANDARD_CONCEPT_CAPTION": "Standard",
"INVALID_REASON": "V",
"INVALID_REASON_CAPTION": "Valid",
"CONCEPT_CODE": "24982008",
"DOMAIN_ID": "Condition",
"VOCABULARY_ID": "SNOMED",
"CONCEPT_CLASS_ID": "Clinical Finding" 
},
"isExcluded": false,
"includeDescendants": true,
"includeMapped": false 
},
{
 "concept": {
 "CONCEPT_ID":                  4308437,
"CONCEPT_NAME": "Visual halos",
"STANDARD_CONCEPT": "S",
"STANDARD_CONCEPT_CAPTION": "Standard",
"INVALID_REASON": "V",
"INVALID_REASON_CAPTION": "Valid",
"CONCEPT_CODE": "83551002",
"DOMAIN_ID": "Condition",
"VOCABULARY_ID": "SNOMED",
"CONCEPT_CLASS_ID": "Clinical Finding" 
},
"isExcluded": false,
"includeDescendants": true,
"includeMapped": false 
},
{
 "concept": {
 "CONCEPT_ID":                  4211785,
"CONCEPT_NAME": "Corneal warpage",
"STANDARD_CONCEPT": "S",
"STANDARD_CONCEPT_CAPTION": "Standard",
"INVALID_REASON": "V",
"INVALID_REASON_CAPTION": "Valid",
"CONCEPT_CODE": "413923007",
"DOMAIN_ID": "Condition",
"VOCABULARY_ID": "SNOMED",
"CONCEPT_CLASS_ID": "Clinical Finding" 
},
"isExcluded": false,
"includeDescendants": true,
"includeMapped": false 
},
{
 "concept": {
 "CONCEPT_ID":                 44790749,
"CONCEPT_NAME": "Blurred vision",
"STANDARD_CONCEPT": "S",
"STANDARD_CONCEPT_CAPTION": "Standard",
"INVALID_REASON": "V",
"INVALID_REASON_CAPTION": "Valid",
"CONCEPT_CODE": "240091000000105",
"DOMAIN_ID": "Condition",
"VOCABULARY_ID": "SNOMED",
"CONCEPT_CLASS_ID": "Clinical Finding" 
},
"isExcluded": false,
"includeDescendants": true,
"includeMapped": false 
},
{
 "concept": {
 "CONCEPT_ID":                  4228121,
"CONCEPT_NAME": "Against-the-rule astigmatism",
"STANDARD_CONCEPT": "S",
"STANDARD_CONCEPT_CAPTION": "Standard",
"INVALID_REASON": "V",
"INVALID_REASON_CAPTION": "Valid",
"CONCEPT_CODE": "421489005",
"DOMAIN_ID": "Condition",
"VOCABULARY_ID": "SNOMED",
"CONCEPT_CLASS_ID": "Clinical Finding" 
},
"isExcluded": true,
"includeDescendants": false,
"includeMapped": false 
},
{
 "concept": {
 "CONCEPT_ID":                   378424,
"CONCEPT_NAME": "Astigmatism",
"STANDARD_CONCEPT": "S",
"STANDARD_CONCEPT_CAPTION": "Standard",
"INVALID_REASON": "V",
"INVALID_REASON_CAPTION": "Valid",
"CONCEPT_CODE": "82649003",
"DOMAIN_ID": "Condition",
"VOCABULARY_ID": "SNOMED",
"CONCEPT_CLASS_ID": "Clinical Finding" 
},
"isExcluded": true,
"includeDescendants": false,
"includeMapped": false 
},
{
 "concept": {
 "CONCEPT_ID":                  2721908,
"CONCEPT_NAME": "Astigmatism correcting function of intraocular lens",
"STANDARD_CONCEPT": "S",
"STANDARD_CONCEPT_CAPTION": "Standard",
"INVALID_REASON": "V",
"INVALID_REASON_CAPTION": "Valid",
"CONCEPT_CODE": "V2787",
"DOMAIN_ID": "Procedure",
"VOCABULARY_ID": "HCPCS",
"CONCEPT_CLASS_ID": "HCPCS" 
},
"isExcluded": true,
"includeDescendants": false,
"includeMapped": false 
},
{
 "concept": {
 "CONCEPT_ID":                 37109297,
"CONCEPT_NAME": "Astigmatism of left eye",
"STANDARD_CONCEPT": "S",
"STANDARD_CONCEPT_CAPTION": "Standard",
"INVALID_REASON": "V",
"INVALID_REASON_CAPTION": "Valid",
"CONCEPT_CODE": "341951000119105",
"DOMAIN_ID": "Condition",
"VOCABULARY_ID": "SNOMED",
"CONCEPT_CLASS_ID": "Clinical Finding" 
},
"isExcluded": true,
"includeDescendants": false,
"includeMapped": false 
},
{
 "concept": {
 "CONCEPT_ID":                 37109294,
"CONCEPT_NAME": "Astigmatism of right eye",
"STANDARD_CONCEPT": "S",
"STANDARD_CONCEPT_CAPTION": "Standard",
"INVALID_REASON": "V",
"INVALID_REASON_CAPTION": "Valid",
"CONCEPT_CODE": "336341000119104",
"DOMAIN_ID": "Condition",
"VOCABULARY_ID": "SNOMED",
"CONCEPT_CLASS_ID": "Clinical Finding" 
},
"isExcluded": true,
"includeDescendants": false,
"includeMapped": false 
},
{
 "concept": {
 "CONCEPT_ID":                 36684799,
"CONCEPT_NAME": "Bilateral eye astigmatism",
"STANDARD_CONCEPT": "S",
"STANDARD_CONCEPT_CAPTION": "Standard",
"INVALID_REASON": "V",
"INVALID_REASON_CAPTION": "Valid",
"CONCEPT_CODE": "347131000119108",
"DOMAIN_ID": "Condition",
"VOCABULARY_ID": "SNOMED",
"CONCEPT_CLASS_ID": "Clinical Finding" 
},
"isExcluded": true,
"includeDescendants": false,
"includeMapped": false 
},
{
 "concept": {
 "CONCEPT_ID":                 36684779,
"CONCEPT_NAME": "Bilateral irregular astigmatism of eyes",
"STANDARD_CONCEPT": "S",
"STANDARD_CONCEPT_CAPTION": "Standard",
"INVALID_REASON": "V",
"INVALID_REASON_CAPTION": "Valid",
"CONCEPT_CODE": "345621000119109",
"DOMAIN_ID": "Condition",
"VOCABULARY_ID": "SNOMED",
"CONCEPT_CLASS_ID": "Clinical Finding" 
},
"isExcluded": true,
"includeDescendants": false,
"includeMapped": false 
},
{
 "concept": {
 "CONCEPT_ID":                 36684758,
"CONCEPT_NAME": "Bilateral regular astigmatism",
"STANDARD_CONCEPT": "S",
"STANDARD_CONCEPT_CAPTION": "Standard",
"INVALID_REASON": "V",
"INVALID_REASON_CAPTION": "Valid",
"CONCEPT_CODE": "344071000119102",
"DOMAIN_ID": "Condition",
"VOCABULARY_ID": "SNOMED",
"CONCEPT_CLASS_ID": "Clinical Finding" 
},
"isExcluded": true,
"includeDescendants": false,
"includeMapped": false 
},
{
 "concept": {
 "CONCEPT_ID":                  2110951,
"CONCEPT_NAME": "Corneal relaxing incision for correction of surgically induced astigmatism",
"STANDARD_CONCEPT": "S",
"STANDARD_CONCEPT_CAPTION": "Standard",
"INVALID_REASON": "V",
"INVALID_REASON_CAPTION": "Valid",
"CONCEPT_CODE": "65772",
"DOMAIN_ID": "Procedure",
"VOCABULARY_ID": "CPT4",
"CONCEPT_CLASS_ID": "CPT4" 
},
"isExcluded": true,
"includeDescendants": false,
"includeMapped": false 
},
{
 "concept": {
 "CONCEPT_ID":                  2110952,
"CONCEPT_NAME": "Corneal wedge resection for correction of surgically induced astigmatism",
"STANDARD_CONCEPT": "S",
"STANDARD_CONCEPT_CAPTION": "Standard",
"INVALID_REASON": "V",
"INVALID_REASON_CAPTION": "Valid",
"CONCEPT_CODE": "65775",
"DOMAIN_ID": "Procedure",
"VOCABULARY_ID": "CPT4",
"CONCEPT_CLASS_ID": "CPT4" 
},
"isExcluded": true,
"includeDescendants": false,
"includeMapped": false 
},
{
 "concept": {
 "CONCEPT_ID":                  4191597,
"CONCEPT_NAME": "Disorder of refraction",
"STANDARD_CONCEPT": "S",
"STANDARD_CONCEPT_CAPTION": "Standard",
"INVALID_REASON": "V",
"INVALID_REASON_CAPTION": "Valid",
"CONCEPT_CODE": "39021009",
"DOMAIN_ID": "Condition",
"VOCABULARY_ID": "SNOMED",
"CONCEPT_CLASS_ID": "Clinical Finding" 
},
"isExcluded": true,
"includeDescendants": false,
"includeMapped": false 
},
{
 "concept": {
 "CONCEPT_ID":                 45763614,
"CONCEPT_NAME": "High astigmatism",
"STANDARD_CONCEPT": "S",
"STANDARD_CONCEPT_CAPTION": "Standard",
"INVALID_REASON": "V",
"INVALID_REASON_CAPTION": "Valid",
"CONCEPT_CODE": "67681000119109",
"DOMAIN_ID": "Condition",
"VOCABULARY_ID": "SNOMED",
"CONCEPT_CLASS_ID": "Clinical Finding" 
},
"isExcluded": true,
"includeDescendants": false,
"includeMapped": false 
},
{
 "concept": {
 "CONCEPT_ID":                 36712968,
"CONCEPT_NAME": "High astigmatism of bilateral eyes",
"STANDARD_CONCEPT": "S",
"STANDARD_CONCEPT_CAPTION": "Standard",
"INVALID_REASON": "V",
"INVALID_REASON_CAPTION": "Valid",
"CONCEPT_CODE": "15740681000119101",
"DOMAIN_ID": "Condition",
"VOCABULARY_ID": "SNOMED",
"CONCEPT_CLASS_ID": "Clinical Finding" 
},
"isExcluded": true,
"includeDescendants": false,
"includeMapped": false 
},
{
 "concept": {
 "CONCEPT_ID":                 37108937,
"CONCEPT_NAME": "High astigmatism of left eye",
"STANDARD_CONCEPT": "S",
"STANDARD_CONCEPT_CAPTION": "Standard",
"INVALID_REASON": "V",
"INVALID_REASON_CAPTION": "Valid",
"CONCEPT_CODE": "15740601000119109",
"DOMAIN_ID": "Condition",
"VOCABULARY_ID": "SNOMED",
"CONCEPT_CLASS_ID": "Clinical Finding" 
},
"isExcluded": true,
"includeDescendants": false,
"includeMapped": false 
},
{
 "concept": {
 "CONCEPT_ID":                 37117650,
"CONCEPT_NAME": "High astigmatism of right eye",
"STANDARD_CONCEPT": "S",
"STANDARD_CONCEPT_CAPTION": "Standard",
"INVALID_REASON": "V",
"INVALID_REASON_CAPTION": "Valid",
"CONCEPT_CODE": "15740641000119106",
"DOMAIN_ID": "Condition",
"VOCABULARY_ID": "SNOMED",
"CONCEPT_CLASS_ID": "Clinical Finding" 
},
"isExcluded": true,
"includeDescendants": false,
"includeMapped": false 
},
{
 "concept": {
 "CONCEPT_ID":                 42709862,
"CONCEPT_NAME": "Hyperopic astigmatism",
"STANDARD_CONCEPT": "S",
"STANDARD_CONCEPT_CAPTION": "Standard",
"INVALID_REASON": "V",
"INVALID_REASON_CAPTION": "Valid",
"CONCEPT_CODE": "449734001",
"DOMAIN_ID": "Condition",
"VOCABULARY_ID": "SNOMED",
"CONCEPT_CLASS_ID": "Clinical Finding" 
},
"isExcluded": true,
"includeDescendants": false,
"includeMapped": false 
},
{
 "concept": {
 "CONCEPT_ID":                   377558,
"CONCEPT_NAME": "Irregular astigmatism",
"STANDARD_CONCEPT": "S",
"STANDARD_CONCEPT_CAPTION": "Standard",
"INVALID_REASON": "V",
"INVALID_REASON_CAPTION": "Valid",
"CONCEPT_CODE": "47099006",
"DOMAIN_ID": "Condition",
"VOCABULARY_ID": "SNOMED",
"CONCEPT_CLASS_ID": "Clinical Finding" 
},
"isExcluded": true,
"includeDescendants": false,
"includeMapped": false 
},
{
 "concept": {
 "CONCEPT_ID":                  4334274,
"CONCEPT_NAME": "Irregular astigmatism - corneal",
"STANDARD_CONCEPT": "S",
"STANDARD_CONCEPT_CAPTION": "Standard",
"INVALID_REASON": "V",
"INVALID_REASON_CAPTION": "Valid",
"CONCEPT_CODE": "232138009",
"DOMAIN_ID": "Condition",
"VOCABULARY_ID": "SNOMED",
"CONCEPT_CLASS_ID": "Clinical Finding" 
},
"isExcluded": true,
"includeDescendants": false,
"includeMapped": false 
},
{
 "concept": {
 "CONCEPT_ID":                  4336138,
"CONCEPT_NAME": "Irregular astigmatism - lenticular",
"STANDARD_CONCEPT": "S",
"STANDARD_CONCEPT_CAPTION": "Standard",
"INVALID_REASON": "V",
"INVALID_REASON_CAPTION": "Valid",
"CONCEPT_CODE": "232139001",
"DOMAIN_ID": "Condition",
"VOCABULARY_ID": "SNOMED",
"CONCEPT_CLASS_ID": "Clinical Finding" 
},
"isExcluded": true,
"includeDescendants": false,
"includeMapped": false 
},
{
 "concept": {
 "CONCEPT_ID":                 36684717,
"CONCEPT_NAME": "Irregular astigmatism of left eye",
"STANDARD_CONCEPT": "S",
"STANDARD_CONCEPT_CAPTION": "Standard",
"INVALID_REASON": "V",
"INVALID_REASON_CAPTION": "Valid",
"CONCEPT_CODE": "340261000119105",
"DOMAIN_ID": "Condition",
"VOCABULARY_ID": "SNOMED",
"CONCEPT_CLASS_ID": "Clinical Finding" 
},
"isExcluded": true,
"includeDescendants": false,
"includeMapped": false 
},
{
 "concept": {
 "CONCEPT_ID":                 36684652,
"CONCEPT_NAME": "Irregular astigmatism of right eye",
"STANDARD_CONCEPT": "S",
"STANDARD_CONCEPT_CAPTION": "Standard",
"INVALID_REASON": "V",
"INVALID_REASON_CAPTION": "Valid",
"CONCEPT_CODE": "334661000119104",
"DOMAIN_ID": "Condition",
"VOCABULARY_ID": "SNOMED",
"CONCEPT_CLASS_ID": "Clinical Finding" 
},
"isExcluded": true,
"includeDescendants": false,
"includeMapped": false 
},
{
 "concept": {
 "CONCEPT_ID":                 42709853,
"CONCEPT_NAME": "Mixed astigmatism",
"STANDARD_CONCEPT": "S",
"STANDARD_CONCEPT_CAPTION": "Standard",
"INVALID_REASON": "V",
"INVALID_REASON_CAPTION": "Valid",
"CONCEPT_CODE": "449725006",
"DOMAIN_ID": "Condition",
"VOCABULARY_ID": "SNOMED",
"CONCEPT_CLASS_ID": "Clinical Finding" 
},
"isExcluded": true,
"includeDescendants": false,
"includeMapped": false 
},
{
 "concept": {
 "CONCEPT_ID":                  4175300,
"CONCEPT_NAME": "Monocular diplopia",
"STANDARD_CONCEPT": "S",
"STANDARD_CONCEPT_CAPTION": "Standard",
"INVALID_REASON": "V",
"INVALID_REASON_CAPTION": "Valid",
"CONCEPT_CODE": "50446000",
"DOMAIN_ID": "Condition",
"VOCABULARY_ID": "SNOMED",
"CONCEPT_CLASS_ID": "Clinical Finding" 
},
"isExcluded": true,
"includeDescendants": false,
"includeMapped": false 
},
{
 "concept": {
 "CONCEPT_ID":                 42709852,
"CONCEPT_NAME": "Myopic astigmatism",
"STANDARD_CONCEPT": "S",
"STANDARD_CONCEPT_CAPTION": "Standard",
"INVALID_REASON": "V",
"INVALID_REASON_CAPTION": "Valid",
"CONCEPT_CODE": "449724005",
"DOMAIN_ID": "Condition",
"VOCABULARY_ID": "SNOMED",
"CONCEPT_CLASS_ID": "Clinical Finding" 
},
"isExcluded": true,
"includeDescendants": false,
"includeMapped": false 
},
{
 "concept": {
 "CONCEPT_ID":                 42709854,
"CONCEPT_NAME": "Oblique astigmatism",
"STANDARD_CONCEPT": "S",
"STANDARD_CONCEPT_CAPTION": "Standard",
"INVALID_REASON": "V",
"INVALID_REASON_CAPTION": "Valid",
"CONCEPT_CODE": "449726007",
"DOMAIN_ID": "Condition",
"VOCABULARY_ID": "SNOMED",
"CONCEPT_CLASS_ID": "Clinical Finding" 
},
"isExcluded": true,
"includeDescendants": false,
"includeMapped": false 
},
{
 "concept": {
 "CONCEPT_ID":                 45757645,
"CONCEPT_NAME": "Postoperative irregular astigmatism",
"STANDARD_CONCEPT": "S",
"STANDARD_CONCEPT_CAPTION": "Standard",
"INVALID_REASON": "V",
"INVALID_REASON_CAPTION": "Valid",
"CONCEPT_CODE": "2921000119101",
"DOMAIN_ID": "Condition",
"VOCABULARY_ID": "SNOMED",
"CONCEPT_CLASS_ID": "Clinical Finding" 
},
"isExcluded": true,
"includeDescendants": false,
"includeMapped": false 
},
{
 "concept": {
 "CONCEPT_ID":                   380706,
"CONCEPT_NAME": "Regular astigmatism",
"STANDARD_CONCEPT": "S",
"STANDARD_CONCEPT_CAPTION": "Standard",
"INVALID_REASON": "V",
"INVALID_REASON_CAPTION": "Valid",
"CONCEPT_CODE": "68905002",
"DOMAIN_ID": "Condition",
"VOCABULARY_ID": "SNOMED",
"CONCEPT_CLASS_ID": "Clinical Finding" 
},
"isExcluded": true,
"includeDescendants": false,
"includeMapped": false 
},
{
 "concept": {
 "CONCEPT_ID":                  4335602,
"CONCEPT_NAME": "Regular astigmatism - corneal",
"STANDARD_CONCEPT": "S",
"STANDARD_CONCEPT_CAPTION": "Standard",
"INVALID_REASON": "V",
"INVALID_REASON_CAPTION": "Valid",
"CONCEPT_CODE": "232136008",
"DOMAIN_ID": "Condition",
"VOCABULARY_ID": "SNOMED",
"CONCEPT_CLASS_ID": "Clinical Finding" 
},
"isExcluded": true,
"includeDescendants": false,
"includeMapped": false 
},
{
 "concept": {
 "CONCEPT_ID":                  4339037,
"CONCEPT_NAME": "Regular astigmatism - lenticular",
"STANDARD_CONCEPT": "S",
"STANDARD_CONCEPT_CAPTION": "Standard",
"INVALID_REASON": "V",
"INVALID_REASON_CAPTION": "Valid",
"CONCEPT_CODE": "232137004",
"DOMAIN_ID": "Condition",
"VOCABULARY_ID": "SNOMED",
"CONCEPT_CLASS_ID": "Clinical Finding" 
},
"isExcluded": true,
"includeDescendants": false,
"includeMapped": false 
},
{
 "concept": {
 "CONCEPT_ID":                 36684691,
"CONCEPT_NAME": "Regular astigmatism of left eye",
"STANDARD_CONCEPT": "S",
"STANDARD_CONCEPT_CAPTION": "Standard",
"INVALID_REASON": "V",
"INVALID_REASON_CAPTION": "Valid",
"CONCEPT_CODE": "338301000119100",
"DOMAIN_ID": "Condition",
"VOCABULARY_ID": "SNOMED",
"CONCEPT_CLASS_ID": "Clinical Finding" 
},
"isExcluded": true,
"includeDescendants": false,
"includeMapped": false 
},
{
 "concept": {
 "CONCEPT_ID":                 36684628,
"CONCEPT_NAME": "Regular astigmatism of right eye",
"STANDARD_CONCEPT": "S",
"STANDARD_CONCEPT_CAPTION": "Standard",
"INVALID_REASON": "V",
"INVALID_REASON_CAPTION": "Valid",
"CONCEPT_CODE": "332691000119101",
"DOMAIN_ID": "Condition",
"VOCABULARY_ID": "SNOMED",
"CONCEPT_CLASS_ID": "Clinical Finding" 
},
"isExcluded": true,
"includeDescendants": false,
"includeMapped": false 
},
{
 "concept": {
 "CONCEPT_ID":                  2313642,
"CONCEPT_NAME": "Sensorimotor examination with multiple measurements of ocular deviation (eg, restrictive or paretic muscle with diplopia) with interpretation and report (separate procedure)",
"STANDARD_CONCEPT": "S",
"STANDARD_CONCEPT_CAPTION": "Standard",
"INVALID_REASON": "V",
"INVALID_REASON_CAPTION": "Valid",
"CONCEPT_CODE": "92060",
"DOMAIN_ID": "Procedure",
"VOCABULARY_ID": "CPT4",
"CONCEPT_CLASS_ID": "CPT4" 
},
"isExcluded": true,
"includeDescendants": false,
"includeMapped": false 
},
{
 "concept": {
 "CONCEPT_ID":                   381001,
"CONCEPT_NAME": "Subjective visual disturbance",
"STANDARD_CONCEPT": "S",
"STANDARD_CONCEPT_CAPTION": "Standard",
"INVALID_REASON": "V",
"INVALID_REASON_CAPTION": "Valid",
"CONCEPT_CODE": "78455002",
"DOMAIN_ID": "Condition",
"VOCABULARY_ID": "SNOMED",
"CONCEPT_CLASS_ID": "Clinical Finding" 
},
"isExcluded": true,
"includeDescendants": false,
"includeMapped": false 
},
{
 "concept": {
 "CONCEPT_ID":                  4304712,
"CONCEPT_NAME": "Surgically induced astigmatism",
"STANDARD_CONCEPT": "S",
"STANDARD_CONCEPT_CAPTION": "Standard",
"INVALID_REASON": "V",
"INVALID_REASON_CAPTION": "Valid",
"CONCEPT_CODE": "419774004",
"DOMAIN_ID": "Condition",
"VOCABULARY_ID": "SNOMED",
"CONCEPT_CLASS_ID": "Clinical Finding" 
},
"isExcluded": true,
"includeDescendants": false,
"includeMapped": false 
},
{
 "concept": {
 "CONCEPT_ID":                   374034,
"CONCEPT_NAME": "Visual disturbance",
"STANDARD_CONCEPT": "S",
"STANDARD_CONCEPT_CAPTION": "Standard",
"INVALID_REASON": "V",
"INVALID_REASON_CAPTION": "Valid",
"CONCEPT_CODE": "63102001",
"DOMAIN_ID": "Condition",
"VOCABULARY_ID": "SNOMED",
"CONCEPT_CLASS_ID": "Clinical Finding" 
},
"isExcluded": true,
"includeDescendants": false,
"includeMapped": false 
},
{
 "concept": {
 "CONCEPT_ID":                  4227836,
"CONCEPT_NAME": "With-the-rule astigmatism",
"STANDARD_CONCEPT": "S",
"STANDARD_CONCEPT_CAPTION": "Standard",
"INVALID_REASON": "V",
"INVALID_REASON_CAPTION": "Valid",
"CONCEPT_CODE": "421202000",
"DOMAIN_ID": "Condition",
"VOCABULARY_ID": "SNOMED",
"CONCEPT_CLASS_ID": "Clinical Finding" 
},
"isExcluded": true,
"includeDescendants": false,
"includeMapped": false 
},
{
 "concept": {
 "CONCEPT_ID":                   373478,
"CONCEPT_NAME": "Presbyopia",
"STANDARD_CONCEPT": "S",
"STANDARD_CONCEPT_CAPTION": "Standard",
"INVALID_REASON": "V",
"INVALID_REASON_CAPTION": "Valid",
"CONCEPT_CODE": "41256004",
"DOMAIN_ID": "Condition",
"VOCABULARY_ID": "SNOMED",
"CONCEPT_CLASS_ID": "Clinical Finding" 
},
"isExcluded": false,
"includeDescendants": true,
"includeMapped": false 
},
{
 "concept": {
 "CONCEPT_ID":                   379805,
"CONCEPT_NAME": "Myopia",
"STANDARD_CONCEPT": "S",
"STANDARD_CONCEPT_CAPTION": "Standard",
"INVALID_REASON": "V",
"INVALID_REASON_CAPTION": "Valid",
"CONCEPT_CODE": "57190000",
"DOMAIN_ID": "Condition",
"VOCABULARY_ID": "SNOMED",
"CONCEPT_CLASS_ID": "Clinical Finding" 
},
"isExcluded": false,
"includeDescendants": true,
"includeMapped": false 
},
{
 "concept": {
 "CONCEPT_ID":                   376415,
"CONCEPT_NAME": "Hypermetropia",
"STANDARD_CONCEPT": "S",
"STANDARD_CONCEPT_CAPTION": "Standard",
"INVALID_REASON": "V",
"INVALID_REASON_CAPTION": "Valid",
"CONCEPT_CODE": "38101003",
"DOMAIN_ID": "Condition",
"VOCABULARY_ID": "SNOMED",
"CONCEPT_CLASS_ID": "Clinical Finding" 
},
"isExcluded": false,
"includeDescendants": true,
"includeMapped": false 
} 
] 
} 
} 
],
"QualifiedLimit": {
 "Type": "All" 
},
"ExpressionLimit": {
 "Type": "All" 
},
"InclusionRules": [],
"EndStrategy": {
 "DateOffset": {
 "DateField": "StartDate",
"Offset":                        0 
} 
},
"CensoringCriteria": [],
"CollapseSettings": {
 "CollapseType": "ERA",
"EraPad":                        0 
},
"CensorWindow": {} 
}
