{
 "cdmVersionRange": ">=5.0.0",
"PrimaryCriteria": {
 "CriteriaList": [
 {
 "ConditionOccurrence": {
 "CodesetId":                        9,
"ConditionTypeExclude": false 
} 
},
{
 "Observation": {
 "CodesetId":                        9,
"ObservationTypeExclude": false 
} 
} 
],
"ObservationWindow": {
 "PriorDays":                        0,
"PostDays":                        0 
},
"PrimaryCriteriaLimit": {
 "Type": "All" 
} 
},
"ConceptSets": [
 {
 "id":                        9,
"name": "[Long COVID] Cough - PHOEBE'd",
"expression": {
 "items": [
 {
 "concept": {
 "CONCEPT_ID":                   254761,
"CONCEPT_NAME": "Cough",
"STANDARD_CONCEPT": "S",
"STANDARD_CONCEPT_CAPTION": "Standard",
"INVALID_REASON": "V",
"INVALID_REASON_CAPTION": "Valid",
"CONCEPT_CODE": "49727002",
"DOMAIN_ID": "Condition",
"VOCABULARY_ID": "SNOMED",
"CONCEPT_CLASS_ID": "Clinical Finding" 
},
"isExcluded": false,
"includeDescendants": true,
"includeMapped": false 
},
{
 "concept": {
 "CONCEPT_ID":                  4089228,
"CONCEPT_NAME": "Sputum finding",
"STANDARD_CONCEPT": "S",
"STANDARD_CONCEPT_CAPTION": "Standard",
"INVALID_REASON": "V",
"INVALID_REASON_CAPTION": "Valid",
"CONCEPT_CODE": "248595008",
"DOMAIN_ID": "Condition",
"VOCABULARY_ID": "SNOMED",
"CONCEPT_CLASS_ID": "Clinical Finding" 
},
"isExcluded": false,
"includeDescendants": true,
"includeMapped": false 
},
{
 "concept": {
 "CONCEPT_ID":                  4128691,
"CONCEPT_NAME": "Able to cough",
"STANDARD_CONCEPT": "S",
"STANDARD_CONCEPT_CAPTION": "Standard",
"INVALID_REASON": "V",
"INVALID_REASON_CAPTION": "Valid",
"CONCEPT_CODE": "289113002",
"DOMAIN_ID": "Condition",
"VOCABULARY_ID": "SNOMED",
"CONCEPT_CLASS_ID": "Clinical Finding" 
},
"isExcluded": true,
"includeDescendants": false,
"includeMapped": false 
},
{
 "concept": {
 "CONCEPT_ID":                  4048218,
"CONCEPT_NAME": "Cough reflex absent",
"STANDARD_CONCEPT": "S",
"STANDARD_CONCEPT_CAPTION": "Standard",
"INVALID_REASON": "V",
"INVALID_REASON_CAPTION": "Valid",
"CONCEPT_CODE": "123819004",
"DOMAIN_ID": "Condition",
"VOCABULARY_ID": "SNOMED",
"CONCEPT_CLASS_ID": "Clinical Finding" 
},
"isExcluded": true,
"includeDescendants": false,
"includeMapped": false 
},
{
 "concept": {
 "CONCEPT_ID":                  4128692,
"CONCEPT_NAME": "Difficulty coughing",
"STANDARD_CONCEPT": "S",
"STANDARD_CONCEPT_CAPTION": "Standard",
"INVALID_REASON": "V",
"INVALID_REASON_CAPTION": "Valid",
"CONCEPT_CODE": "289116005",
"DOMAIN_ID": "Condition",
"VOCABULARY_ID": "SNOMED",
"CONCEPT_CLASS_ID": "Clinical Finding" 
},
"isExcluded": true,
"includeDescendants": false,
"includeMapped": false 
},
{
 "concept": {
 "CONCEPT_ID":                  4087178,
"CONCEPT_NAME": "Unable to cough",
"STANDARD_CONCEPT": "S",
"STANDARD_CONCEPT_CAPTION": "Standard",
"INVALID_REASON": "V",
"INVALID_REASON_CAPTION": "Valid",
"CONCEPT_CODE": "248590003",
"DOMAIN_ID": "Condition",
"VOCABULARY_ID": "SNOMED",
"CONCEPT_CLASS_ID": "Clinical Finding" 
},
"isExcluded": true,
"includeDescendants": false,
"includeMapped": false 
} 
] 
} 
} 
],
"QualifiedLimit": {
 "Type": "All" 
},
"ExpressionLimit": {
 "Type": "All" 
},
"InclusionRules": [],
"EndStrategy": {
 "DateOffset": {
 "DateField": "StartDate",
"Offset":                        0 
} 
},
"CensoringCriteria": [],
"CollapseSettings": {
 "CollapseType": "ERA",
"EraPad":                        0 
},
"CensorWindow": {} 
}
