{
 "cdmVersionRange": ">=5.0.0",
"PrimaryCriteria": {
 "CriteriaList": [
 {
 "ConditionOccurrence": {
 "CodesetId":                       25,
"ConditionTypeExclude": false 
} 
} 
],
"ObservationWindow": {
 "PriorDays":                        0,
"PostDays":                        0 
},
"PrimaryCriteriaLimit": {
 "Type": "All" 
} 
},
"ConceptSets": [
 {
 "id":                       25,
"name": "[Long COVID] Pins and needles sensation - PHOEBE'd",
"expression": {
 "items": [
 {
 "concept": {
 "CONCEPT_ID":                  4236484,
"CONCEPT_NAME": "Paresthesia",
"STANDARD_CONCEPT": "S",
"STANDARD_CONCEPT_CAPTION": "Standard",
"INVALID_REASON": "V",
"INVALID_REASON_CAPTION": "Valid",
"CONCEPT_CODE": "91019004",
"DOMAIN_ID": "Condition",
"VOCABULARY_ID": "SNOMED",
"CONCEPT_CLASS_ID": "Clinical Finding" 
},
"isExcluded": false,
"includeDescendants": true,
"includeMapped": false 
} 
] 
} 
} 
],
"QualifiedLimit": {
 "Type": "All" 
},
"ExpressionLimit": {
 "Type": "All" 
},
"InclusionRules": [],
"EndStrategy": {
 "DateOffset": {
 "DateField": "StartDate",
"Offset":                        0 
} 
},
"CensoringCriteria": [],
"CollapseSettings": {
 "CollapseType": "ERA",
"EraPad":                        0 
},
"CensorWindow": {} 
}
