{
  "ConceptSets": [
    {
      "id": 0,
      "name": "Post-acute COVID-19",
      "expression": {
        "items": [
          {
            "concept": {
              "CONCEPT_CLASS_ID": "Clinical Finding",
              "CONCEPT_CODE": "OMOP5160861",
              "CONCEPT_ID": 705076,
              "CONCEPT_NAME": "Post-acute COVID-19",
              "DOMAIN_ID": "Condition",
              "INVALID_REASON": "V",
              "INVALID_REASON_CAPTION": "Valid",
              "STANDARD_CONCEPT": "S",
              "STANDARD_CONCEPT_CAPTION": "Standard",
              "VOCABULARY_ID": "OMOP Extension"
            },
            "includeDescendants": true
          }
        ]
      }
    }
  ],
  "PrimaryCriteria": {
    "CriteriaList": [
      {
        "ConditionOccurrence": {
          "CodesetId": 0
        }
      }
    ],
    "ObservationWindow": {
      "PriorDays": 0,
      "PostDays": 0
    },
    "PrimaryCriteriaLimit": {
      "Type": "All"
    }
  },
  "QualifiedLimit": {
    "Type": "All"
  },
  "ExpressionLimit": {
    "Type": "All"
  },
  "InclusionRules": [],
  "EndStrategy": {
    "DateOffset": {
      "DateField": "StartDate",
      "Offset": 0
    }
  },
  "CensoringCriteria": [],
  "CollapseSettings": {
    "CollapseType": "ERA",
    "EraPad": 0
  },
  "CensorWindow": {},
  "cdmVersionRange": ">=5.0.0"
}