{
  "ConceptSets": [
    {
      "id": 1,
      "name": "ER_LongCov_8_trisomy21_syndrome",
      "expression": {
        "items": [
          {
            "concept": {
              "CONCEPT_CLASS_ID": "Clinical Finding",
              "CONCEPT_CODE": "41040004",
              "CONCEPT_ID": 439125,
              "CONCEPT_NAME": "Complete trisomy 21 syndrome",
              "DOMAIN_ID": "Condition",
              "INVALID_REASON": "V",
              "INVALID_REASON_CAPTION": "Valid",
              "STANDARD_CONCEPT": "S",
              "STANDARD_CONCEPT_CAPTION": "Standard",
              "VOCABULARY_ID": "SNOMED"
            },
            "includeDescendants": true
          }
        ]
      }
    },
    {
      "id": 2,
      "name": "Additional_DownSyndrome_Codes_after_CohortDiagnostics_suggested_by_CR",
      "expression": {
        "items": [
          {
            "concept": {
              "CONCEPT_CLASS_ID": "Clinical Finding",
              "CONCEPT_CODE": "254264002",
              "CONCEPT_ID": 4110269,
              "CONCEPT_NAME": "Partial trisomy 21 in Down's syndrome",
              "DOMAIN_ID": "Condition",
              "INVALID_REASON": "V",
              "INVALID_REASON_CAPTION": "Valid",
              "STANDARD_CONCEPT": "S",
              "STANDARD_CONCEPT_CAPTION": "Standard",
              "VOCABULARY_ID": "SNOMED",
              "VALID_START_DATE": "1970-01-01",
              "VALID_END_DATE": "2099-12-31"
            }
          },
          {
            "concept": {
              "CONCEPT_CLASS_ID": "Clinical Finding",
              "CONCEPT_CODE": "371045000",
              "CONCEPT_ID": 4159650,
              "CONCEPT_NAME": "Translocation Down syndrome",
              "DOMAIN_ID": "Condition",
              "INVALID_REASON": "V",
              "INVALID_REASON_CAPTION": "Valid",
              "STANDARD_CONCEPT": "S",
              "STANDARD_CONCEPT_CAPTION": "Standard",
              "VOCABULARY_ID": "SNOMED",
              "VALID_START_DATE": "1970-01-01",
              "VALID_END_DATE": "2099-12-31"
            }
          },
          {
            "concept": {
              "CONCEPT_CLASS_ID": "Clinical Finding",
              "CONCEPT_CODE": "733194007",
              "CONCEPT_ID": 37116469,
              "CONCEPT_NAME": "Dementia with Down syndrome",
              "DOMAIN_ID": "Condition",
              "INVALID_REASON": "V",
              "INVALID_REASON_CAPTION": "Valid",
              "STANDARD_CONCEPT": "S",
              "STANDARD_CONCEPT_CAPTION": "Standard",
              "VOCABULARY_ID": "SNOMED",
              "VALID_START_DATE": "2017-07-31",
              "VALID_END_DATE": "2099-12-31"
            }
          },
          {
            "concept": {
              "CONCEPT_CLASS_ID": "Clinical Finding",
              "CONCEPT_CODE": "709469005",
              "CONCEPT_ID": 46271361,
              "CONCEPT_NAME": "Periodontitis co-occurrent with Down syndrome",
              "DOMAIN_ID": "Condition",
              "INVALID_REASON": "V",
              "INVALID_REASON_CAPTION": "Valid",
              "STANDARD_CONCEPT": "S",
              "STANDARD_CONCEPT_CAPTION": "Standard",
              "VOCABULARY_ID": "SNOMED",
              "VALID_START_DATE": "2015-07-31",
              "VALID_END_DATE": "2099-12-31"
            }
          },
          {
            "concept": {
              "CONCEPT_CLASS_ID": "Clinical Finding",
              "CONCEPT_CODE": "724644005",
              "CONCEPT_ID": 37119145,
              "CONCEPT_NAME": "Myeloid leukemia co-occurrent with Down syndrome",
              "DOMAIN_ID": "Condition",
              "INVALID_REASON": "V",
              "INVALID_REASON_CAPTION": "Valid",
              "STANDARD_CONCEPT": "S",
              "STANDARD_CONCEPT_CAPTION": "Standard",
              "VOCABULARY_ID": "SNOMED",
              "VALID_START_DATE": "2017-07-31",
              "VALID_END_DATE": "2099-12-31"
            }
          },
          {
            "concept": {
              "CONCEPT_CLASS_ID": "Clinical Finding",
              "CONCEPT_CODE": "724643004",
              "CONCEPT_ID": 37110399,
              "CONCEPT_NAME": "Transient abnormal myelopoiesis co-occurrent with Down syndrome",
              "DOMAIN_ID": "Condition",
              "INVALID_REASON": "V",
              "INVALID_REASON_CAPTION": "Valid",
              "STANDARD_CONCEPT": "S",
              "STANDARD_CONCEPT_CAPTION": "Standard",
              "VOCABULARY_ID": "SNOMED",
              "VALID_START_DATE": "2017-07-31",
              "VALID_END_DATE": "2099-12-31"
            }
          },
          {
            "concept": {
              "CONCEPT_CLASS_ID": "Clinical Finding",
              "CONCEPT_CODE": "66966006",
              "CONCEPT_ID": 4281697,
              "CONCEPT_NAME": "Cry of Down's syndrome",
              "DOMAIN_ID": "Condition",
              "INVALID_REASON": "V",
              "INVALID_REASON_CAPTION": "Valid",
              "STANDARD_CONCEPT": "S",
              "STANDARD_CONCEPT_CAPTION": "Standard",
              "VOCABULARY_ID": "SNOMED",
              "VALID_START_DATE": "1970-01-01",
              "VALID_END_DATE": "2099-12-31"
            }
          },
          {
            "concept": {
              "CONCEPT_CLASS_ID": "Clinical Finding",
              "CONCEPT_CODE": "41040004",
              "CONCEPT_ID": 439125,
              "CONCEPT_NAME": "Complete trisomy 21 syndrome",
              "DOMAIN_ID": "Condition",
              "INVALID_REASON": "V",
              "INVALID_REASON_CAPTION": "Valid",
              "STANDARD_CONCEPT": "S",
              "STANDARD_CONCEPT_CAPTION": "Standard",
              "VOCABULARY_ID": "SNOMED",
              "VALID_START_DATE": "1970-01-01",
              "VALID_END_DATE": "2099-12-31"
            }
          }
        ]
      }
    }
  ],
  "PrimaryCriteria": {
    "CriteriaList": [
      {
        "ConditionOccurrence": {
          "CodesetId": 1
        }
      },
      {
        "ConditionOccurrence": {
          "CodesetId": 2
        }
      }
    ],
    "ObservationWindow": {
      "PriorDays": 0,
      "PostDays": 0
    },
    "PrimaryCriteriaLimit": {
      "Type": "All"
    }
  },
  "QualifiedLimit": {
    "Type": "First"
  },
  "ExpressionLimit": {
    "Type": "First"
  },
  "InclusionRules": [
    {
      "name": "Age >40",
      "expression": {
        "Type": "ALL",
        "CriteriaList": [],
        "DemographicCriteriaList": [
          {
            "Age": {
              "Value": 40,
              "Op": "gt"
            }
          }
        ],
        "Groups": []
      }
    }
  ],
  "CensoringCriteria": [],
  "CollapseSettings": {
    "CollapseType": "ERA",
    "EraPad": 0
  },
  "CensorWindow": {},
  "cdmVersionRange": ">=5.0.0"
}