{
  "ConceptSets": [
    {
      "id": 1,
      "name": "Infertility",
      "expression": {
        "items": [
          {
            "concept": {
              "CONCEPT_CLASS_ID": "Clinical Finding",
              "CONCEPT_CODE": "2904007",
              "CONCEPT_ID": 198197,
              "CONCEPT_NAME": "Male infertility",
              "DOMAIN_ID": "Condition",
              "INVALID_REASON": "V",
              "INVALID_REASON_CAPTION": "Valid",
              "STANDARD_CONCEPT": "S",
              "STANDARD_CONCEPT_CAPTION": "Standard",
              "VOCABULARY_ID": "SNOMED",
              "VALID_START_DATE": "2002-01-31",
              "VALID_END_DATE": "2099-12-31"
            },
            "isExcluded": true,
            "includeDescendants": true
          },
          {
            "concept": {
              "CONCEPT_CLASS_ID": "Clinical Finding",
              "CONCEPT_CODE": "6738008",
              "CONCEPT_ID": 201909,
              "CONCEPT_NAME": "Female infertility",
              "DOMAIN_ID": "Condition",
              "INVALID_REASON": "V",
              "INVALID_REASON_CAPTION": "Valid",
              "STANDARD_CONCEPT": "S",
              "STANDARD_CONCEPT_CAPTION": "Standard",
              "VOCABULARY_ID": "SNOMED",
              "VALID_START_DATE": "2002-01-31",
              "VALID_END_DATE": "2099-12-31"
            },
            "includeDescendants": true
          },
          {
            "concept": {
              "CONCEPT_CLASS_ID": "Context-dependent",
              "CONCEPT_CODE": "456631000124108",
              "CONCEPT_ID": 764561,
              "CONCEPT_NAME": "Family history of infertility",
              "DOMAIN_ID": "Observation",
              "INVALID_REASON": "V",
              "INVALID_REASON_CAPTION": "Valid",
              "STANDARD_CONCEPT": "S",
              "STANDARD_CONCEPT_CAPTION": "Standard",
              "VOCABULARY_ID": "SNOMED",
              "VALID_START_DATE": "2018-03-01",
              "VALID_END_DATE": "2099-12-31"
            },
            "isExcluded": true,
            "includeDescendants": true
          },
          {
            "concept": {
              "CONCEPT_CLASS_ID": "Context-dependent",
              "CONCEPT_CODE": "160390008",
              "CONCEPT_ID": 4051693,
              "CONCEPT_NAME": "FH: Male infertility",
              "DOMAIN_ID": "Observation",
              "INVALID_REASON": "V",
              "INVALID_REASON_CAPTION": "Valid",
              "STANDARD_CONCEPT": "S",
              "STANDARD_CONCEPT_CAPTION": "Standard",
              "VOCABULARY_ID": "SNOMED",
              "VALID_START_DATE": "2002-01-31",
              "VALID_END_DATE": "2099-12-31"
            },
            "isExcluded": true,
            "includeDescendants": true
          },
          {
            "concept": {
              "CONCEPT_CLASS_ID": "Context-dependent",
              "CONCEPT_CODE": "160391007",
              "CONCEPT_ID": 4051694,
              "CONCEPT_NAME": "FH: Female infertility",
              "DOMAIN_ID": "Observation",
              "INVALID_REASON": "V",
              "INVALID_REASON_CAPTION": "Valid",
              "STANDARD_CONCEPT": "S",
              "STANDARD_CONCEPT_CAPTION": "Standard",
              "VOCABULARY_ID": "SNOMED",
              "VALID_START_DATE": "2002-01-31",
              "VALID_END_DATE": "2099-12-31"
            },
            "includeDescendants": true
          },
          {
            "concept": {
              "CONCEPT_CLASS_ID": "Clinical Finding",
              "CONCEPT_CODE": "21071002",
              "CONCEPT_ID": 4053141,
              "CONCEPT_NAME": "Infertility due to germinal cell aplasia",
              "DOMAIN_ID": "Condition",
              "INVALID_REASON": "V",
              "INVALID_REASON_CAPTION": "Valid",
              "STANDARD_CONCEPT": "S",
              "STANDARD_CONCEPT_CAPTION": "Standard",
              "VOCABULARY_ID": "SNOMED",
              "VALID_START_DATE": "2002-01-31",
              "VALID_END_DATE": "2099-12-31"
            },
            "includeDescendants": true
          },
          {
            "concept": {
              "CONCEPT_CLASS_ID": "Context-dependent",
              "CONCEPT_CODE": "161798008",
              "CONCEPT_ID": 4058562,
              "CONCEPT_NAME": "H/O: infertility - female",
              "DOMAIN_ID": "Observation",
              "INVALID_REASON": "V",
              "INVALID_REASON_CAPTION": "Valid",
              "STANDARD_CONCEPT": "S",
              "STANDARD_CONCEPT_CAPTION": "Standard",
              "VOCABULARY_ID": "SNOMED",
              "VALID_START_DATE": "2002-01-31",
              "VALID_END_DATE": "2099-12-31"
            },
            "includeDescendants": true
          },
          {
            "concept": {
              "CONCEPT_CLASS_ID": "Context-dependent",
              "CONCEPT_CODE": "161556007",
              "CONCEPT_ID": 4060065,
              "CONCEPT_NAME": "H/O: infertility - male",
              "DOMAIN_ID": "Observation",
              "INVALID_REASON": "V",
              "INVALID_REASON_CAPTION": "Valid",
              "STANDARD_CONCEPT": "S",
              "STANDARD_CONCEPT_CAPTION": "Standard",
              "VOCABULARY_ID": "SNOMED",
              "VALID_START_DATE": "2002-01-31",
              "VALID_END_DATE": "2099-12-31"
            },
            "isExcluded": true,
            "includeDescendants": true
          },
          {
            "concept": {
              "CONCEPT_CLASS_ID": "Context-dependent",
              "CONCEPT_CODE": "169589005",
              "CONCEPT_ID": 4060097,
              "CONCEPT_NAME": "Antenatal care: history of infertility",
              "DOMAIN_ID": "Observation",
              "INVALID_REASON": "V",
              "INVALID_REASON_CAPTION": "Valid",
              "STANDARD_CONCEPT": "S",
              "STANDARD_CONCEPT_CAPTION": "Standard",
              "VOCABULARY_ID": "SNOMED",
              "VALID_START_DATE": "2002-01-31",
              "VALID_END_DATE": "2099-12-31"
            },
            "includeDescendants": true
          },
          {
            "concept": {
              "CONCEPT_CLASS_ID": "Clinical Finding",
              "CONCEPT_CODE": "164819007",
              "CONCEPT_ID": 4064339,
              "CONCEPT_NAME": "Female infertility test normal",
              "DOMAIN_ID": "Condition",
              "INVALID_REASON": "V",
              "INVALID_REASON_CAPTION": "Valid",
              "STANDARD_CONCEPT": "S",
              "STANDARD_CONCEPT_CAPTION": "Standard",
              "VOCABULARY_ID": "SNOMED",
              "VALID_START_DATE": "2002-01-31",
              "VALID_END_DATE": "2099-12-31"
            },
            "isExcluded": true,
            "includeDescendants": true
          },
          {
            "concept": {
              "CONCEPT_CLASS_ID": "Clinical Finding",
              "CONCEPT_CODE": "164820001",
              "CONCEPT_ID": 4064601,
              "CONCEPT_NAME": "Female infertility test abnormal",
              "DOMAIN_ID": "Condition",
              "INVALID_REASON": "V",
              "INVALID_REASON_CAPTION": "Valid",
              "STANDARD_CONCEPT": "S",
              "STANDARD_CONCEPT_CAPTION": "Standard",
              "VOCABULARY_ID": "SNOMED",
              "VALID_START_DATE": "2002-01-31",
              "VALID_END_DATE": "2099-12-31"
            },
            "includeDescendants": true
          },
          {
            "concept": {
              "CONCEPT_CLASS_ID": "Clinical Finding",
              "CONCEPT_CODE": "236816007",
              "CONCEPT_ID": 4127869,
              "CONCEPT_NAME": "Infertility associated with antisperm antibodies",
              "DOMAIN_ID": "Condition",
              "INVALID_REASON": "V",
              "INVALID_REASON_CAPTION": "Valid",
              "STANDARD_CONCEPT": "S",
              "STANDARD_CONCEPT_CAPTION": "Standard",
              "VOCABULARY_ID": "SNOMED",
              "VALID_START_DATE": "2002-01-31",
              "VALID_END_DATE": "2099-12-31"
            },
            "includeDescendants": true
          },
          {
            "concept": {
              "CONCEPT_CLASS_ID": "Clinical Finding",
              "CONCEPT_CODE": "237145004",
              "CONCEPT_ID": 4129550,
              "CONCEPT_NAME": "Unexplained infertility",
              "DOMAIN_ID": "Condition",
              "INVALID_REASON": "V",
              "INVALID_REASON_CAPTION": "Valid",
              "STANDARD_CONCEPT": "S",
              "STANDARD_CONCEPT_CAPTION": "Standard",
              "VOCABULARY_ID": "SNOMED",
              "VALID_START_DATE": "2002-01-31",
              "VALID_END_DATE": "2099-12-31"
            },
            "includeDescendants": true
          },
          {
            "concept": {
              "CONCEPT_CLASS_ID": "Clinical Finding",
              "CONCEPT_CODE": "297106006",
              "CONCEPT_ID": 4174007,
              "CONCEPT_NAME": "Primary infertility",
              "DOMAIN_ID": "Condition",
              "INVALID_REASON": "V",
              "INVALID_REASON_CAPTION": "Valid",
              "STANDARD_CONCEPT": "S",
              "STANDARD_CONCEPT_CAPTION": "Standard",
              "VOCABULARY_ID": "SNOMED",
              "VALID_START_DATE": "2002-01-31",
              "VALID_END_DATE": "2099-12-31"
            },
            "includeDescendants": true
          },
          {
            "concept": {
              "CONCEPT_CLASS_ID": "Clinical Finding",
              "CONCEPT_CODE": "297121000",
              "CONCEPT_ID": 4179903,
              "CONCEPT_NAME": "Secondary infertility",
              "DOMAIN_ID": "Condition",
              "INVALID_REASON": "V",
              "INVALID_REASON_CAPTION": "Valid",
              "STANDARD_CONCEPT": "S",
              "STANDARD_CONCEPT_CAPTION": "Standard",
              "VOCABULARY_ID": "SNOMED",
              "VALID_START_DATE": "2002-01-31",
              "VALID_END_DATE": "2099-12-31"
            },
            "includeDescendants": true
          },
          {
            "concept": {
              "CONCEPT_CLASS_ID": "Clinical Finding",
              "CONCEPT_CODE": "414187003",
              "CONCEPT_ID": 4190232,
              "CONCEPT_NAME": "Failure to conceive due to infertility of male partner",
              "DOMAIN_ID": "Condition",
              "INVALID_REASON": "V",
              "INVALID_REASON_CAPTION": "Valid",
              "STANDARD_CONCEPT": "S",
              "STANDARD_CONCEPT_CAPTION": "Standard",
              "VOCABULARY_ID": "SNOMED",
              "VALID_START_DATE": "2005-01-31",
              "VALID_END_DATE": "2099-12-31"
            },
            "includeDescendants": true
          },
          {
            "concept": {
              "CONCEPT_CLASS_ID": "Procedure",
              "CONCEPT_CODE": "389094009",
              "CONCEPT_ID": 4191387,
              "CONCEPT_NAME": "Infertility care",
              "DOMAIN_ID": "Observation",
              "INVALID_REASON": "V",
              "INVALID_REASON_CAPTION": "Valid",
              "STANDARD_CONCEPT": "S",
              "STANDARD_CONCEPT_CAPTION": "Standard",
              "VOCABULARY_ID": "SNOMED",
              "VALID_START_DATE": "2003-01-31",
              "VALID_END_DATE": "2099-12-31"
            },
            "includeDescendants": true
          },
          {
            "concept": {
              "CONCEPT_CLASS_ID": "Clinical Finding",
              "CONCEPT_CODE": "80330000",
              "CONCEPT_ID": 4197649,
              "CONCEPT_NAME": "Infertility due to drug therapy",
              "DOMAIN_ID": "Condition",
              "INVALID_REASON": "V",
              "INVALID_REASON_CAPTION": "Valid",
              "STANDARD_CONCEPT": "S",
              "STANDARD_CONCEPT_CAPTION": "Standard",
              "VOCABULARY_ID": "SNOMED",
              "VALID_START_DATE": "2002-01-31",
              "VALID_END_DATE": "2099-12-31"
            },
            "includeDescendants": true
          },
          {
            "concept": {
              "CONCEPT_CLASS_ID": "Clinical Finding",
              "CONCEPT_CODE": "53821008",
              "CONCEPT_ID": 4202530,
              "CONCEPT_NAME": "Infertility due to radiation",
              "DOMAIN_ID": "Condition",
              "INVALID_REASON": "V",
              "INVALID_REASON_CAPTION": "Valid",
              "STANDARD_CONCEPT": "S",
              "STANDARD_CONCEPT_CAPTION": "Standard",
              "VOCABULARY_ID": "SNOMED",
              "VALID_START_DATE": "2002-01-31",
              "VALID_END_DATE": "2099-12-31"
            },
            "includeDescendants": true
          },
          {
            "concept": {
              "CONCEPT_CLASS_ID": "Clinical Finding",
              "CONCEPT_CODE": "52937008",
              "CONCEPT_ID": 4204059,
              "CONCEPT_NAME": "Infertility due to infection",
              "DOMAIN_ID": "Condition",
              "INVALID_REASON": "V",
              "INVALID_REASON_CAPTION": "Valid",
              "STANDARD_CONCEPT": "S",
              "STANDARD_CONCEPT_CAPTION": "Standard",
              "VOCABULARY_ID": "SNOMED",
              "VALID_START_DATE": "2002-01-31",
              "VALID_END_DATE": "2099-12-31"
            },
            "includeDescendants": true
          },
          {
            "concept": {
              "CONCEPT_CLASS_ID": "Clinical Finding",
              "CONCEPT_CODE": "58423003",
              "CONCEPT_ID": 4238660,
              "CONCEPT_NAME": "Infertility due to systemic disease",
              "DOMAIN_ID": "Condition",
              "INVALID_REASON": "V",
              "INVALID_REASON_CAPTION": "Valid",
              "STANDARD_CONCEPT": "S",
              "STANDARD_CONCEPT_CAPTION": "Standard",
              "VOCABULARY_ID": "SNOMED",
              "VALID_START_DATE": "2002-01-31",
              "VALID_END_DATE": "2099-12-31"
            },
            "includeDescendants": true
          },
          {
            "concept": {
              "CONCEPT_CLASS_ID": "Clinical Finding",
              "CONCEPT_CODE": "409043003",
              "CONCEPT_ID": 4258489,
              "CONCEPT_NAME": "Infertility risk",
              "DOMAIN_ID": "Condition",
              "INVALID_REASON": "V",
              "INVALID_REASON_CAPTION": "Valid",
              "STANDARD_CONCEPT": "S",
              "STANDARD_CONCEPT_CAPTION": "Standard",
              "VOCABULARY_ID": "SNOMED",
              "VALID_START_DATE": "2004-07-31",
              "VALID_END_DATE": "2099-12-31"
            },
            "isExcluded": true,
            "includeDescendants": true
          },
          {
            "concept": {
              "CONCEPT_CLASS_ID": "Provider",
              "CONCEPT_CODE": "163WR1000X",
              "CONCEPT_ID": 38003758,
              "CONCEPT_NAME": "Registered Reproductive Endocrinology/Infertility Nurse",
              "DOMAIN_ID": "Provider",
              "INVALID_REASON": "V",
              "INVALID_REASON_CAPTION": "Valid",
              "STANDARD_CONCEPT": "S",
              "STANDARD_CONCEPT_CAPTION": "Standard",
              "VOCABULARY_ID": "NUCC",
              "VALID_START_DATE": "1970-01-01",
              "VALID_END_DATE": "2099-12-31"
            },
            "includeDescendants": true
          },
          {
            "concept": {
              "CONCEPT_CLASS_ID": "Clinical Observation",
              "CONCEPT_CODE": "62648-1",
              "CONCEPT_ID": 40765384,
              "CONCEPT_NAME": "PhenX - causes and treatments of known infertility - female protocol 100202",
              "DOMAIN_ID": "Measurement",
              "INVALID_REASON": "V",
              "INVALID_REASON_CAPTION": "Valid",
              "STANDARD_CONCEPT": "S",
              "STANDARD_CONCEPT_CAPTION": "Standard",
              "VOCABULARY_ID": "LOINC",
              "VALID_START_DATE": "2010-12-30",
              "VALID_END_DATE": "2099-12-31"
            },
            "includeDescendants": true
          },
          {
            "concept": {
              "CONCEPT_CLASS_ID": "CPT4",
              "CONCEPT_CODE": "81224",
              "CONCEPT_ID": 42742296,
              "CONCEPT_NAME": "CFTR (cystic fibrosis transmembrane conductance regulator) (eg, cystic fibrosis) gene analysis; intron 8 poly-T analysis (eg, male infertility)",
              "DOMAIN_ID": "Measurement",
              "INVALID_REASON": "V",
              "INVALID_REASON_CAPTION": "Valid",
              "STANDARD_CONCEPT": "S",
              "STANDARD_CONCEPT_CAPTION": "Standard",
              "VOCABULARY_ID": "CPT4",
              "VALID_START_DATE": "2012-05-07",
              "VALID_END_DATE": "2099-12-31"
            },
            "includeDescendants": true
          },
          {
            "concept": {
              "CONCEPT_CLASS_ID": "Context-dependent",
              "CONCEPT_CODE": "46131000119108",
              "CONCEPT_ID": 45757816,
              "CONCEPT_NAME": "Counseling for infertility done",
              "DOMAIN_ID": "Observation",
              "INVALID_REASON": "V",
              "INVALID_REASON_CAPTION": "Valid",
              "STANDARD_CONCEPT": "S",
              "STANDARD_CONCEPT_CAPTION": "Standard",
              "VOCABULARY_ID": "SNOMED",
              "VALID_START_DATE": "2014-07-31",
              "VALID_END_DATE": "2099-12-31"
            },
            "includeDescendants": true
          },
          {
            "concept": {
              "CONCEPT_CLASS_ID": "Procedure",
              "CONCEPT_CODE": "702599003",
              "CONCEPT_ID": 45765618,
              "CONCEPT_NAME": "Counseling for infertility",
              "DOMAIN_ID": "Procedure",
              "INVALID_REASON": "V",
              "INVALID_REASON_CAPTION": "Valid",
              "STANDARD_CONCEPT": "S",
              "STANDARD_CONCEPT_CAPTION": "Standard",
              "VOCABULARY_ID": "SNOMED",
              "VALID_START_DATE": "2014-07-31",
              "VALID_END_DATE": "2099-12-31"
            },
            "includeDescendants": true
          }
        ]
      }
    }
  ],
  "PrimaryCriteria": {
    "CriteriaList": [
      {
        "ConditionOccurrence": {
          "CodesetId": 1
        }
      },
      {
        "Observation": {
          "CodesetId": 1
        }
      }
    ],
    "ObservationWindow": {
      "PriorDays": 0,
      "PostDays": 0
    },
    "PrimaryCriteriaLimit": {
      "Type": "All"
    }
  },
  "QualifiedLimit": {
    "Type": "First"
  },
  "ExpressionLimit": {
    "Type": "All"
  },
  "InclusionRules": [],
  "EndStrategy": {
    "DateOffset": {
      "DateField": "StartDate",
      "Offset": 1
    }
  },
  "CensoringCriteria": [],
  "CollapseSettings": {
    "CollapseType": "ERA",
    "EraPad": 0
  },
  "CensorWindow": {},
  "cdmVersionRange": ">=5.0.0"
}