{
  "ConceptSets": [
    {
      "id": 0,
      "name": "transientIschemicAttackTransientCerebralIschemia",
      "expression": {
        "items": [
          {
            "concept": {
              "CONCEPT_CLASS_ID": "Clinical Finding",
              "CONCEPT_CODE": "266257000",
              "CONCEPT_ID": 373503,
              "CONCEPT_NAME": "Transient cerebral ischemia",
              "DOMAIN_ID": "Condition",
              "INVALID_REASON": "V",
              "INVALID_REASON_CAPTION": "Valid",
              "STANDARD_CONCEPT": "S",
              "STANDARD_CONCEPT_CAPTION": "Standard",
              "VOCABULARY_ID": "SNOMED"
            },
            "includeDescendants": true
          }
        ]
      }
    }
  ],
  "PrimaryCriteria": {
    "CriteriaList": [
      {
        "ConditionOccurrence": {
          "CodesetId": 0
        }
      }
    ],
    "ObservationWindow": {
      "PriorDays": 0,
      "PostDays": 0
    },
    "PrimaryCriteriaLimit": {
      "Type": "All"
    }
  },
  "QualifiedLimit": {
    "Type": "First"
  },
  "ExpressionLimit": {
    "Type": "All"
  },
  "InclusionRules": [
    {
      "name": "90days",
      "expression": {
        "Type": "ALL",
        "CriteriaList": [
          {
            "Criteria": {
              "ConditionOccurrence": {
                "CodesetId": 0
              }
            },
            "StartWindow": {
              "Start": {
                "Days": 90,
                "Coeff": -1
              },
              "End": {
                "Days": 1,
                "Coeff": -1
              },
              "UseEventEnd": false
            },
            "Occurrence": {
              "Type": 0,
              "Count": 0
            }
          }
        ],
        "DemographicCriteriaList": [],
        "Groups": []
      }
    }
  ],
  "EndStrategy": {
    "DateOffset": {
      "DateField": "StartDate",
      "Offset": 0
    }
  },
  "CensoringCriteria": [],
  "CollapseSettings": {
    "CollapseType": "ERA",
    "EraPad": 0
  },
  "CensorWindow": {},
  "cdmVersionRange": ">=5.0.0"
}
