{
  "cdmVersionRange": ">=5.0.0",
  "PrimaryCriteria": {
    "CriteriaList": [
      {
        "ConditionOccurrence": {
          "CodesetId": 0,
          "ConditionTypeExclude": false
        }
      }
    ],
    "ObservationWindow": {
      "PriorDays": 0,
      "PostDays": 0
    },
    "PrimaryCriteriaLimit": {
      "Type": "All"
    }
  },
  "AdditionalCriteria": {
    "Type": "ALL",
    "CriteriaList": [],
    "DemographicCriteriaList": [],
    "Groups": []
  },
  "ConceptSets": [
    {
      "id": 0,
      "name": "Cerebral venous sinus thrombosis concept set",
      "expression": {
        "items": [
          {
            "concept": {
              "CONCEPT_ID": 4111714,
              "CONCEPT_NAME": "Cerebral infarction due to cerebral venous thrombosis, non-pyogenic",
              "STANDARD_CONCEPT": "S",
              "STANDARD_CONCEPT_CAPTION": "Standard",
              "INVALID_REASON": "V",
              "INVALID_REASON_CAPTION": "Valid",
              "CONCEPT_CODE": "195230003",
              "DOMAIN_ID": "Condition",
              "VOCABULARY_ID": "SNOMED",
              "CONCEPT_CLASS_ID": "Clinical Finding"
            },
            "isExcluded": false,
            "includeDescendants": false,
            "includeMapped": false
          },
          {
            "concept": {
              "CONCEPT_ID": 4102202,
              "CONCEPT_NAME": "Cerebral venous sinus thrombosis",
              "STANDARD_CONCEPT": "S",
              "STANDARD_CONCEPT_CAPTION": "Standard",
              "INVALID_REASON": "V",
              "INVALID_REASON_CAPTION": "Valid",
              "CONCEPT_CODE": "192759008",
              "DOMAIN_ID": "Condition",
              "VOCABULARY_ID": "SNOMED",
              "CONCEPT_CLASS_ID": "Clinical Finding"
            },
            "isExcluded": false,
            "includeDescendants": false,
            "includeMapped": false
          },
          {
            "concept": {
              "CONCEPT_ID": 4046443,
              "CONCEPT_NAME": "Cerebral venous thrombosis of cortical vein",
              "STANDARD_CONCEPT": "S",
              "STANDARD_CONCEPT_CAPTION": "Standard",
              "INVALID_REASON": "V",
              "INVALID_REASON_CAPTION": "Valid",
              "CONCEPT_CODE": "230722002",
              "DOMAIN_ID": "Condition",
              "VOCABULARY_ID": "SNOMED",
              "CONCEPT_CLASS_ID": "Clinical Finding"
            },
            "isExcluded": false,
            "includeDescendants": false,
            "includeMapped": false
          },
          {
            "concept": {
              "CONCEPT_ID": 762938,
              "CONCEPT_NAME": "Cerebral venous thrombosis of cortical vein with infarction",
              "STANDARD_CONCEPT": "S",
              "STANDARD_CONCEPT_CAPTION": "Standard",
              "INVALID_REASON": "V",
              "INVALID_REASON_CAPTION": "Valid",
              "CONCEPT_CODE": "433971000124107",
              "DOMAIN_ID": "Condition",
              "VOCABULARY_ID": "SNOMED",
              "CONCEPT_CLASS_ID": "Clinical Finding"
            },
            "isExcluded": false,
            "includeDescendants": false,
            "includeMapped": false
          },
          {
            "concept": {
              "CONCEPT_ID": 762811,
              "CONCEPT_NAME": "Cerebral venous thrombosis of cortical vein without infarction",
              "STANDARD_CONCEPT": "S",
              "STANDARD_CONCEPT_CAPTION": "Standard",
              "INVALID_REASON": "V",
              "INVALID_REASON_CAPTION": "Valid",
              "CONCEPT_CODE": "432261000124102",
              "DOMAIN_ID": "Condition",
              "VOCABULARY_ID": "SNOMED",
              "CONCEPT_CLASS_ID": "Clinical Finding"
            },
            "isExcluded": false,
            "includeDescendants": false,
            "includeMapped": false
          },
          {
            "concept": {
              "CONCEPT_ID": 4048787,
              "CONCEPT_NAME": "Cerebral venous thrombosis of great cerebral vein",
              "STANDARD_CONCEPT": "S",
              "STANDARD_CONCEPT_CAPTION": "Standard",
              "INVALID_REASON": "V",
              "INVALID_REASON_CAPTION": "Valid",
              "CONCEPT_CODE": "230723007",
              "DOMAIN_ID": "Condition",
              "VOCABULARY_ID": "SNOMED",
              "CONCEPT_CLASS_ID": "Clinical Finding"
            },
            "isExcluded": false,
            "includeDescendants": false,
            "includeMapped": false
          },
          {
            "concept": {
              "CONCEPT_ID": 4048786,
              "CONCEPT_NAME": "Cerebral venous thrombosis of sigmoid sinus",
              "STANDARD_CONCEPT": "S",
              "STANDARD_CONCEPT_CAPTION": "Standard",
              "INVALID_REASON": "V",
              "INVALID_REASON_CAPTION": "Valid",
              "CONCEPT_CODE": "230721009",
              "DOMAIN_ID": "Condition",
              "VOCABULARY_ID": "SNOMED",
              "CONCEPT_CLASS_ID": "Clinical Finding"
            },
            "isExcluded": false,
            "includeDescendants": false,
            "includeMapped": false
          },
          {
            "concept": {
              "CONCEPT_ID": 4043735,
              "CONCEPT_NAME": "Cerebral venous thrombosis of straight sinus",
              "STANDARD_CONCEPT": "S",
              "STANDARD_CONCEPT_CAPTION": "Standard",
              "INVALID_REASON": "V",
              "INVALID_REASON_CAPTION": "Valid",
              "CONCEPT_CODE": "230720005",
              "DOMAIN_ID": "Condition",
              "VOCABULARY_ID": "SNOMED",
              "CONCEPT_CLASS_ID": "Clinical Finding"
            },
            "isExcluded": false,
            "includeDescendants": false,
            "includeMapped": false
          },
          {
            "concept": {
              "CONCEPT_ID": 4120316,
              "CONCEPT_NAME": "Intracranial septic thrombophlebitis",
              "STANDARD_CONCEPT": "S",
              "STANDARD_CONCEPT_CAPTION": "Standard",
              "INVALID_REASON": "V",
              "INVALID_REASON_CAPTION": "Valid",
              "CONCEPT_CODE": "302878004",
              "DOMAIN_ID": "Condition",
              "VOCABULARY_ID": "SNOMED",
              "CONCEPT_CLASS_ID": "Clinical Finding"
            },
            "isExcluded": false,
            "includeDescendants": false,
            "includeMapped": false
          },
          {
            "concept": {
              "CONCEPT_ID": 4194609,
              "CONCEPT_NAME": "Intracranial thrombophlebitis",
              "STANDARD_CONCEPT": "S",
              "STANDARD_CONCEPT_CAPTION": "Standard",
              "INVALID_REASON": "V",
              "INVALID_REASON_CAPTION": "Valid",
              "CONCEPT_CODE": "312586003",
              "DOMAIN_ID": "Condition",
              "VOCABULARY_ID": "SNOMED",
              "CONCEPT_CLASS_ID": "Clinical Finding"
            },
            "isExcluded": false,
            "includeDescendants": false,
            "includeMapped": false
          },
          {
            "concept": {
              "CONCEPT_ID": 4179912,
              "CONCEPT_NAME": "Intracranial venous thrombosis",
              "STANDARD_CONCEPT": "S",
              "STANDARD_CONCEPT_CAPTION": "Standard",
              "INVALID_REASON": "V",
              "INVALID_REASON_CAPTION": "Valid",
              "CONCEPT_CODE": "297157005",
              "DOMAIN_ID": "Condition",
              "VOCABULARY_ID": "SNOMED",
              "CONCEPT_CLASS_ID": "Clinical Finding"
            },
            "isExcluded": false,
            "includeDescendants": false,
            "includeMapped": false
          },
          {
            "concept": {
              "CONCEPT_ID": 4111713,
              "CONCEPT_NAME": "Non-pyogenic venous sinus thrombosis",
              "STANDARD_CONCEPT": "S",
              "STANDARD_CONCEPT_CAPTION": "Standard",
              "INVALID_REASON": "V",
              "INVALID_REASON_CAPTION": "Valid",
              "CONCEPT_CODE": "195229008",
              "DOMAIN_ID": "Condition",
              "VOCABULARY_ID": "SNOMED",
              "CONCEPT_CLASS_ID": "Clinical Finding"
            },
            "isExcluded": false,
            "includeDescendants": false,
            "includeMapped": false
          },
          {
            "concept": {
              "CONCEPT_ID": 314667,
              "CONCEPT_NAME": "Nonpyogenic thrombosis of intracranial venous sinus",
              "STANDARD_CONCEPT": "S",
              "STANDARD_CONCEPT_CAPTION": "Standard",
              "INVALID_REASON": "V",
              "INVALID_REASON_CAPTION": "Valid",
              "CONCEPT_CODE": "42970005",
              "DOMAIN_ID": "Condition",
              "VOCABULARY_ID": "SNOMED",
              "CONCEPT_CLASS_ID": "Clinical Finding"
            },
            "isExcluded": false,
            "includeDescendants": false,
            "includeMapped": false
          },
          {
            "concept": {
              "CONCEPT_ID": 764503,
              "CONCEPT_NAME": "Occlusion of cerebral vein by nonpyogenic thrombus",
              "STANDARD_CONCEPT": "S",
              "STANDARD_CONCEPT_CAPTION": "Standard",
              "INVALID_REASON": "V",
              "INVALID_REASON_CAPTION": "Valid",
              "CONCEPT_CODE": "455901000124101",
              "DOMAIN_ID": "Condition",
              "VOCABULARY_ID": "SNOMED",
              "CONCEPT_CLASS_ID": "Clinical Finding"
            },
            "isExcluded": false,
            "includeDescendants": false,
            "includeMapped": false
          },
          {
            "concept": {
              "CONCEPT_ID": 4116206,
              "CONCEPT_NAME": "Septic thrombophlebitis of cavernous sinus",
              "STANDARD_CONCEPT": "S",
              "STANDARD_CONCEPT_CAPTION": "Standard",
              "INVALID_REASON": "V",
              "INVALID_REASON_CAPTION": "Valid",
              "CONCEPT_CODE": "302879007",
              "DOMAIN_ID": "Condition",
              "VOCABULARY_ID": "SNOMED",
              "CONCEPT_CLASS_ID": "Clinical Finding"
            },
            "isExcluded": false,
            "includeDescendants": false,
            "includeMapped": false
          },
          {
            "concept": {
              "CONCEPT_ID": 4047634,
              "CONCEPT_NAME": "Septic thrombophlebitis of cortical vein",
              "STANDARD_CONCEPT": "S",
              "STANDARD_CONCEPT_CAPTION": "Standard",
              "INVALID_REASON": "V",
              "INVALID_REASON_CAPTION": "Valid",
              "CONCEPT_CODE": "230224002",
              "DOMAIN_ID": "Condition",
              "VOCABULARY_ID": "SNOMED",
              "CONCEPT_CLASS_ID": "Clinical Finding"
            },
            "isExcluded": false,
            "includeDescendants": false,
            "includeMapped": false
          },
          {
            "concept": {
              "CONCEPT_ID": 4043901,
              "CONCEPT_NAME": "Septic thrombophlebitis of great cerebral vein",
              "STANDARD_CONCEPT": "S",
              "STANDARD_CONCEPT_CAPTION": "Standard",
              "INVALID_REASON": "V",
              "INVALID_REASON_CAPTION": "Valid",
              "CONCEPT_CODE": "230225001",
              "DOMAIN_ID": "Condition",
              "VOCABULARY_ID": "SNOMED",
              "CONCEPT_CLASS_ID": "Clinical Finding"
            },
            "isExcluded": false,
            "includeDescendants": false,
            "includeMapped": false
          },
          {
            "concept": {
              "CONCEPT_ID": 4121335,
              "CONCEPT_NAME": "Septic thrombophlebitis of lateral sinus",
              "STANDARD_CONCEPT": "S",
              "STANDARD_CONCEPT_CAPTION": "Standard",
              "INVALID_REASON": "V",
              "INVALID_REASON_CAPTION": "Valid",
              "CONCEPT_CODE": "302881009",
              "DOMAIN_ID": "Condition",
              "VOCABULARY_ID": "SNOMED",
              "CONCEPT_CLASS_ID": "Clinical Finding"
            },
            "isExcluded": false,
            "includeDescendants": false,
            "includeMapped": false
          },
          {
            "concept": {
              "CONCEPT_ID": 4119136,
              "CONCEPT_NAME": "Septic thrombophlebitis of sagittal sinus",
              "STANDARD_CONCEPT": "S",
              "STANDARD_CONCEPT_CAPTION": "Standard",
              "INVALID_REASON": "V",
              "INVALID_REASON_CAPTION": "Valid",
              "CONCEPT_CODE": "302880005",
              "DOMAIN_ID": "Condition",
              "VOCABULARY_ID": "SNOMED",
              "CONCEPT_CLASS_ID": "Clinical Finding"
            },
            "isExcluded": false,
            "includeDescendants": false,
            "includeMapped": false
          },
          {
            "concept": {
              "CONCEPT_ID": 4041680,
              "CONCEPT_NAME": "Septic thrombophlebitis of sigmoid sinus",
              "STANDARD_CONCEPT": "S",
              "STANDARD_CONCEPT_CAPTION": "Standard",
              "INVALID_REASON": "V",
              "INVALID_REASON_CAPTION": "Valid",
              "CONCEPT_CODE": "230223008",
              "DOMAIN_ID": "Condition",
              "VOCABULARY_ID": "SNOMED",
              "CONCEPT_CLASS_ID": "Clinical Finding"
            },
            "isExcluded": false,
            "includeDescendants": false,
            "includeMapped": false
          },
          {
            "concept": {
              "CONCEPT_ID": 4100225,
              "CONCEPT_NAME": "Thrombophlebitis lateral venous sinus",
              "STANDARD_CONCEPT": "S",
              "STANDARD_CONCEPT_CAPTION": "Standard",
              "INVALID_REASON": "V",
              "INVALID_REASON_CAPTION": "Valid",
              "CONCEPT_CODE": "192772009",
              "DOMAIN_ID": "Condition",
              "VOCABULARY_ID": "SNOMED",
              "CONCEPT_CLASS_ID": "Clinical Finding"
            },
            "isExcluded": false,
            "includeDescendants": false,
            "includeMapped": false
          },
          {
            "concept": {
              "CONCEPT_ID": 764716,
              "CONCEPT_NAME": "Thrombophlebitis of basal vein of Rosenthal",
              "STANDARD_CONCEPT": "S",
              "STANDARD_CONCEPT_CAPTION": "Standard",
              "INVALID_REASON": "V",
              "INVALID_REASON_CAPTION": "Valid",
              "CONCEPT_CODE": "5531000124101",
              "DOMAIN_ID": "Condition",
              "VOCABULARY_ID": "SNOMED",
              "CONCEPT_CLASS_ID": "Clinical Finding"
            },
            "isExcluded": false,
            "includeDescendants": false,
            "includeMapped": false
          },
          {
            "concept": {
              "CONCEPT_ID": 4217471,
              "CONCEPT_NAME": "Thrombophlebitis of basilar sinus",
              "STANDARD_CONCEPT": "S",
              "STANDARD_CONCEPT_CAPTION": "Standard",
              "INVALID_REASON": "V",
              "INVALID_REASON_CAPTION": "Valid",
              "CONCEPT_CODE": "8166000",
              "DOMAIN_ID": "Condition",
              "VOCABULARY_ID": "SNOMED",
              "CONCEPT_CLASS_ID": "Clinical Finding"
            },
            "isExcluded": false,
            "includeDescendants": false,
            "includeMapped": false
          },
          {
            "concept": {
              "CONCEPT_ID": 4104695,
              "CONCEPT_NAME": "Thrombophlebitis of cavernous sinus",
              "STANDARD_CONCEPT": "S",
              "STANDARD_CONCEPT_CAPTION": "Standard",
              "INVALID_REASON": "V",
              "INVALID_REASON_CAPTION": "Valid",
              "CONCEPT_CODE": "192770001",
              "DOMAIN_ID": "Condition",
              "VOCABULARY_ID": "SNOMED",
              "CONCEPT_CLASS_ID": "Clinical Finding"
            },
            "isExcluded": false,
            "includeDescendants": false,
            "includeMapped": false
          },
          {
            "concept": {
              "CONCEPT_ID": 4319332,
              "CONCEPT_NAME": "Thrombophlebitis of cerebral vein",
              "STANDARD_CONCEPT": "S",
              "STANDARD_CONCEPT_CAPTION": "Standard",
              "INVALID_REASON": "V",
              "INVALID_REASON_CAPTION": "Valid",
              "CONCEPT_CODE": "95461006",
              "DOMAIN_ID": "Condition",
              "VOCABULARY_ID": "SNOMED",
              "CONCEPT_CLASS_ID": "Clinical Finding"
            },
            "isExcluded": false,
            "includeDescendants": false,
            "includeMapped": false
          },
          {
            "concept": {
              "CONCEPT_ID": 4167985,
              "CONCEPT_NAME": "Thrombophlebitis of inferior sagittal sinus",
              "STANDARD_CONCEPT": "S",
              "STANDARD_CONCEPT_CAPTION": "Standard",
              "INVALID_REASON": "V",
              "INVALID_REASON_CAPTION": "Valid",
              "CONCEPT_CODE": "48248005",
              "DOMAIN_ID": "Condition",
              "VOCABULARY_ID": "SNOMED",
              "CONCEPT_CLASS_ID": "Clinical Finding"
            },
            "isExcluded": false,
            "includeDescendants": false,
            "includeMapped": false
          },
          {
            "concept": {
              "CONCEPT_ID": 764712,
              "CONCEPT_NAME": "Thrombophlebitis of internal cerebral vein",
              "STANDARD_CONCEPT": "S",
              "STANDARD_CONCEPT_CAPTION": "Standard",
              "INVALID_REASON": "V",
              "INVALID_REASON_CAPTION": "Valid",
              "CONCEPT_CODE": "5501000124109",
              "DOMAIN_ID": "Condition",
              "VOCABULARY_ID": "SNOMED",
              "CONCEPT_CLASS_ID": "Clinical Finding"
            },
            "isExcluded": false,
            "includeDescendants": false,
            "includeMapped": false
          },
          {
            "concept": {
              "CONCEPT_ID": 764714,
              "CONCEPT_NAME": "Thrombophlebitis of sigmoid sinus",
              "STANDARD_CONCEPT": "S",
              "STANDARD_CONCEPT_CAPTION": "Standard",
              "INVALID_REASON": "V",
              "INVALID_REASON_CAPTION": "Valid",
              "CONCEPT_CODE": "5511000124107",
              "DOMAIN_ID": "Condition",
              "VOCABULARY_ID": "SNOMED",
              "CONCEPT_CLASS_ID": "Clinical Finding"
            },
            "isExcluded": false,
            "includeDescendants": false,
            "includeMapped": false
          },
          {
            "concept": {
              "CONCEPT_ID": 764708,
              "CONCEPT_NAME": "Thrombophlebitis of straight sinus",
              "STANDARD_CONCEPT": "S",
              "STANDARD_CONCEPT_CAPTION": "Standard",
              "INVALID_REASON": "V",
              "INVALID_REASON_CAPTION": "Valid",
              "CONCEPT_CODE": "5481000124104",
              "DOMAIN_ID": "Condition",
              "VOCABULARY_ID": "SNOMED",
              "CONCEPT_CLASS_ID": "Clinical Finding"
            },
            "isExcluded": false,
            "includeDescendants": false,
            "includeMapped": false
          },
          {
            "concept": {
              "CONCEPT_ID": 763149,
              "CONCEPT_NAME": "Thrombophlebitis of superior anastomotic vein",
              "STANDARD_CONCEPT": "S",
              "STANDARD_CONCEPT_CAPTION": "Standard",
              "INVALID_REASON": "V",
              "INVALID_REASON_CAPTION": "Valid",
              "CONCEPT_CODE": "436591000124109",
              "DOMAIN_ID": "Condition",
              "VOCABULARY_ID": "SNOMED",
              "CONCEPT_CLASS_ID": "Clinical Finding"
            },
            "isExcluded": false,
            "includeDescendants": false,
            "includeMapped": false
          },
          {
            "concept": {
              "CONCEPT_ID": 4100224,
              "CONCEPT_NAME": "Thrombophlebitis of superior longitudinal venous sinus",
              "STANDARD_CONCEPT": "S",
              "STANDARD_CONCEPT_CAPTION": "Standard",
              "INVALID_REASON": "V",
              "INVALID_REASON_CAPTION": "Valid",
              "CONCEPT_CODE": "192771002",
              "DOMAIN_ID": "Condition",
              "VOCABULARY_ID": "SNOMED",
              "CONCEPT_CLASS_ID": "Clinical Finding"
            },
            "isExcluded": false,
            "includeDescendants": false,
            "includeMapped": false
          },
          {
            "concept": {
              "CONCEPT_ID": 4098706,
              "CONCEPT_NAME": "Thrombophlebitis of superior sagittal sinus",
              "STANDARD_CONCEPT": "S",
              "STANDARD_CONCEPT_CAPTION": "Standard",
              "INVALID_REASON": "V",
              "INVALID_REASON_CAPTION": "Valid",
              "CONCEPT_CODE": "26954004",
              "DOMAIN_ID": "Condition",
              "VOCABULARY_ID": "SNOMED",
              "CONCEPT_CLASS_ID": "Clinical Finding"
            },
            "isExcluded": false,
            "includeDescendants": false,
            "includeMapped": false
          },
          {
            "concept": {
              "CONCEPT_ID": 4277833,
              "CONCEPT_NAME": "Thrombophlebitis of torcular Herophili",
              "STANDARD_CONCEPT": "S",
              "STANDARD_CONCEPT_CAPTION": "Standard",
              "INVALID_REASON": "V",
              "INVALID_REASON_CAPTION": "Valid",
              "CONCEPT_CODE": "3681008",
              "DOMAIN_ID": "Condition",
              "VOCABULARY_ID": "SNOMED",
              "CONCEPT_CLASS_ID": "Clinical Finding"
            },
            "isExcluded": false,
            "includeDescendants": false,
            "includeMapped": false
          },
          {
            "concept": {
              "CONCEPT_ID": 764710,
              "CONCEPT_NAME": "Thrombophlebitis of transverse sinus",
              "STANDARD_CONCEPT": "S",
              "STANDARD_CONCEPT_CAPTION": "Standard",
              "INVALID_REASON": "V",
              "INVALID_REASON_CAPTION": "Valid",
              "CONCEPT_CODE": "5491000124101",
              "DOMAIN_ID": "Condition",
              "VOCABULARY_ID": "SNOMED",
              "CONCEPT_CLASS_ID": "Clinical Finding"
            },
            "isExcluded": false,
            "includeDescendants": false,
            "includeMapped": false
          },
          {
            "concept": {
              "CONCEPT_ID": 764726,
              "CONCEPT_NAME": "Thrombosis of basal vein",
              "STANDARD_CONCEPT": "S",
              "STANDARD_CONCEPT_CAPTION": "Standard",
              "INVALID_REASON": "V",
              "INVALID_REASON_CAPTION": "Valid",
              "CONCEPT_CODE": "5611000124108",
              "DOMAIN_ID": "Condition",
              "VOCABULARY_ID": "SNOMED",
              "CONCEPT_CLASS_ID": "Clinical Finding"
            },
            "isExcluded": false,
            "includeDescendants": false,
            "includeMapped": false
          },
          {
            "concept": {
              "CONCEPT_ID": 4228209,
              "CONCEPT_NAME": "Thrombosis of basilar sinus",
              "STANDARD_CONCEPT": "S",
              "STANDARD_CONCEPT_CAPTION": "Standard",
              "INVALID_REASON": "V",
              "INVALID_REASON_CAPTION": "Valid",
              "CONCEPT_CODE": "88922007",
              "DOMAIN_ID": "Condition",
              "VOCABULARY_ID": "SNOMED",
              "CONCEPT_CLASS_ID": "Clinical Finding"
            },
            "isExcluded": false,
            "includeDescendants": false,
            "includeMapped": false
          },
          {
            "concept": {
              "CONCEPT_ID": 4234264,
              "CONCEPT_NAME": "Thrombosis of cavernous venous sinus",
              "STANDARD_CONCEPT": "S",
              "STANDARD_CONCEPT_CAPTION": "Standard",
              "INVALID_REASON": "V",
              "INVALID_REASON_CAPTION": "Valid",
              "CONCEPT_CODE": "89980009",
              "DOMAIN_ID": "Condition",
              "VOCABULARY_ID": "SNOMED",
              "CONCEPT_CLASS_ID": "Clinical Finding"
            },
            "isExcluded": false,
            "includeDescendants": false,
            "includeMapped": false
          },
          {
            "concept": {
              "CONCEPT_ID": 762828,
              "CONCEPT_NAME": "Thrombosis of cerebral medullary veins",
              "STANDARD_CONCEPT": "S",
              "STANDARD_CONCEPT_CAPTION": "Standard",
              "INVALID_REASON": "V",
              "INVALID_REASON_CAPTION": "Valid",
              "CONCEPT_CODE": "432481000124106",
              "DOMAIN_ID": "Condition",
              "VOCABULARY_ID": "SNOMED",
              "CONCEPT_CLASS_ID": "Clinical Finding"
            },
            "isExcluded": false,
            "includeDescendants": false,
            "includeMapped": false
          },
          {
            "concept": {
              "CONCEPT_ID": 4319329,
              "CONCEPT_NAME": "Thrombosis of cerebral veins",
              "STANDARD_CONCEPT": "S",
              "STANDARD_CONCEPT_CAPTION": "Standard",
              "INVALID_REASON": "V",
              "INVALID_REASON_CAPTION": "Valid",
              "CONCEPT_CODE": "95455008",
              "DOMAIN_ID": "Condition",
              "VOCABULARY_ID": "SNOMED",
              "CONCEPT_CLASS_ID": "Clinical Finding"
            },
            "isExcluded": false,
            "includeDescendants": false,
            "includeMapped": false
          },
          {
            "concept": {
              "CONCEPT_ID": 4048890,
              "CONCEPT_NAME": "Thrombosis of inferior sagittal sinus",
              "STANDARD_CONCEPT": "S",
              "STANDARD_CONCEPT_CAPTION": "Standard",
              "INVALID_REASON": "V",
              "INVALID_REASON_CAPTION": "Valid",
              "CONCEPT_CODE": "15742000",
              "DOMAIN_ID": "Condition",
              "VOCABULARY_ID": "SNOMED",
              "CONCEPT_CLASS_ID": "Clinical Finding"
            },
            "isExcluded": false,
            "includeDescendants": false,
            "includeMapped": false
          },
          {
            "concept": {
              "CONCEPT_ID": 4057329,
              "CONCEPT_NAME": "Thrombosis of lateral venous sinus",
              "STANDARD_CONCEPT": "S",
              "STANDARD_CONCEPT_CAPTION": "Standard",
              "INVALID_REASON": "V",
              "INVALID_REASON_CAPTION": "Valid",
              "CONCEPT_CODE": "21258007",
              "DOMAIN_ID": "Condition",
              "VOCABULARY_ID": "SNOMED",
              "CONCEPT_CLASS_ID": "Clinical Finding"
            },
            "isExcluded": false,
            "includeDescendants": false,
            "includeMapped": false
          },
          {
            "concept": {
              "CONCEPT_ID": 764723,
              "CONCEPT_NAME": "Thrombosis of superior anastomotic vein",
              "STANDARD_CONCEPT": "S",
              "STANDARD_CONCEPT_CAPTION": "Standard",
              "INVALID_REASON": "V",
              "INVALID_REASON_CAPTION": "Valid",
              "CONCEPT_CODE": "5591000124102",
              "DOMAIN_ID": "Condition",
              "VOCABULARY_ID": "SNOMED",
              "CONCEPT_CLASS_ID": "Clinical Finding"
            },
            "isExcluded": false,
            "includeDescendants": false,
            "includeMapped": false
          },
          {
            "concept": {
              "CONCEPT_ID": 4102203,
              "CONCEPT_NAME": "Thrombosis of superior longitudinal sinus",
              "STANDARD_CONCEPT": "S",
              "STANDARD_CONCEPT_CAPTION": "Standard",
              "INVALID_REASON": "V",
              "INVALID_REASON_CAPTION": "Valid",
              "CONCEPT_CODE": "192760003",
              "DOMAIN_ID": "Condition",
              "VOCABULARY_ID": "SNOMED",
              "CONCEPT_CLASS_ID": "Clinical Finding"
            },
            "isExcluded": false,
            "includeDescendants": false,
            "includeMapped": false
          },
          {
            "concept": {
              "CONCEPT_ID": 4290940,
              "CONCEPT_NAME": "Thrombosis of superior sagittal sinus",
              "STANDARD_CONCEPT": "S",
              "STANDARD_CONCEPT_CAPTION": "Standard",
              "INVALID_REASON": "V",
              "INVALID_REASON_CAPTION": "Valid",
              "CONCEPT_CODE": "70607008",
              "DOMAIN_ID": "Condition",
              "VOCABULARY_ID": "SNOMED",
              "CONCEPT_CLASS_ID": "Clinical Finding"
            },
            "isExcluded": false,
            "includeDescendants": false,
            "includeMapped": false
          },
          {
            "concept": {
              "CONCEPT_ID": 4079905,
              "CONCEPT_NAME": "Thrombosis of torcular Herophili",
              "STANDARD_CONCEPT": "S",
              "STANDARD_CONCEPT_CAPTION": "Standard",
              "INVALID_REASON": "V",
              "INVALID_REASON_CAPTION": "Valid",
              "CONCEPT_CODE": "18322005",
              "DOMAIN_ID": "Condition",
              "VOCABULARY_ID": "SNOMED",
              "CONCEPT_CLASS_ID": "Clinical Finding"
            },
            "isExcluded": false,
            "includeDescendants": false,
            "includeMapped": false
          },
          {
            "concept": {
              "CONCEPT_ID": 4105338,
              "CONCEPT_NAME": "Thrombosis transverse sinus",
              "STANDARD_CONCEPT": "S",
              "STANDARD_CONCEPT_CAPTION": "Standard",
              "INVALID_REASON": "V",
              "INVALID_REASON_CAPTION": "Valid",
              "CONCEPT_CODE": "192761004",
              "DOMAIN_ID": "Condition",
              "VOCABULARY_ID": "SNOMED",
              "CONCEPT_CLASS_ID": "Clinical Finding"
            },
            "isExcluded": false,
            "includeDescendants": false,
            "includeMapped": false
          }
        ]
      }
    }
  ],
  "QualifiedLimit": {
    "Type": "All"
  },
  "ExpressionLimit": {
    "Type": "All"
  },
  "InclusionRules": [],
  "EndStrategy": {
    "DateOffset": {
      "DateField": "StartDate",
      "Offset": 0
    }
  },
  "CensoringCriteria": [],
  "CollapseSettings": {
    "CollapseType": "ERA",
    "EraPad": 30
  },
  "CensorWindow": {}
}
