{
  "ConceptSets": [
    {
      "id": 0,
      "name": "ER_LongCov_6_Primary_Immunodeficiency",
      "expression": {
        "items": [
          {
            "concept": {
              "CONCEPT_CLASS_ID": "Clinical Finding",
              "CONCEPT_CODE": "58606001",
              "CONCEPT_ID": 4239314,
              "CONCEPT_NAME": "Primary immune deficiency disorder",
              "DOMAIN_ID": "Condition",
              "INVALID_REASON": "V",
              "INVALID_REASON_CAPTION": "Valid",
              "STANDARD_CONCEPT": "S",
              "STANDARD_CONCEPT_CAPTION": "Standard",
              "VOCABULARY_ID": "SNOMED"
            },
            "includeDescendants": true
          },
          {
            "concept": {
              "CONCEPT_CLASS_ID": "Clinical Finding",
              "CONCEPT_CODE": "29260007",
              "CONCEPT_ID": 4163333,
              "CONCEPT_NAME": "Immunoglobulin A deficiency",
              "DOMAIN_ID": "Condition",
              "INVALID_REASON": "V",
              "INVALID_REASON_CAPTION": "Valid",
              "STANDARD_CONCEPT": "S",
              "STANDARD_CONCEPT_CAPTION": "Standard",
              "VOCABULARY_ID": "SNOMED"
            },
            "isExcluded": true,
            "includeDescendants": true
          },
          {
            "concept": {
              "CONCEPT_CLASS_ID": "Clinical Finding",
              "CONCEPT_CODE": "234556002",
              "CONCEPT_ID": 4121284,
              "CONCEPT_NAME": "Specific antibody deficiency",
              "DOMAIN_ID": "Condition",
              "INVALID_REASON": "V",
              "INVALID_REASON_CAPTION": "Valid",
              "STANDARD_CONCEPT": "S",
              "STANDARD_CONCEPT_CAPTION": "Standard",
              "VOCABULARY_ID": "SNOMED"
            },
            "isExcluded": true,
            "includeDescendants": true
          }
        ]
      }
    },
    {
      "id": 1,
      "name": "ER_LongCov_7_HIV_infection",
      "expression": {
        "items": [
          {
            "concept": {
              "CONCEPT_CLASS_ID": "Clinical Finding",
              "CONCEPT_CODE": "86406008",
              "CONCEPT_ID": 439727,
              "CONCEPT_NAME": "Human immunodeficiency virus infection",
              "DOMAIN_ID": "Condition",
              "INVALID_REASON": "V",
              "INVALID_REASON_CAPTION": "Valid",
              "STANDARD_CONCEPT": "S",
              "STANDARD_CONCEPT_CAPTION": "Standard",
              "VOCABULARY_ID": "SNOMED"
            },
            "includeDescendants": true
          },
          {
            "concept": {
              "CONCEPT_CLASS_ID": "Clinical Finding",
              "CONCEPT_CODE": "79019005",
              "CONCEPT_ID": 432554,
              "CONCEPT_NAME": "Human immunodeficiency virus II infection",
              "DOMAIN_ID": "Condition",
              "INVALID_REASON": "V",
              "INVALID_REASON_CAPTION": "Valid",
              "STANDARD_CONCEPT": "S",
              "STANDARD_CONCEPT_CAPTION": "Standard",
              "VOCABULARY_ID": "SNOMED"
            },
            "includeDescendants": true
          },
          {
            "concept": {
              "CONCEPT_CLASS_ID": "Clinical Finding",
              "CONCEPT_CODE": "699433000",
              "CONCEPT_ID": 44783356,
              "CONCEPT_NAME": "Human immunodeficiency virus carrier",
              "DOMAIN_ID": "Condition",
              "INVALID_REASON": "V",
              "INVALID_REASON_CAPTION": "Valid",
              "STANDARD_CONCEPT": "S",
              "STANDARD_CONCEPT_CAPTION": "Standard",
              "VOCABULARY_ID": "SNOMED"
            },
            "includeDescendants": true
          },
          {
            "concept": {
              "CONCEPT_CLASS_ID": "Clinical Finding",
              "CONCEPT_CODE": "165815009",
              "CONCEPT_ID": 4013105,
              "CONCEPT_NAME": "HIV negative",
              "DOMAIN_ID": "Measurement",
              "INVALID_REASON": "V",
              "INVALID_REASON_CAPTION": "Valid",
              "STANDARD_CONCEPT": "S",
              "STANDARD_CONCEPT_CAPTION": "Standard",
              "VOCABULARY_ID": "SNOMED"
            },
            "isExcluded": true,
            "includeDescendants": true
          },
          {
            "concept": {
              "CONCEPT_CLASS_ID": "Clinical Finding",
              "CONCEPT_CODE": "365866002",
              "CONCEPT_ID": 4276586,
              "CONCEPT_NAME": "Finding of HIV status",
              "DOMAIN_ID": "Measurement",
              "INVALID_REASON": "V",
              "INVALID_REASON_CAPTION": "Valid",
              "STANDARD_CONCEPT": "S",
              "STANDARD_CONCEPT_CAPTION": "Standard",
              "VOCABULARY_ID": "SNOMED"
            },
            "includeDescendants": true
          },
          {
            "concept": {
              "CONCEPT_CLASS_ID": "Clinical Finding",
              "CONCEPT_CODE": "713972008",
              "CONCEPT_ID": 37017660,
              "CONCEPT_NAME": "False positive serology for human immunodeficiency virus antibody",
              "DOMAIN_ID": "Measurement",
              "INVALID_REASON": "V",
              "INVALID_REASON_CAPTION": "Valid",
              "STANDARD_CONCEPT": "S",
              "STANDARD_CONCEPT_CAPTION": "Standard",
              "VOCABULARY_ID": "SNOMED"
            },
            "isExcluded": true
          },
          {
            "concept": {
              "CONCEPT_CLASS_ID": "Clinical Finding",
              "CONCEPT_CODE": "719727000",
              "CONCEPT_ID": 36714477,
              "CONCEPT_NAME": "Human immunodeficiency virus 1 antibody indeterminate",
              "DOMAIN_ID": "Measurement",
              "INVALID_REASON": "V",
              "INVALID_REASON_CAPTION": "Valid",
              "STANDARD_CONCEPT": "S",
              "STANDARD_CONCEPT_CAPTION": "Standard",
              "VOCABULARY_ID": "SNOMED"
            },
            "isExcluded": true
          },
          {
            "concept": {
              "CONCEPT_CLASS_ID": "Clinical Finding",
              "CONCEPT_CODE": "719767004",
              "CONCEPT_ID": 36714505,
              "CONCEPT_NAME": "Human immunodeficiency virus 2 antibody indeterminate",
              "DOMAIN_ID": "Measurement",
              "INVALID_REASON": "V",
              "INVALID_REASON_CAPTION": "Valid",
              "STANDARD_CONCEPT": "S",
              "STANDARD_CONCEPT_CAPTION": "Standard",
              "VOCABULARY_ID": "SNOMED"
            },
            "isExcluded": true
          }
        ]
      }
    }
  ],
  "PrimaryCriteria": {
    "CriteriaList": [
      {
        "ConditionOccurrence": {
          "CodesetId": 0
        }
      },
      {
        "ConditionOccurrence": {
          "CodesetId": 1
        }
      },
      {
        "Measurement": {
          "CodesetId": 1,
          "ValueAsConcept": [
            {
              "CONCEPT_CODE": "10828004",
              "CONCEPT_ID": 9191,
              "CONCEPT_NAME": "Positive",
              "DOMAIN_ID": "Meas Value",
              "INVALID_REASON_CAPTION": "Unknown",
              "STANDARD_CONCEPT_CAPTION": "Unknown",
              "VOCABULARY_ID": "SNOMED"
            },
            {
              "CONCEPT_CODE": "260373001",
              "CONCEPT_ID": 4126681,
              "CONCEPT_NAME": "Detected",
              "DOMAIN_ID": "Meas Value",
              "INVALID_REASON_CAPTION": "Unknown",
              "STANDARD_CONCEPT_CAPTION": "Unknown",
              "VOCABULARY_ID": "SNOMED"
            }
          ]
        }
      },
      {
        "Observation": {
          "CodesetId": 1,
          "ValueAsConcept": [
            {
              "CONCEPT_CODE": "10828004",
              "CONCEPT_ID": 9191,
              "CONCEPT_NAME": "Positive",
              "DOMAIN_ID": "Meas Value",
              "INVALID_REASON_CAPTION": "Unknown",
              "STANDARD_CONCEPT_CAPTION": "Unknown",
              "VOCABULARY_ID": "SNOMED"
            },
            {
              "CONCEPT_CODE": "260373001",
              "CONCEPT_ID": 4126681,
              "CONCEPT_NAME": "Detected",
              "DOMAIN_ID": "Meas Value",
              "INVALID_REASON_CAPTION": "Unknown",
              "STANDARD_CONCEPT_CAPTION": "Unknown",
              "VOCABULARY_ID": "SNOMED"
            }
          ]
        }
      }
    ],
    "ObservationWindow": {
      "PriorDays": 0,
      "PostDays": 0
    },
    "PrimaryCriteriaLimit": {
      "Type": "First"
    }
  },
  "QualifiedLimit": {
    "Type": "First"
  },
  "ExpressionLimit": {
    "Type": "First"
  },
  "InclusionRules": [],
  "CensoringCriteria": [],
  "CollapseSettings": {
    "CollapseType": "ERA",
    "EraPad": 0
  },
  "CensorWindow": {},
  "cdmVersionRange": ">=5.0.0"
}